Date,Open,High,Low,Close,Volume
1996-01-02,101.4633,101.4633,101.4633,101.4633,
1996-01-03,103.5006,103.5006,103.5006,103.5006,
1996-01-04,103.411,103.411,103.411,103.411,
1996-01-05,103.0309,103.0309,103.0309,103.0309,
1996-01-08,103.9631,103.9631,103.9631,103.9631,
1996-01-09,103.4211,103.4211,103.4211,103.4211,
1996-01-10,102.0742,102.0742,102.0742,102.0742,
1996-01-11,103.0205,103.0205,103.0205,103.0205,
1996-01-12,102.6329,102.6329,102.6329,102.6329,
1996-01-15,101.4764,101.4764,101.4764,101.4764,
1996-01-16,101.2782,101.2782,101.2782,101.2782,
1996-01-17,100.9799,100.9799,100.9799,100.9799,
1996-01-18,101.7239,101.7239,101.7239,101.7239,
1996-01-19,101.803,101.803,101.803,101.803,
1996-01-22,101.5831,101.5831,101.5831,101.5831,
1996-01-23,101.1576,101.1576,101.1576,101.1576,
1996-01-24,101.3914,101.3914,101.3914,101.3914,
1996-01-25,101.4437,101.4437,101.4437,101.4437,
1996-01-26,101.0564,101.0564,101.0564,101.0564,
1996-01-29,100.6752,100.6752,100.6752,100.6752,
1996-01-30,100.5267,100.5267,100.5267,100.5267,
1996-01-31,101.2275,101.2275,101.2275,101.2275,
1996-02-01,101.7404,101.7404,101.7404,101.7404,
1996-02-02,102.4151,102.4151,102.4151,102.4151,
1996-02-05,101.97,101.97,101.97,101.97,
1996-02-06,102.0807,102.0807,102.0807,102.0807,
1996-02-07,102.4804,102.4804,102.4804,102.4804,
1996-02-08,102.4683,102.4683,102.4683,102.4683,
1996-02-09,102.4913,102.4913,102.4913,102.4913,
1996-02-12,102.6338,102.6338,102.6338,102.6338,
1996-02-13,102.9874,102.9874,102.9874,102.9874,
1996-02-14,103.1989,103.1989,103.1989,103.1989,
1996-02-15,103.0577,103.0577,103.0577,103.0577,
1996-02-16,103.3398,103.3398,103.3398,103.3398,
1996-02-19,102.2627,102.2627,102.2627,102.2627,
1996-02-20,102.111,102.111,102.111,102.111,
1996-02-21,103.4606,103.4606,103.4606,103.4606,
1996-02-22,104.6018,104.6018,104.6018,104.6018,
1996-02-23,105.1772,105.1772,105.1772,105.1772,
1996-02-26,104.4177,104.4177,104.4177,104.4177,
1996-02-27,103.6669,103.6669,103.6669,103.6669,
1996-02-28,103.1445,103.1445,103.1445,103.1445,
1996-02-29,102.436,102.436,102.436,102.436,
1996-03-01,104.3164,104.3164,104.3164,104.3164,
1996-03-04,104.6584,104.6584,104.6584,104.6584,
1996-03-05,104.7569,104.7569,104.7569,104.7569,
1996-03-06,104.6419,104.6419,104.6419,104.6419,
1996-03-07,104.5595,104.5595,104.5595,104.5595,
1996-03-08,103.5105,103.5105,103.5105,103.5105,
1996-03-11,103.0259,103.0259,103.0259,103.0259,
1996-03-12,103.4358,103.4358,103.4358,103.4358,
1996-03-13,103.4705,103.4705,103.4705,103.4705,
1996-03-14,103.8715,103.8715,103.8715,103.8715,
1996-03-15,103.9304,103.9304,103.9304,103.9304,
1996-03-18,104.8336,104.8336,104.8336,104.8336,
1996-03-19,105.1959,105.1959,105.1959,105.1959,
1996-03-20,104.2977,104.2977,104.2977,104.2977,
1996-03-21,104.3795,104.3795,104.3795,104.3795,
1996-03-22,104.4952,104.4952,104.4952,104.4952,
1996-03-25,104.6598,104.6598,104.6598,104.6598,
1996-03-26,104.0629,104.0629,104.0629,104.0629,
1996-03-27,104.4638,104.4638,104.4638,104.4638,
1996-03-28,103.7338,103.7338,103.7338,103.7338,
1996-03-29,103.3784,103.3784,103.3784,103.3784,
1996-04-01,103.7287,103.7287,103.7287,103.7287,
1996-04-02,104.3136,104.3136,104.3136,104.3136,
1996-04-03,104.377,104.377,104.377,104.377,
1996-04-09,104.9074,104.9074,104.9074,104.9074,
1996-04-10,106.4289,106.4289,106.4289,106.4289,
1996-04-11,107.2376,107.2376,107.2376,107.2376,
1996-04-12,108.0997,108.0997,108.0997,108.0997,
1996-04-15,108.7497,108.7497,108.7497,108.7497,
1996-04-16,107.9606,107.9606,107.9606,107.9606,
1996-04-17,107.9246,107.9246,107.9246,107.9246,
1996-04-18,108.6789,108.6789,108.6789,108.6789,
1996-04-19,109.2464,109.2464,109.2464,109.2464,
1996-04-22,110.3263,110.3263,110.3263,110.3263,
1996-04-23,110.6708,110.6708,110.6708,110.6708,
1996-04-24,110.6813,110.6813,110.6813,110.6813,
1996-04-25,111.7399,111.7399,111.7399,111.7399,
1996-04-26,112.7369,112.7369,112.7369,112.7369,
1996-04-29,112.9898,112.9898,112.9898,112.9898,
1996-04-30,112.2236,112.2236,112.2236,112.2236,
1996-05-02,111.9082,111.9082,111.9082,111.9082,
1996-05-03,111.0691,111.0691,111.0691,111.0691,
1996-05-06,110.176,110.176,110.176,110.176,
1996-05-07,110.1288,110.1288,110.1288,110.1288,
1996-05-08,108.8643,108.8643,108.8643,108.8643,
1996-05-09,109.2363,109.2363,109.2363,109.2363,
1996-05-10,109.9385,109.9385,109.9385,109.9385,
1996-05-13,110.254,110.254,110.254,110.254,
1996-05-14,110.2653,110.2653,110.2653,110.2653,
1996-05-15,109.6796,109.6796,109.6796,109.6796,
1996-05-20,109.7676,109.7676,109.7676,109.7676,
1996-05-21,111.1835,111.1835,111.1835,111.1835,
1996-05-22,111.0391,111.0391,111.0391,111.0391,
1996-05-23,111.5549,111.5549,111.5549,111.5549,
1996-05-24,111.9014,111.9014,111.9014,111.9014,
1996-05-28,112.4365,112.4365,112.4365,112.4365,
1996-05-29,113.196,113.196,113.196,113.196,
1996-05-30,112.8432,112.8432,112.8432,112.8432,
1996-05-31,113.1924,113.1924,113.1924,113.1924,
1996-06-03,112.8478,112.8478,112.8478,112.8478,
1996-06-04,113.817,113.817,113.817,113.817,
1996-06-05,114.0997,114.0997,114.0997,114.0997,
1996-06-06,114.1813,114.1813,114.1813,114.1813,
1996-06-07,113.2703,113.2703,113.2703,113.2703,
1996-06-10,115.4212,115.4212,115.4212,115.4212,
1996-06-11,115.7266,115.7266,115.7266,115.7266,
1996-06-12,115.8204,115.8204,115.8204,115.8204,
1996-06-13,115.3602,115.3602,115.3602,115.3602,
1996-06-14,114.9533,114.9533,114.9533,114.9533,
1996-06-17,115.0146,115.0146,115.0146,115.0146,
1996-06-18,115.0507,115.0507,115.0507,115.0507,
1996-06-19,114.631,114.631,114.631,114.631,
1996-06-20,114.464,114.464,114.464,114.464,
1996-06-21,114.2965,114.2965,114.2965,114.2965,
1996-06-24,115.338,115.338,115.338,115.338,
1996-06-25,113.9672,113.9672,113.9672,113.9672,
1996-06-26,114.596,114.596,114.596,114.596,
1996-06-27,113.7619,113.7619,113.7619,113.7619,
1996-06-28,114.3976,114.3976,114.3976,114.3976,
1996-07-01,115.5671,115.5671,115.5671,115.5671,
1996-07-02,116.176,116.176,116.176,116.176,
1996-07-03,115.9912,115.9912,115.9912,115.9912,
1996-07-04,116.6872,116.6872,116.6872,116.6872,
1996-07-05,116.0541,116.0541,116.0541,116.0541,
1996-07-08,114.9749,114.9749,114.9749,114.9749,
1996-07-09,116.2212,116.2212,116.2212,116.2212,
1996-07-10,116.6739,116.6739,116.6739,116.6739,
1996-07-11,116.3829,116.3829,116.3829,116.3829,
1996-07-12,115.2223,115.2223,115.2223,115.2223,
1996-07-15,114.8755,114.8755,114.8755,114.8755,
1996-07-16,112.4461,112.4461,112.4461,112.4461,
1996-07-17,112.3772,112.3772,112.3772,112.3772,
1996-07-18,111.7774,111.7774,111.7774,111.7774,
1996-07-19,112.7009,112.7009,112.7009,112.7009,
1996-07-22,111.97,111.97,111.97,111.97,
1996-07-23,112.5733,112.5733,112.5733,112.5733,
1996-07-24,110.5576,110.5576,110.5576,110.5576,
1996-07-25,111.3181,111.3181,111.3181,111.3181,
1996-07-26,111.1758,111.1758,111.1758,111.1758,
1996-07-29,111.5645,111.5645,111.5645,111.5645,
1996-07-30,110.8787,110.8787,110.8787,110.8787,
1996-07-31,110.0473,110.0473,110.0473,110.0473,
1996-08-01,110.8807,110.8807,110.8807,110.8807,
1996-08-02,111.8763,111.8763,111.8763,111.8763,
1996-08-05,111.5704,111.5704,111.5704,111.5704,
1996-08-06,111.9717,111.9717,111.9717,111.9717,
1996-08-07,112.6513,112.6513,112.6513,112.6513,
1996-08-08,112.6693,112.6693,112.6693,112.6693,
1996-08-09,112.3882,112.3882,112.3882,112.3882,
1996-08-12,111.7328,111.7328,111.7328,111.7328,
1996-08-13,111.4865,111.4865,111.4865,111.4865,
1996-08-14,111.4489,111.4489,111.4489,111.4489,
1996-08-15,111.9285,111.9285,111.9285,111.9285,
1996-08-16,112.5854,112.5854,112.5854,112.5854,
1996-08-19,112.4944,112.4944,112.4944,112.4944,
1996-08-20,112.564,112.564,112.564,112.564,
1996-08-21,112.9805,112.9805,112.9805,112.9805,
1996-08-22,113.4959,113.4959,113.4959,113.4959,
1996-08-23,113.58,113.58,113.58,113.58,
1996-08-26,112.9156,112.9156,112.9156,112.9156,
1996-08-27,112.7793,112.7793,112.7793,112.7793,
1996-08-28,113.3934,113.3934,113.3934,113.3934,
1996-08-29,113.6418,113.6418,113.6418,113.6418,
1996-08-30,112.9566,112.9566,112.9566,112.9566,
1996-09-02,113.6811,113.6811,113.6811,113.6811,
1996-09-03,112.5673,112.5673,112.5673,112.5673,
1996-09-04,114.3012,114.3012,114.3012,114.3012,
1996-09-05,114.0045,114.0045,114.0045,114.0045,
1996-09-06,114.1785,114.1785,114.1785,114.1785,
1996-09-09,114.8959,114.8959,114.8959,114.8959,
1996-09-10,115.1801,115.1801,115.1801,115.1801,
1996-09-11,114.4425,114.4425,114.4425,114.4425,
1996-09-12,115.2907,115.2907,115.2907,115.2907,
1996-09-13,115.6523,115.6523,115.6523,115.6523,
1996-09-16,116.0822,116.0822,116.0822,116.0822,
1996-09-17,115.5864,115.5864,115.5864,115.5864,
1996-09-18,115.1242,115.1242,115.1242,115.1242,
1996-09-19,115.5256,115.5256,115.5256,115.5256,
1996-09-20,116.026,116.026,116.026,116.026,
1996-09-23,115.8921,115.8921,115.8921,115.8921,
1996-09-24,115.9028,115.9028,115.9028,115.9028,
1996-09-25,115.9845,115.9845,115.9845,115.9845,
1996-09-26,116.5829,116.5829,116.5829,116.5829,
1996-09-27,116.4958,116.4958,116.4958,116.4958,
1996-09-30,115.381,115.381,115.381,115.381,
1996-10-01,116.3905,116.3905,116.3905,116.3905,
1996-10-02,117.7683,117.7683,117.7683,117.7683,
1996-10-03,117.8116,117.8116,117.8116,117.8116,
1996-10-04,118.7907,118.7907,118.7907,118.7907,
1996-10-07,118.9518,118.9518,118.9518,118.9518,
1996-10-08,119.6054,119.6054,119.6054,119.6054,
1996-10-09,120.1983,120.1983,120.1983,120.1983,
1996-10-10,119.6333,119.6333,119.6333,119.6333,
1996-10-11,120.0859,120.0859,120.0859,120.0859,
1996-10-14,120.6261,120.6261,120.6261,120.6261,
1996-10-15,121.5919,121.5919,121.5919,121.5919,
1996-10-16,120.9691,120.9691,120.9691,120.9691,
1996-10-17,121.0382,121.0382,121.0382,121.0382,
1996-10-18,120.682,120.682,120.682,120.682,
1996-10-21,120.1265,120.1265,120.1265,120.1265,
1996-10-22,119.6796,119.6796,119.6796,119.6796,
1996-10-23,118.597,118.597,118.597,118.597,
1996-10-24,119.5325,119.5325,119.5325,119.5325,
1996-10-25,119.095,119.095,119.095,119.095,
1996-10-28,119.5876,119.5876,119.5876,119.5876,
1996-10-29,118.5473,118.5473,118.5473,118.5473,
1996-10-30,118.5145,118.5145,118.5145,118.5145,
1996-10-31,118.348,118.348,118.348,118.348,
1996-11-01,119.3238,119.3238,119.3238,119.3238,
1996-11-04,119.3853,119.3853,119.3853,119.3853,
1996-11-05,120.1281,120.1281,120.1281,120.1281,
1996-11-06,120.315,120.315,120.315,120.315,
1996-11-07,119.8358,119.8358,119.8358,119.8358,
1996-11-08,120.6506,120.6506,120.6506,120.6506,
1996-11-11,121.6319,121.6319,121.6319,121.6319,
1996-11-12,121.6862,121.6862,121.6862,121.6862,
1996-11-13,121.7476,121.7476,121.7476,121.7476,
1996-11-14,122.1011,122.1011,122.1011,122.1011,
1996-11-15,123.3319,123.3319,123.3319,123.3319,
1996-11-18,123.6534,123.6534,123.6534,123.6534,
1996-11-19,124.4205,124.4205,124.4205,124.4205,
1996-11-20,124.9134,124.9134,124.9134,124.9134,
1996-11-21,124.9026,124.9026,124.9026,124.9026,
1996-11-22,125.7972,125.7972,125.7972,125.7972,
1996-11-25,125.7621,125.7621,125.7621,125.7621,
1996-11-26,125.5588,125.5588,125.5588,125.5588,
1996-11-27,124.8595,124.8595,124.8595,124.8595,
1996-11-28,125.5137,125.5137,125.5137,125.5137,
1996-11-29,126.645,126.645,126.645,126.645,
1996-12-02,128.3127,128.3127,128.3127,128.3127,
1996-12-03,129.3496,129.3496,129.3496,129.3496,
1996-12-04,128.3743,128.3743,128.3743,128.3743,
1996-12-05,129.4758,129.4758,129.4758,129.4758,
1996-12-06,126.9434,126.9434,126.9434,126.9434,
1996-12-09,128.7539,128.7539,128.7539,128.7539,
1996-12-10,129.8826,129.8826,129.8826,129.8826,
1996-12-11,127.6583,127.6583,127.6583,127.6583,
1996-12-12,128.0781,128.0781,128.0781,128.0781,
1996-12-13,126.9925,126.9925,126.9925,126.9925,
1996-12-16,127.7262,127.7262,127.7262,127.7262,
1996-12-17,125.7144,125.7144,125.7144,125.7144,
1996-12-18,126.148,126.148,126.148,126.148,
1996-12-19,127.0004,127.0004,127.0004,127.0004,
1996-12-20,128.5062,128.5062,128.5062,128.5062,
1996-12-23,128.7738,128.7738,128.7738,128.7738,
1996-12-27,131.1655,131.1655,131.1655,131.1655,
1996-12-30,132.4284,132.4284,132.4284,132.4284,
1997-01-02,131.6558,131.6558,131.6558,131.6558,
1997-01-03,134.2401,134.2401,134.2401,134.2401,
1997-01-06,136.2728,136.2728,136.2728,136.2728,
1997-01-07,136.3426,136.3426,136.3426,136.3426,
1997-01-08,138.5395,138.5395,138.5395,138.5395,
1997-01-09,138.4674,138.4674,138.4674,138.4674,
1997-01-10,137.1075,137.1075,137.1075,137.1075,
1997-01-13,138.9366,138.9366,138.9366,138.9366,
1997-01-14,139.2841,139.2841,139.2841,139.2841,
1997-01-15,138.9495,138.9495,138.9495,138.9495,
1997-01-16,140.2052,140.2052,140.2052,140.2052,
1997-01-17,140.3391,140.3391,140.3391,140.3391,
1997-01-20,142.3669,142.3669,142.3669,142.3669,
1997-01-21,141.4579,141.4579,141.4579,141.4579,
1997-01-22,142.3498,142.3498,142.3498,142.3498,
1997-01-23,143.7753,143.7753,143.7753,143.7753,
1997-01-24,143.0382,143.0382,143.0382,143.0382,
1997-01-27,142.4609,142.4609,142.4609,142.4609,
1997-01-28,143.4483,143.4483,143.4483,143.4483,
1997-01-29,142.827,142.827,142.827,142.827,
1997-01-30,143.158,143.158,143.158,143.158,
1997-01-31,143.8459,143.8459,143.8459,143.8459,
1997-02-03,144.541,144.541,144.541,144.541,
1997-02-04,143.5441,143.5441,143.5441,143.5441,
1997-02-05,143.0576,143.0576,143.0576,143.0576,
1997-02-06,143.3523,143.3523,143.3523,143.3523,
1997-02-07,144.0836,144.0836,144.0836,144.0836,
1997-02-10,143.6815,143.6815,143.6815,143.6815,
1997-02-11,142.1893,142.1893,142.1893,142.1893,
1997-02-12,142.9634,142.9634,142.9634,142.9634,
1997-02-13,144.81,144.81,144.81,144.81,
1997-02-14,146.5118,146.5118,146.5118,146.5118,
1997-02-17,147.4064,147.4064,147.4064,147.4064,
1997-02-18,149.099,149.099,149.099,149.099,
1997-02-19,150.4362,150.4362,150.4362,150.4362,
1997-02-20,150.3591,150.3591,150.3591,150.3591,
1997-02-21,149.6157,149.6157,149.6157,149.6157,
1997-02-24,145.9177,145.9177,145.9177,145.9177,
1997-02-25,146.199,146.199,146.199,146.199,
1997-02-26,144.9103,144.9103,144.9103,144.9103,
1997-02-27,143.8458,143.8458,143.8458,143.8458,
1997-02-28,142.3721,142.3721,142.3721,142.3721,
1997-03-03,141.7181,141.7181,141.7181,141.7181,
1997-03-04,144.4699,144.4699,144.4699,144.4699,
1997-03-05,145.3967,145.3967,145.3967,145.3967,
1997-03-06,147.7622,147.7622,147.7622,147.7622,
1997-03-07,147.8105,147.8105,147.8105,147.8105,
1997-03-10,148.5971,148.5971,148.5971,148.5971,
1997-03-11,149.1508,149.1508,149.1508,149.1508,
1997-03-12,148.2818,148.2818,148.2818,148.2818,
1997-03-13,148.0021,148.0021,148.0021,148.0021,
1997-03-14,148.8064,148.8064,148.8064,148.8064,
1997-03-17,148.1745,148.1745,148.1745,148.1745,
1997-03-18,146.6516,146.6516,146.6516,146.6516,
1997-03-19,144.9376,144.9376,144.9376,144.9376,
1997-03-20,141.7512,141.7512,141.7512,141.7512,
1997-03-21,142.7529,142.7529,142.7529,142.7529,
1997-03-24,142.6784,142.6784,142.6784,142.6784,
1997-03-25,143.1262,143.1262,143.1262,143.1262,
1997-03-26,144.4694,144.4694,144.4694,144.4694,
1997-04-01,139.8194,139.8194,139.8194,139.8194,
1997-04-02,139.2972,139.2972,139.2972,139.2972,
1997-04-03,138.8269,138.8269,138.8269,138.8269,
1997-04-04,138.5406,138.5406,138.5406,138.5406,
1997-04-07,143.3826,143.3826,143.3826,143.3826,
1997-04-08,143.8567,143.8567,143.8567,143.8567,
1997-04-09,145.4756,145.4756,145.4756,145.4756,
1997-04-10,144.6247,144.6247,144.6247,144.6247,
1997-04-11,143.642,143.642,143.642,143.642,
1997-04-14,143.0638,143.0638,143.0638,143.0638,
1997-04-15,145.3427,145.3427,145.3427,145.3427,
1997-04-16,144.9921,144.9921,144.9921,144.9921,
1997-04-17,145.1808,145.1808,145.1808,145.1808,
1997-04-18,145.9265,145.9265,145.9265,145.9265,
1997-04-21,148.311,148.311,148.311,148.311,
1997-04-22,149.287,149.287,149.287,149.287,
1997-04-23,149.0428,149.0428,149.0428,149.0428,
1997-04-24,148.7467,148.7467,148.7467,148.7467,
1997-04-25,147.0097,147.0097,147.0097,147.0097,
1997-04-28,146.3342,146.3342,146.3342,146.3342,
1997-04-29,147.8554,147.8554,147.8554,147.8554,
1997-04-30,148.1489,148.1489,148.1489,148.1489,
1997-05-02,147.2114,147.2114,147.2114,147.2114,
1997-05-05,148.9236,148.9236,148.9236,148.9236,
1997-05-06,149.1834,149.1834,149.1834,149.1834,
1997-05-07,149.6777,149.6777,149.6777,149.6777,
1997-05-09,150.0739,150.0739,150.0739,150.0739,
1997-05-12,151.3204,151.3204,151.3204,151.3204,
1997-05-13,151.6952,151.6952,151.6952,151.6952,
1997-05-14,152.3416,152.3416,152.3416,152.3416,
1997-05-15,151.7578,151.7578,151.7578,151.7578,
1997-05-16,152.5863,152.5863,152.5863,152.5863,
1997-05-20,152.6703,152.6703,152.6703,152.6703,
1997-05-21,155.652,155.652,155.652,155.652,
1997-05-22,156.6957,156.6957,156.6957,156.6957,
1997-05-23,157.8931,157.8931,157.8931,157.8931,
1997-05-26,159.5652,159.5652,159.5652,159.5652,
1997-05-27,159.3101,159.3101,159.3101,159.3101,
1997-05-28,159.6028,159.6028,159.6028,159.6028,
1997-05-29,159.4377,159.4377,159.4377,159.4377,
1997-05-30,157.9456,157.9456,157.9456,157.9456,
1997-06-02,160.2339,160.2339,160.2339,160.2339,
1997-06-03,161.205,161.205,161.205,161.205,
1997-06-04,160.9843,160.9843,160.9843,160.9843,
1997-06-05,159.8863,159.8863,159.8863,159.8863,
1997-06-06,161.5175,161.5175,161.5175,161.5175,
1997-06-09,163.0066,163.0066,163.0066,163.0066,
1997-06-10,162.3919,162.3919,162.3919,162.3919,
1997-06-11,161.2509,161.2509,161.2509,161.2509,
1997-06-12,161.1492,161.1492,161.1492,161.1492,
1997-06-13,162.1288,162.1288,162.1288,162.1288,
1997-06-16,161.2436,161.2436,161.2436,161.2436,
1997-06-17,160.7287,160.7287,160.7287,160.7287,
1997-06-18,160.0323,160.0323,160.0323,160.0323,
1997-06-19,161.0159,161.0159,161.0159,161.0159,
1997-06-20,161.3849,161.3849,161.3849,161.3849,
1997-06-23,161.3855,161.3855,161.3855,161.3855,
1997-06-24,162.0572,162.0572,162.0572,162.0572,
1997-06-25,161.7054,161.7054,161.7054,161.7054,
1997-06-26,162.0597,162.0597,162.0597,162.0597,
1997-06-27,162.7357,162.7357,162.7357,162.7357,
1997-06-30,163.6205,163.6205,163.6205,163.6205,
1997-07-01,165.32,165.32,165.32,165.32,
1997-07-02,166.9752,166.9752,166.9752,166.9752,
1997-07-03,168.8016,168.8016,168.8016,168.8016,
1997-07-04,170.0673,170.0673,170.0673,170.0673,
1997-07-07,170.3124,170.3124,170.3124,170.3124,
1997-07-08,170.3152,170.3152,170.3152,170.3152,
1997-07-09,169.7623,169.7623,169.7623,169.7623,
1997-07-10,169.0519,169.0519,169.0519,169.0519,
1997-07-11,170.2135,170.2135,170.2135,170.2135,
1997-07-14,170.1794,170.1794,170.1794,170.1794,
1997-07-15,171.2008,171.2008,171.2008,171.2008,
1997-07-16,173.7852,173.7852,173.7852,173.7852,
1997-07-17,173.4178,173.4178,173.4178,173.4178,
1997-07-18,171.2217,171.2217,171.2217,171.2217,
1997-07-21,169.5674,169.5674,169.5674,169.5674,
1997-07-22,171.1837,171.1837,171.1837,171.1837,
1997-07-23,174.4118,174.4118,174.4118,174.4118,
1997-07-24,173.8125,173.8125,173.8125,173.8125,
1997-07-25,173.6567,173.6567,173.6567,173.6567,
1997-07-28,173.8908,173.8908,173.8908,173.8908,
1997-07-29,173.0103,173.0103,173.0103,173.0103,
1997-07-30,175.295,175.295,175.295,175.295,
1997-07-31,176.6743,176.6743,176.6743,176.6743,
1997-08-01,176.2024,176.2024,176.2024,176.2024,
1997-08-04,177.0279,177.0279,177.0279,177.0279,
1997-08-05,178.755,178.755,178.755,178.755,
1997-08-06,180.9398,180.9398,180.9398,180.9398,
1997-08-07,182.7045,182.7045,182.7045,182.7045,
1997-08-08,181.5793,181.5793,181.5793,181.5793,
1997-08-11,181.2779,181.2779,181.2779,181.2779,
1997-08-12,182.3087,182.3087,182.3087,182.3087,
1997-08-13,179.7935,179.7935,179.7935,179.7935,
1997-08-14,178.9354,178.9354,178.9354,178.9354,
1997-08-15,177.3898,177.3898,177.3898,177.3898,
1997-08-18,174.5925,174.5925,174.5925,174.5925,
1997-08-19,176.433,176.433,176.433,176.433,
1997-08-20,176.5704,176.5704,176.5704,176.5704,
1997-08-21,176.8824,176.8824,176.8824,176.8824,
1997-08-22,174.4956,174.4956,174.4956,174.4956,
1997-08-25,174.414,174.414,174.414,174.414,
1997-08-26,173.1255,173.1255,173.1255,173.1255,
1997-08-27,172.8795,172.8795,172.8795,172.8795,
1997-08-28,173.5752,173.5752,173.5752,173.5752,
1997-08-29,175.2829,175.2829,175.2829,175.2829,
1997-09-01,177.3395,177.3395,177.3395,177.3395,
1997-09-02,179.3658,179.3658,179.3658,179.3658,
1997-09-03,179.2153,179.2153,179.2153,179.2153,
1997-09-04,179.534,179.534,179.534,179.534,
1997-09-05,180.3628,180.3628,180.3628,180.3628,
1997-09-08,180.5093,180.5093,180.5093,180.5093,
1997-09-09,181.1409,181.1409,181.1409,181.1409,
1997-09-10,180.3399,180.3399,180.3399,180.3399,
1997-09-11,179.4822,179.4822,179.4822,179.4822,
1997-09-12,178.6051,178.6051,178.6051,178.6051,
1997-09-15,178.1694,178.1694,178.1694,178.1694,
1997-09-16,178.4157,178.4157,178.4157,178.4157,
1997-09-17,178.8974,178.8974,178.8974,178.8974,
1997-09-18,179.5871,179.5871,179.5871,179.5871,
1997-09-19,180.0822,180.0822,180.0822,180.0822,
1997-09-22,180.8868,180.8868,180.8868,180.8868,
1997-09-23,180.1024,180.1024,180.1024,180.1024,
1997-09-24,180.3945,180.3945,180.3945,180.3945,
1997-09-25,181.2491,181.2491,181.2491,181.2491,
1997-09-26,181.4356,181.4356,181.4356,181.4356,
1997-09-29,182.1979,182.1979,182.1979,182.1979,
1997-09-30,183.5571,183.5571,183.5571,183.5571,
1997-10-01,183.862,183.862,183.862,183.862,
1997-10-02,184.5315,184.5315,184.5315,184.5315,
1997-10-03,187.1506,187.1506,187.1506,187.1506,
1997-10-06,187.6941,187.6941,187.6941,187.6941,
1997-10-07,189.1716,189.1716,189.1716,189.1716,
1997-10-08,188.5083,188.5083,188.5083,188.5083,
1997-10-09,187.9983,187.9983,187.9983,187.9983,
1997-10-10,188.4276,188.4276,188.4276,188.4276,
1997-10-13,190.2211,190.2211,190.2211,190.2211,
1997-10-14,190.1835,190.1835,190.1835,190.1835,
1997-10-15,189.0631,189.0631,189.0631,189.0631,
1997-10-16,191.5391,191.5391,191.5391,191.5391,
1997-10-17,190.0459,190.0459,190.0459,190.0459,
1997-10-20,189.9443,189.9443,189.9443,189.9443,
1997-10-21,193.1415,193.1415,193.1415,193.1415,
1997-10-22,193.4586,193.4586,193.4586,193.4586,
1997-10-23,189.8497,189.8497,189.8497,189.8497,
1997-10-24,190.612,190.612,190.612,190.612,
1997-10-27,186.7833,186.7833,186.7833,186.7833,
1997-10-28,175.4693,175.4693,175.4693,175.4693,
1997-10-29,185.054,185.054,185.054,185.054,
1997-10-30,181.4048,181.4048,181.4048,181.4048,
1997-10-31,181.0868,181.0868,181.0868,181.0868,
1997-11-03,182.9879,182.9879,182.9879,182.9879,
1997-11-04,181.3931,181.3931,181.3931,181.3931,
1997-11-05,182.7317,182.7317,182.7317,182.7317,
1997-11-06,183.2822,183.2822,183.2822,183.2822,
1997-11-07,181.6893,181.6893,181.6893,181.6893,
1997-11-10,180.7853,180.7853,180.7853,180.7853,
1997-11-11,180.1457,180.1457,180.1457,180.1457,
1997-11-12,176.8703,176.8703,176.8703,176.8703,
1997-11-13,177.3537,177.3537,177.3537,177.3537,
1997-11-14,175.7708,175.7708,175.7708,175.7708,
1997-11-17,177.4044,177.4044,177.4044,177.4044,
1997-11-18,178.5039,178.5039,178.5039,178.5039,
1997-11-19,177.5472,177.5472,177.5472,177.5472,
1997-11-20,177.4771,177.4771,177.4771,177.4771,
1997-11-21,177.9309,177.9309,177.9309,177.9309,
1997-11-24,174.5191,174.5191,174.5191,174.5191,
1997-11-25,171.1645,171.1645,171.1645,171.1645,
1997-11-26,171.2794,171.2794,171.2794,171.2794,
1997-11-27,172.9367,172.9367,172.9367,172.9367,
1997-11-28,173.7785,173.7785,173.7785,173.7785,
1997-12-01,174.4372,174.4372,174.4372,174.4372,
1997-12-02,174.2544,174.2544,174.2544,174.2544,
1997-12-03,172.8548,172.8548,172.8548,172.8548,
1997-12-04,175.3039,175.3039,175.3039,175.3039,
1997-12-05,176.4774,176.4774,176.4774,176.4774,
1997-12-08,179.6228,179.6228,179.6228,179.6228,
1997-12-09,180.3704,180.3704,180.3704,180.3704,
1997-12-10,179.3903,179.3903,179.3903,179.3903,
1997-12-11,176.5792,176.5792,176.5792,176.5792,
1997-12-12,176.67,176.67,176.67,176.67,
1997-12-15,174.6,174.6,174.6,174.6,
1997-12-16,173.4712,173.4712,173.4712,173.4712,
1997-12-17,172.7245,172.7245,172.7245,172.7245,
1997-12-18,171.6265,171.6265,171.6265,171.6265,
1997-12-19,169.6568,169.6568,169.6568,169.6568,
1997-12-22,167.5435,167.5435,167.5435,167.5435,
1997-12-23,169.0114,169.0114,169.0114,169.0114,
1997-12-29,171.2681,171.2681,171.2681,171.2681,
1997-12-30,175.0695,175.0695,175.0695,175.0695,
1998-01-02,178.7786,178.7786,178.7786,178.7786,
1998-01-05,179.5824,179.5824,179.5824,179.5824,
1998-01-06,176.3892,176.3892,176.3892,176.3892,
1998-01-07,174.0463,174.0463,174.0463,174.0463,
1998-01-08,171.8285,171.8285,171.8285,171.8285,
1998-01-09,166.4414,166.4414,166.4414,166.4414,
1998-01-12,158.627,158.627,158.627,158.627,
1998-01-13,162.4411,162.4411,162.4411,162.4411,
1998-01-14,165.3048,165.3048,165.3048,165.3048,
1998-01-15,165.5141,165.5141,165.5141,165.5141,
1998-01-16,167.4669,167.4669,167.4669,167.4669,
1998-01-19,170.0944,170.0944,170.0944,170.0944,
1998-01-20,172.3831,172.3831,172.3831,172.3831,
1998-01-21,171.1909,171.1909,171.1909,171.1909,
1998-01-22,168.2293,168.2293,168.2293,168.2293,
1998-01-23,168.5499,168.5499,168.5499,168.5499,
1998-01-26,167.3858,167.3858,167.3858,167.3858,
1998-01-27,168.8111,168.8111,168.8111,168.8111,
1998-01-28,169.1049,169.1049,169.1049,169.1049,
1998-01-29,170.8101,170.8101,170.8101,170.8101,
1998-01-30,170.7318,170.7318,170.7318,170.7318,
1998-02-02,173.4178,173.4178,173.4178,173.4178,
1998-02-03,173.5745,173.5745,173.5745,173.5745,
1998-02-04,172.8734,172.8734,172.8734,172.8734,
1998-02-05,173.9945,173.9945,173.9945,173.9945,
1998-02-06,173.4574,173.4574,173.4574,173.4574,
1998-02-09,173.07,173.07,173.07,173.07,
1998-02-10,171.2537,171.2537,171.2537,171.2537,
1998-02-11,172.192,172.192,172.192,172.192,
1998-02-12,170.0567,170.0567,170.0567,170.0567,
1998-02-13,170.931,170.931,170.931,170.931,
1998-02-16,171.9092,171.9092,171.9092,171.9092,
1998-02-17,174.354,174.354,174.354,174.354,
1998-02-18,172.9554,172.9554,172.9554,172.9554,
1998-02-19,173.1613,173.1613,173.1613,173.1613,
1998-02-20,173.0971,173.0971,173.0971,173.0971,
1998-02-23,173.444,173.444,173.444,173.444,
1998-02-24,171.9135,171.9135,171.9135,171.9135,
1998-02-25,173.1111,173.1111,173.1111,173.1111,
1998-02-26,175.4475,175.4475,175.4475,175.4475,
1998-02-27,174.9908,174.9908,174.9908,174.9908,
1998-03-02,178.3825,178.3825,178.3825,178.3825,
1998-03-03,179.3565,179.3565,179.3565,179.3565,
1998-03-04,179.4927,179.4927,179.4927,179.4927,
1998-03-05,177.1134,177.1134,177.1134,177.1134,
1998-03-06,180.4719,180.4719,180.4719,180.4719,
1998-03-09,180.1726,180.1726,180.1726,180.1726,
1998-03-10,182.3189,182.3189,182.3189,182.3189,
1998-03-11,183.8926,183.8926,183.8926,183.8926,
1998-03-12,184.7131,184.7131,184.7131,184.7131,
1998-03-13,186.9768,186.9768,186.9768,186.9768,
1998-03-16,187.228,187.228,187.228,187.228,
1998-03-17,186.301,186.301,186.301,186.301,
1998-03-18,186.5121,186.5121,186.5121,186.5121,
1998-03-19,187.7312,187.7312,187.7312,187.7312,
1998-03-20,187.6954,187.6954,187.6954,187.6954,
1998-03-23,190.7132,190.7132,190.7132,190.7132,
1998-03-24,190.6112,190.6112,190.6112,190.6112,
1998-03-25,191.2881,191.2881,191.2881,191.2881,
1998-03-26,190.5639,190.5639,190.5639,190.5639,
1998-03-27,192.4318,192.4318,192.4318,192.4318,
1998-03-30,192.2779,192.2779,192.2779,192.2779,
1998-03-31,190.1937,190.1937,190.1937,190.1937,
1998-04-01,191.134,191.134,191.134,191.134,
1998-04-02,192.545,192.545,192.545,192.545,
1998-04-03,193.5971,193.5971,193.5971,193.5971,
1998-04-06,195.4599,195.4599,195.4599,195.4599,
1998-04-07,194.9593,194.9593,194.9593,194.9593,
1998-04-08,194.0701,194.0701,194.0701,194.0701,
1998-04-14,193.6545,193.6545,193.6545,193.6545,
1998-04-15,194.725,194.725,194.725,194.725,
1998-04-16,193.7833,193.7833,193.7833,193.7833,
1998-04-17,193.6889,193.6889,193.6889,193.6889,
1998-04-20,194.9754,194.9754,194.9754,194.9754,
1998-04-21,195.147,195.147,195.147,195.147,
1998-04-22,195.2427,195.2427,195.2427,195.2427,
1998-04-23,196.5638,196.5638,196.5638,196.5638,
1998-04-24,197.4308,197.4308,197.4308,197.4308,
1998-04-27,192.6499,192.6499,192.6499,192.6499,
1998-04-28,192.8536,192.8536,192.8536,192.8536,
1998-04-29,193.6944,193.6944,193.6944,193.6944,
1998-04-30,195.123,195.123,195.123,195.123,
1998-05-04,198.4567,198.4567,198.4567,198.4567,
1998-05-05,197.6586,197.6586,197.6586,197.6586,
1998-05-06,198.6197,198.6197,198.6197,198.6197,
1998-05-07,194.7888,194.7888,194.7888,194.7888,
1998-05-08,195.0292,195.0292,195.0292,195.0292,
1998-05-11,196.1602,196.1602,196.1602,196.1602,
1998-05-12,195.4005,195.4005,195.4005,195.4005,
1998-05-13,196.3198,196.3198,196.3198,196.3198,
1998-05-14,195.7117,195.7117,195.7117,195.7117,
1998-05-15,195.0268,195.0268,195.0268,195.0268,
1998-05-18,193.2,193.2,193.2,193.2,
1998-05-19,191.3506,191.3506,191.3506,191.3506,
1998-05-20,190.9187,190.9187,190.9187,190.9187,
1998-05-22,190.077,190.077,190.077,190.077,
1998-05-25,188.449,188.449,188.449,188.449,
1998-05-26,187.6474,187.6474,187.6474,187.6474,
1998-05-27,182.3232,182.3232,182.3232,182.3232,
1998-05-28,181.9316,181.9316,181.9316,181.9316,
1998-05-29,182.1756,182.1756,182.1756,182.1756,
1998-06-02,181.8484,181.8484,181.8484,181.8484,
1998-06-03,179.4327,179.4327,179.4327,179.4327,
1998-06-04,179.437,179.437,179.437,179.437,
1998-06-05,183.6386,183.6386,183.6386,183.6386,
1998-06-08,186.9666,186.9666,186.9666,186.9666,
1998-06-09,187.0179,187.0179,187.0179,187.0179,
1998-06-10,183.8772,183.8772,183.8772,183.8772,
1998-06-11,183.1719,183.1719,183.1719,183.1719,
1998-06-12,180.1218,180.1218,180.1218,180.1218,
1998-06-15,175.7424,175.7424,175.7424,175.7424,
1998-06-16,175.5589,175.5589,175.5589,175.5589,
1998-06-17,176.1774,176.1774,176.1774,176.1774,
1998-06-18,172.7341,172.7341,172.7341,172.7341,
1998-06-19,173.1056,173.1056,173.1056,173.1056,
1998-06-22,172.3555,172.3555,172.3555,172.3555,
1998-06-23,174.5425,174.5425,174.5425,174.5425,
1998-06-24,176.5524,176.5524,176.5524,176.5524,
1998-06-25,178.4283,178.4283,178.4283,178.4283,
1998-06-26,178.4193,178.4193,178.4193,178.4193,
1998-06-29,178.388,178.388,178.388,178.388,
1998-06-30,178.8865,178.8865,178.8865,178.8865,
1998-07-01,182.4333,182.4333,182.4333,182.4333,
1998-07-02,182.3145,182.3145,182.3145,182.3145,
1998-07-03,182.8468,182.8468,182.8468,182.8468,
1998-07-06,181.1108,181.1108,181.1108,181.1108,
1998-07-07,181.7174,181.7174,181.7174,181.7174,
1998-07-08,180.9752,180.9752,180.9752,180.9752,
1998-07-09,181.7343,181.7343,181.7343,181.7343,
1998-07-10,182.0797,182.0797,182.0797,182.0797,
1998-07-13,182.5934,182.5934,182.5934,182.5934,
1998-07-14,181.252,181.252,181.252,181.252,
1998-07-15,182.4216,182.4216,182.4216,182.4216,
1998-07-16,181.7993,181.7993,181.7993,181.7993,
1998-07-17,184.2665,184.2665,184.2665,184.2665,
1998-07-20,185.2516,185.2516,185.2516,185.2516,
1998-07-21,184.5973,184.5973,184.5973,184.5973,
1998-07-22,183.3506,183.3506,183.3506,183.3506,
1998-07-23,181.7266,181.7266,181.7266,181.7266,
1998-07-24,179.8462,179.8462,179.8462,179.8462,
1998-07-27,178.544,178.544,178.544,178.544,
1998-07-28,177.1716,177.1716,177.1716,177.1716,
1998-07-29,176.8517,176.8517,176.8517,176.8517,
1998-07-30,177.6732,177.6732,177.6732,177.6732,
1998-07-31,176.7389,176.7389,176.7389,176.7389,
1998-08-03,174.5612,174.5612,174.5612,174.5612,
1998-08-04,171.8965,171.8965,171.8965,171.8965,
1998-08-05,167.5634,167.5634,167.5634,167.5634,
1998-08-06,164.6604,164.6604,164.6604,164.6604,
1998-08-07,166.1426,166.1426,166.1426,166.1426,
1998-08-10,164.8279,164.8279,164.8279,164.8279,
1998-08-11,158.436,158.436,158.436,158.436,
1998-08-12,156.4734,156.4734,156.4734,156.4734,
1998-08-13,153.3758,153.3758,153.3758,153.3758,
1998-08-14,154.1395,154.1395,154.1395,154.1395,
1998-08-17,149.2527,149.2527,149.2527,149.2527,
1998-08-18,151.1389,151.1389,151.1389,151.1389,
1998-08-19,151.1852,151.1852,151.1852,151.1852,
1998-08-20,146.8421,146.8421,146.8421,146.8421,
1998-08-21,141.9877,141.9877,141.9877,141.9877,
1998-08-24,146.2915,146.2915,146.2915,146.2915,
1998-08-25,148.1011,148.1011,148.1011,148.1011,
1998-08-26,142.2156,142.2156,142.2156,142.2156,
1998-08-27,136.0096,136.0096,136.0096,136.0096,
1998-08-28,133.8317,133.8317,133.8317,133.8317,
1998-08-31,132.3068,132.3068,132.3068,132.3068,
1998-09-01,125.7988,125.7988,125.7988,125.7988,
1998-09-02,128.8163,128.8163,128.8163,128.8163,
1998-09-03,123.1936,123.1936,123.1936,123.1936,
1998-09-04,127.0792,127.0792,127.0792,127.0792,
1998-09-07,132.5425,132.5425,132.5425,132.5425,
1998-09-08,136.8547,136.8547,136.8547,136.8547,
1998-09-09,134.4115,134.4115,134.4115,134.4115,
1998-09-10,128.5317,128.5317,128.5317,128.5317,
1998-09-11,128.5705,128.5705,128.5705,128.5705,
1998-09-14,132.4246,132.4246,132.4246,132.4246,
1998-09-15,130.443,130.443,130.443,130.443,
1998-09-16,130.6742,130.6742,130.6742,130.6742,
1998-09-17,123.3655,123.3655,123.3655,123.3655,
1998-09-18,121.6346,121.6346,121.6346,121.6346,
1998-09-21,115.8174,115.8174,115.8174,115.8174,
1998-09-22,118.8783,118.8783,118.8783,118.8783,
1998-09-23,120.526,120.526,120.526,120.526,
1998-09-24,121.2298,121.2298,121.2298,121.2298,
1998-09-25,118.5047,118.5047,118.5047,118.5047,
1998-09-28,119.2836,119.2836,119.2836,119.2836,
1998-09-29,120.0569,120.0569,120.0569,120.0569,
1998-09-30,119.2917,119.2917,119.2917,119.2917,
1998-10-01,117.1218,117.1218,117.1218,117.1218,
1998-10-02,114.943,114.943,114.943,114.943,
1998-10-05,111.7945,111.7945,111.7945,111.7945,
1998-10-06,111.4387,111.4387,111.4387,111.4387,
1998-10-07,108.3904,108.3904,108.3904,108.3904,
1998-10-08,100.8824,100.8824,100.8824,100.8824,
1998-10-09,102.0749,102.0749,102.0749,102.0749,
1998-10-12,108.5828,108.5828,108.5828,108.5828,
1998-10-13,109.6627,109.6627,109.6627,109.6627,
1998-10-14,108.9305,108.9305,108.9305,108.9305,
1998-10-15,110.7356,110.7356,110.7356,110.7356,
1998-10-16,116.7831,116.7831,116.7831,116.7831,
1998-10-19,118.7895,118.7895,118.7895,118.7895,
1998-10-20,122.4767,122.4767,122.4767,122.4767,
1998-10-21,122.5158,122.5158,122.5158,122.5158,
1998-10-22,124.994,124.994,124.994,124.994,
1998-10-23,122.8336,122.8336,122.8336,122.8336,
1998-10-26,124.6469,124.6469,124.6469,124.6469,
1998-10-27,131.5694,131.5694,131.5694,131.5694,
1998-10-28,127.5236,127.5236,127.5236,127.5236,
1998-10-29,130.5764,130.5764,130.5764,130.5764,
1998-10-30,136.0098,136.0098,136.0098,136.0098,
1998-11-02,139.495,139.495,139.495,139.495,
1998-11-03,135.9778,135.9778,135.9778,135.9778,
1998-11-04,136.5952,136.5952,136.5952,136.5952,
1998-11-05,131.9919,131.9919,131.9919,131.9919,
1998-11-06,131.1501,131.1501,131.1501,131.1501,
1998-11-09,128.2962,128.2962,128.2962,128.2962,
1998-11-10,127.1906,127.1906,127.1906,127.1906,
1998-11-11,129.8521,129.8521,129.8521,129.8521,
1998-11-12,128.9113,128.9113,128.9113,128.9113,
1998-11-13,129.0846,129.0846,129.0846,129.0846,
1998-11-16,127.5675,127.5675,127.5675,127.5675,
1998-11-17,124.7296,124.7296,124.7296,124.7296,
1998-11-18,123.8978,123.8978,123.8978,123.8978,
1998-11-19,125.9608,125.9608,125.9608,125.9608,
1998-11-20,127.9139,127.9139,127.9139,127.9139,
1998-11-23,130.6007,130.6007,130.6007,130.6007,
1998-11-24,130.628,130.628,130.628,130.628,
1998-11-25,129.6272,129.6272,129.6272,129.6272,
1998-11-26,129.7567,129.7567,129.7567,129.7567,
1998-11-27,130.7201,130.7201,130.7201,130.7201,
1998-11-30,130.2622,130.2622,130.2622,130.2622,
1998-12-01,125.5836,125.5836,125.5836,125.5836,
1998-12-02,124.1378,124.1378,124.1378,124.1378,
1998-12-03,121.8449,121.8449,121.8449,121.8449,
1998-12-04,121.7355,121.7355,121.7355,121.7355,
1998-12-07,121.1753,121.1753,121.1753,121.1753,
1998-12-08,123.1743,123.1743,123.1743,123.1743,
1998-12-09,121.6485,121.6485,121.6485,121.6485,
1998-12-10,121.6045,121.6045,121.6045,121.6045,
1998-12-11,120.7588,120.7588,120.7588,120.7588,
1998-12-14,118.0985,118.0985,118.0985,118.0985,
1998-12-15,116.4709,116.4709,116.4709,116.4709,
1998-12-16,119.5239,119.5239,119.5239,119.5239,
1998-12-17,120.2367,120.2367,120.2367,120.2367,
1998-12-18,119.498,119.498,119.498,119.498,
1998-12-21,120.0636,120.0636,120.0636,120.0636,
1998-12-22,122.9973,122.9973,122.9973,122.9973,
1998-12-23,125.2575,125.2575,125.2575,125.2575,
1998-12-28,128.5587,128.5587,128.5587,128.5587,
1998-12-29,127.3002,127.3002,127.3002,127.3002,
1998-12-30,127.8271,127.8271,127.8271,127.8271,
1999-01-04,133.0253,133.0253,133.0253,133.0253,
1999-01-05,134.2325,134.2325,134.2325,134.2325,
1999-01-06,137.5994,137.5994,137.5994,137.5994,
1999-01-07,135.707,135.707,135.707,135.707,
1999-01-08,139.9383,139.9383,139.9383,139.9383,
1999-01-11,139.2618,139.2618,139.2618,139.2618,
1999-01-12,136.9392,136.9392,136.9392,136.9392,
1999-01-13,129.9718,129.9718,129.9718,129.9718,
1999-01-14,132.4419,132.4419,132.4419,132.4419,
1999-01-15,133.0092,133.0092,133.0092,133.0092,
1999-01-18,134.135,134.135,134.135,134.135,
1999-01-19,134.733,134.733,134.733,134.733,
1999-01-20,133.7192,133.7192,133.7192,133.7192,
1999-01-21,133.0261,133.0261,133.0261,133.0261,
1999-01-22,131.5895,131.5895,131.5895,131.5895,
1999-01-25,132.1278,132.1278,132.1278,132.1278,
1999-01-26,131.5788,131.5788,131.5788,131.5788,
1999-01-27,133.3808,133.3808,133.3808,133.3808,
1999-01-28,136.4656,136.4656,136.4656,136.4656,
1999-01-29,139.0769,139.0769,139.0769,139.0769,
1999-02-01,140.4128,140.4128,140.4128,140.4128,
1999-02-02,138.4204,138.4204,138.4204,138.4204,
1999-02-03,138.8633,138.8633,138.8633,138.8633,
1999-02-04,138.9291,138.9291,138.9291,138.9291,
1999-02-05,138.8937,138.8937,138.8937,138.8937,
1999-02-08,138.968,138.968,138.968,138.968,
1999-02-09,136.5234,136.5234,136.5234,136.5234,
1999-02-10,135.4352,135.4352,135.4352,135.4352,
1999-02-11,135.3543,135.3543,135.3543,135.3543,
1999-02-12,135.8551,135.8551,135.8551,135.8551,
1999-02-15,134.8139,134.8139,134.8139,134.8139,
1999-02-16,135.0087,135.0087,135.0087,135.0087,
1999-02-17,132.0821,132.0821,132.0821,132.0821,
1999-02-18,132.5221,132.5221,132.5221,132.5221,
1999-02-19,132.2552,132.2552,132.2552,132.2552,
1999-02-22,132.4092,132.4092,132.4092,132.4092,
1999-02-23,134.152,134.152,134.152,134.152,
1999-02-24,133.7953,133.7953,133.7953,133.7953,
1999-02-25,132.4117,132.4117,132.4117,132.4117,
1999-02-26,132.3974,132.3974,132.3974,132.3974,
1999-03-01,132.9845,132.9845,132.9845,132.9845,
1999-03-02,133.3449,133.3449,133.3449,133.3449,
1999-03-03,135.2891,135.2891,135.2891,135.2891,
1999-03-04,135.659,135.659,135.659,135.659,
1999-03-05,138.9437,138.9437,138.9437,138.9437,
1999-03-08,138.4345,138.4345,138.4345,138.4345,
1999-03-09,137.7466,137.7466,137.7466,137.7466,
1999-03-10,138.4752,138.4752,138.4752,138.4752,
1999-03-11,140.8685,140.8685,140.8685,140.8685,
1999-03-12,143.9203,143.9203,143.9203,143.9203,
1999-03-15,142.0459,142.0459,142.0459,142.0459,
1999-03-16,141.4299,141.4299,141.4299,141.4299,
1999-03-17,141.3952,141.3952,141.3952,141.3952,
1999-03-18,141.8458,141.8458,141.8458,141.8458,
1999-03-19,142.4669,142.4669,142.4669,142.4669,
1999-03-22,140.7185,140.7185,140.7185,140.7185,
1999-03-23,140.0903,140.0903,140.0903,140.0903,
1999-03-24,139.0881,139.0881,139.0881,139.0881,
1999-03-25,140.7637,140.7637,140.7637,140.7637,
1999-03-26,140.6048,140.6048,140.6048,140.6048,
1999-03-29,142.7343,142.7343,142.7343,142.7343,
1999-03-30,142.9829,142.9829,142.9829,142.9829,
1999-03-31,143.1379,143.1379,143.1379,143.1379,
1999-04-06,143.5846,143.5846,143.5846,143.5846,
1999-04-07,143.3599,143.3599,143.3599,143.3599,
1999-04-08,143.2858,143.2858,143.2858,143.2858,
1999-04-09,144.013,144.013,144.013,144.013,
1999-04-12,144.216,144.216,144.216,144.216,
1999-04-13,144.2134,144.2134,144.2134,144.2134,
1999-04-14,143.997,143.997,143.997,143.997,
1999-04-15,145.7253,145.7253,145.7253,145.7253,
1999-04-16,146.4567,146.4567,146.4567,146.4567,
1999-04-19,150.7961,150.7961,150.7961,150.7961,
1999-04-20,149.5466,149.5466,149.5466,149.5466,
1999-04-21,149.4908,149.4908,149.4908,149.4908,
1999-04-22,153.4857,153.4857,153.4857,153.4857,
1999-04-23,154.3109,154.3109,154.3109,154.3109,
1999-04-26,152.7889,152.7889,152.7889,152.7889,
1999-04-27,153.3541,153.3541,153.3541,153.3541,
1999-04-28,152.3918,152.3918,152.3918,152.3918,
1999-04-29,154.1255,154.1255,154.1255,154.1255,
1999-04-30,154.878,154.878,154.878,154.878,
1999-05-03,156.3499,156.3499,156.3499,156.3499,
1999-05-04,159.2318,159.2318,159.2318,159.2318,
1999-05-05,158.593,158.593,158.593,158.593,
1999-05-06,156.9199,156.9199,156.9199,156.9199,
1999-05-07,154.6406,154.6406,154.6406,154.6406,
1999-05-10,157.1655,157.1655,157.1655,157.1655,
1999-05-11,157.2087,157.2087,157.2087,157.2087,
1999-05-12,153.5453,153.5453,153.5453,153.5453,
1999-05-14,152.4055,152.4055,152.4055,152.4055,
1999-05-18,152.4701,152.4701,152.4701,152.4701,
1999-05-19,152.6082,152.6082,152.6082,152.6082,
1999-05-20,154.522,154.522,154.522,154.522,
1999-05-21,155.3361,155.3361,155.3361,155.3361,
1999-05-25,153.1274,153.1274,153.1274,153.1274,
1999-05-26,153.3818,153.3818,153.3818,153.3818,
1999-05-27,152.948,152.948,152.948,152.948,
1999-05-28,152.9716,152.9716,152.9716,152.9716,
1999-05-31,154.5205,154.5205,154.5205,154.5205,
1999-06-01,155.631,155.631,155.631,155.631,
1999-06-02,155.7859,155.7859,155.7859,155.7859,
1999-06-03,155.0865,155.0865,155.0865,155.0865,
1999-06-04,155.1402,155.1402,155.1402,155.1402,
1999-06-07,155.4092,155.4092,155.4092,155.4092,
1999-06-08,156.2952,156.2952,156.2952,156.2952,
1999-06-09,156.8744,156.8744,156.8744,156.8744,
1999-06-10,157.7591,157.7591,157.7591,157.7591,
1999-06-11,157.8861,157.8861,157.8861,157.8861,
1999-06-14,157.522,157.522,157.522,157.522,
1999-06-15,157.6238,157.6238,157.6238,157.6238,
1999-06-16,157.9428,157.9428,157.9428,157.9428,
1999-06-17,157.3963,157.3963,157.3963,157.3963,
1999-06-18,157.0042,157.0042,157.0042,157.0042,
1999-06-21,156.9764,156.9764,156.9764,156.9764,
1999-06-22,156.5758,156.5758,156.5758,156.5758,
1999-06-23,154.785,154.785,154.785,154.785,
1999-06-24,154.1353,154.1353,154.1353,154.1353,
1999-06-25,151.6127,151.6127,151.6127,151.6127,
1999-06-28,153.5435,153.5435,153.5435,153.5435,
1999-06-29,154.6253,154.6253,154.6253,154.6253,
1999-06-30,154.5556,154.5556,154.5556,154.5556,
1999-07-01,155.7839,155.7839,155.7839,155.7839,
1999-07-02,155.6622,155.6622,155.6622,155.6622,
1999-07-05,157.6326,157.6326,157.6326,157.6326,
1999-07-06,156.7269,156.7269,156.7269,156.7269,
1999-07-07,157.3565,157.3565,157.3565,157.3565,
1999-07-08,158.3338,158.3338,158.3338,158.3338,
1999-07-09,159.0693,159.0693,159.0693,159.0693,
1999-07-12,159.8365,159.8365,159.8365,159.8365,
1999-07-13,158.4742,158.4742,158.4742,158.4742,
1999-07-14,160.8481,160.8481,160.8481,160.8481,
1999-07-15,162.9942,162.9942,162.9942,162.9942,
1999-07-16,163.8891,163.8891,163.8891,163.8891,
1999-07-19,163.6091,163.6091,163.6091,163.6091,
1999-07-20,160.342,160.342,160.342,160.342,
1999-07-21,158.6441,158.6441,158.6441,158.6441,
1999-07-22,159.077,159.077,159.077,159.077,
1999-07-23,158.8532,158.8532,158.8532,158.8532,
1999-07-26,157.8012,157.8012,157.8012,157.8012,
1999-07-27,159.0318,159.0318,159.0318,159.0318,
1999-07-28,159.8319,159.8319,159.8319,159.8319,
1999-07-29,158.0877,158.0877,158.0877,158.0877,
1999-07-30,159.0344,159.0344,159.0344,159.0344,
1999-08-02,157.8972,157.8972,157.8972,157.8972,
1999-08-03,157.7173,157.7173,157.7173,157.7173,
1999-08-04,158.7292,158.7292,158.7292,158.7292,
1999-08-05,157.8669,157.8669,157.8669,157.8669,
1999-08-06,158.5126,158.5126,158.5126,158.5126,
1999-08-09,159.4082,159.4082,159.4082,159.4082,
1999-08-10,158.8981,158.8981,158.8981,158.8981,
1999-08-11,159.8714,159.8714,159.8714,159.8714,
1999-08-12,160.7751,160.7751,160.7751,160.7751,
1999-08-13,161.3472,161.3472,161.3472,161.3472,
1999-08-16,162.7605,162.7605,162.7605,162.7605,
1999-08-17,163.4853,163.4853,163.4853,163.4853,
1999-08-18,163.2862,163.2862,163.2862,163.2862,
1999-08-19,162.7466,162.7466,162.7466,162.7466,
1999-08-20,165.1208,165.1208,165.1208,165.1208,
1999-08-23,167.5467,167.5467,167.5467,167.5467,
1999-08-24,166.5143,166.5143,166.5143,166.5143,
1999-08-25,165.9747,165.9747,165.9747,165.9747,
1999-08-26,165.82,165.82,165.82,165.82,
1999-08-27,165.8163,165.8163,165.8163,165.8163,
1999-08-30,165.8126,165.8126,165.8126,165.8126,
1999-08-31,162.9355,162.9355,162.9355,162.9355,
1999-09-01,165.2811,165.2811,165.2811,165.2811,
1999-09-02,162.6207,162.6207,162.6207,162.6207,
1999-09-03,164.1677,164.1677,164.1677,164.1677,
1999-09-06,165.3048,165.3048,165.3048,165.3048,
1999-09-07,165.129,165.129,165.129,165.129,
1999-09-08,164.9138,164.9138,164.9138,164.9138,
1999-09-09,166.8945,166.8945,166.8945,166.8945,
1999-09-10,168.8916,168.8916,168.8916,168.8916,
1999-09-13,167.8368,167.8368,167.8368,167.8368,
1999-09-14,167.9151,167.9151,167.9151,167.9151,
1999-09-15,168.0633,168.0633,168.0633,168.0633,
1999-09-16,166.9888,166.9888,166.9888,166.9888,
1999-09-17,166.5215,166.5215,166.5215,166.5215,
1999-09-20,169.8802,169.8802,169.8802,169.8802,
1999-09-21,166.9915,166.9915,166.9915,166.9915,
1999-09-22,165.7719,165.7719,165.7719,165.7719,
1999-09-23,166.2656,166.2656,166.2656,166.2656,
1999-09-24,163.0088,163.0088,163.0088,163.0088,
1999-09-27,162.363,162.363,162.363,162.363,
1999-09-28,159.6269,159.6269,159.6269,159.6269,
1999-09-29,158.6134,158.6134,158.6134,158.6134,
1999-09-30,160.9084,160.9084,160.9084,160.9084,
1999-10-01,162.1016,162.1016,162.1016,162.1016,
1999-10-04,162.1135,162.1135,162.1135,162.1135,
1999-10-05,161.6286,161.6286,161.6286,161.6286,
1999-10-06,161.4647,161.4647,161.4647,161.4647,
1999-10-07,160.3845,160.3845,160.3845,160.3845,
1999-10-08,159.5561,159.5561,159.5561,159.5561,
1999-10-11,160.2886,160.2886,160.2886,160.2886,
1999-10-12,161.2408,161.2408,161.2408,161.2408,
1999-10-13,160.846,160.846,160.846,160.846,
1999-10-14,159.8184,159.8184,159.8184,159.8184,
1999-10-15,154.5237,154.5237,154.5237,154.5237,
1999-10-18,154.3316,154.3316,154.3316,154.3316,
1999-10-19,156.8632,156.8632,156.8632,156.8632,
1999-10-20,157.2157,157.2157,157.2157,157.2157,
1999-10-21,154.5077,154.5077,154.5077,154.5077,
1999-10-22,155.9547,155.9547,155.9547,155.9547,
1999-10-25,155.22,155.22,155.22,155.22,
1999-10-26,157.2324,157.2324,157.2324,157.2324,
1999-10-27,157.5912,157.5912,157.5912,157.5912,
1999-10-28,159.1165,159.1165,159.1165,159.1165,
1999-10-29,158.5232,158.5232,158.5232,158.5232,
1999-11-01,158.6458,158.6458,158.6458,158.6458,
1999-11-02,157.9738,157.9738,157.9738,157.9738,
1999-11-03,159.7474,159.7474,159.7474,159.7474,
1999-11-04,160.5923,160.5923,160.5923,160.5923,
1999-11-05,161.0513,161.0513,161.0513,161.0513,
1999-11-08,159.0249,159.0249,159.0249,159.0249,
1999-11-09,160.7216,160.7216,160.7216,160.7216,
1999-11-10,160.9921,160.9921,160.9921,160.9921,
1999-11-11,162.1301,162.1301,162.1301,162.1301,
1999-11-12,162.5086,162.5086,162.5086,162.5086,
1999-11-15,163.5494,163.5494,163.5494,163.5494,
1999-11-16,165.2125,165.2125,165.2125,165.2125,
1999-11-17,167.0322,167.0322,167.0322,167.0322,
1999-11-18,170.5974,170.5974,170.5974,170.5974,
1999-11-19,169.6091,169.6091,169.6091,169.6091,
1999-11-22,169.8772,169.8772,169.8772,169.8772,
1999-11-23,168.9793,168.9793,168.9793,168.9793,
1999-11-24,166.8787,166.8787,166.8787,166.8787,
1999-11-25,168.0762,168.0762,168.0762,168.0762,
1999-11-26,168.7727,168.7727,168.7727,168.7727,
1999-11-29,170.1467,170.1467,170.1467,170.1467,
1999-11-30,169.9773,169.9773,169.9773,169.9773,
1999-12-01,171.1707,171.1707,171.1707,171.1707,
1999-12-02,173.6916,173.6916,173.6916,173.6916,
1999-12-03,176.8387,176.8387,176.8387,176.8387,
1999-12-06,175.9645,175.9645,175.9645,175.9645,
1999-12-07,177.0738,177.0738,177.0738,177.0738,
1999-12-08,176.1275,176.1275,176.1275,176.1275,
1999-12-09,175.6002,175.6002,175.6002,175.6002,
1999-12-10,176.4276,176.4276,176.4276,176.4276,
1999-12-13,177.2243,177.2243,177.2243,177.2243,
1999-12-14,177.024,177.024,177.024,177.024,
1999-12-15,175.2261,175.2261,175.2261,175.2261,
1999-12-16,178.0828,178.0828,178.0828,178.0828,
1999-12-17,179.5578,179.5578,179.5578,179.5578,
1999-12-20,179.2289,179.2289,179.2289,179.2289,
1999-12-21,177.5356,177.5356,177.5356,177.5356,
1999-12-22,182.8213,182.8213,182.8213,182.8213,
1999-12-23,186.4558,186.4558,186.4558,186.4558,
1999-12-27,190.8045,190.8045,190.8045,190.8045,
1999-12-28,187.8912,187.8912,187.8912,187.8912,
1999-12-29,187.0493,187.0493,187.0493,187.0493,
1999-12-30,189.7622,189.7622,189.7622,189.7622,
2000-01-03,192.7313,192.7313,192.7313,192.7313,
2000-01-04,185.698,185.698,185.698,185.698,
2000-01-05,180.5996,180.5996,180.5996,180.5996,
2000-01-06,182.556,182.556,182.556,182.556,
2000-01-07,186.3997,186.3997,186.3997,186.3997,
2000-01-10,191.3621,191.3621,191.3621,191.3621,
2000-01-11,190.2821,190.2821,190.2821,190.2821,
2000-01-12,186.5751,186.5751,186.5751,186.5751,
2000-01-13,189.8985,189.8985,189.8985,189.8985,
2000-01-14,191.2331,191.2331,191.2331,191.2331,
2000-01-17,191.1988,191.1988,191.1988,191.1988,
2000-01-18,190.8731,190.8731,190.8731,190.8731,
2000-01-19,190.6143,190.6143,190.6143,190.6143,
2000-01-20,191.66,191.66,191.66,191.66,
2000-01-21,191.8041,191.8041,191.8041,191.8041,
2000-01-24,193.5385,193.5385,193.5385,193.5385,
2000-01-25,188.8844,188.8844,188.8844,188.8844,
2000-01-26,190.8554,190.8554,190.8554,190.8554,
2000-01-27,190.7767,190.7767,190.7767,190.7767,
2000-01-28,190.1108,190.1108,190.1108,190.1108,
2000-01-31,184.477,184.477,184.477,184.477,
2000-02-01,184.2105,184.2105,184.2105,184.2105,
2000-02-02,186.5881,186.5881,186.5881,186.5881,
2000-02-03,191.1571,191.1571,191.1571,191.1571,
2000-02-04,191.5965,191.5965,191.5965,191.5965,
2000-02-07,190.6389,190.6389,190.6389,190.6389,
2000-02-08,192.19,192.19,192.19,192.19,
2000-02-09,189.5843,189.5843,189.5843,189.5843,
2000-02-10,190.7577,190.7577,190.7577,190.7577,
2000-02-11,191.2792,191.2792,191.2792,191.2792,
2000-02-14,190.5539,190.5539,190.5539,190.5539,
2000-02-15,189.0148,189.0148,189.0148,189.0148,
2000-02-16,188.2552,188.2552,188.2552,188.2552,
2000-02-17,186.9314,186.9314,186.9314,186.9314,
2000-02-18,186.9841,186.9841,186.9841,186.9841,
2000-02-21,185.3523,185.3523,185.3523,185.3523,
2000-02-22,186.8844,186.8844,186.8844,186.8844,
2000-02-23,189.7612,189.7612,189.7612,189.7612,
2000-02-24,190.4513,190.4513,190.4513,190.4513,
2000-02-25,189.1914,189.1914,189.1914,189.1914,
2000-02-28,187.6927,187.6927,187.6927,187.6927,
2000-02-29,189.384,189.384,189.384,189.384,
2000-03-01,193.7116,193.7116,193.7116,193.7116,
2000-03-02,191.2312,191.2312,191.2312,191.2312,
2000-03-03,192.7625,192.7625,192.7625,192.7625,
2000-03-06,194.1223,194.1223,194.1223,194.1223,
2000-03-07,199.3608,199.3608,199.3608,199.3608,
2000-03-08,198.8851,198.8851,198.8851,198.8851,
2000-03-09,198.2421,198.2421,198.2421,198.2421,
2000-03-10,197.8053,197.8053,197.8053,197.8053,
2000-03-13,192.0837,192.0837,192.0837,192.0837,
2000-03-14,193.8708,193.8708,193.8708,193.8708,
2000-03-15,189.2696,189.2696,189.2696,189.2696,
2000-03-16,189.7452,189.7452,189.7452,189.7452,
2000-03-17,188.0756,188.0756,188.0756,188.0756,
2000-03-20,188.3933,188.3933,188.3933,188.3933,
2000-03-21,186.9669,186.9669,186.9669,186.9669,
2000-03-22,189.3724,189.3724,189.3724,189.3724,
2000-03-23,189.7359,189.7359,189.7359,189.7359,
2000-03-24,190.4942,190.4942,190.4942,190.4942,
2000-03-27,188.7541,188.7541,188.7541,188.7541,
2000-03-28,189.162,189.162,189.162,189.162,
2000-03-29,187.6091,187.6091,187.6091,187.6091,
2000-03-30,184.7166,184.7166,184.7166,184.7166,
2000-03-31,188.3205,188.3205,188.3205,188.3205,
2000-04-03,186.6209,186.6209,186.6209,186.6209,
2000-04-04,184.8739,184.8739,184.8739,184.8739,
2000-04-05,175.5899,175.5899,175.5899,175.5899,
2000-04-06,181.4963,181.4963,181.4963,181.4963,
2000-04-07,184.2269,184.2269,184.2269,184.2269,
2000-04-10,184.4859,184.4859,184.4859,184.4859,
2000-04-11,181.1115,181.1115,181.1115,181.1115,
2000-04-12,181.5878,181.5878,181.5878,181.5878,
2000-04-13,179.3648,179.3648,179.3648,179.3648,
2000-04-14,174.7048,174.7048,174.7048,174.7048,
2000-04-17,172.3029,172.3029,172.3029,172.3029,
2000-04-18,174.6072,174.6072,174.6072,174.6072,
2000-04-19,178.3293,178.3293,178.3293,178.3293,
2000-04-25,178.6193,178.6193,178.6193,178.6193,
2000-04-26,180.1037,180.1037,180.1037,180.1037,
2000-04-27,177.3499,177.3499,177.3499,177.3499,
2000-04-28,182.051,182.051,182.051,182.051,
2000-05-02,185.3549,185.3549,185.3549,185.3549,
2000-05-03,187.8313,187.8313,187.8313,187.8313,
2000-05-04,190.0775,190.0775,190.0775,190.0775,
2000-05-05,189.9616,189.9616,189.9616,189.9616,
2000-05-08,190.2203,190.2203,190.2203,190.2203,
2000-05-09,190.9354,190.9354,190.9354,190.9354,
2000-05-10,189.0512,189.0512,189.0512,189.0512,
2000-05-11,189.9426,189.9426,189.9426,189.9426,
2000-05-12,193.3691,193.3691,193.3691,193.3691,
2000-05-15,193.4755,193.4755,193.4755,193.4755,
2000-05-16,196.4991,196.4991,196.4991,196.4991,
2000-05-18,199.2198,199.2198,199.2198,199.2198,
2000-05-19,195.9032,195.9032,195.9032,195.9032,
2000-05-22,194.4454,194.4454,194.4454,194.4454,
2000-05-23,194.1275,194.1275,194.1275,194.1275,
2000-05-24,190.9463,190.9463,190.9463,190.9463,
2000-05-25,192.9701,192.9701,192.9701,192.9701,
2000-05-26,190.4057,190.4057,190.4057,190.4057,
2000-05-29,189.3673,189.3673,189.3673,189.3673,
2000-05-30,191.2399,191.2399,191.2399,191.2399,
2000-05-31,190.6267,190.6267,190.6267,190.6267,
2000-06-02,194.2545,194.2545,194.2545,194.2545,
2000-06-05,192.3479,192.3479,192.3479,192.3479,
2000-06-06,190.4035,190.4035,190.4035,190.4035,
2000-06-07,190.5295,190.5295,190.5295,190.5295,
2000-06-08,191.9277,191.9277,191.9277,191.9277,
2000-06-09,192.5894,192.5894,192.5894,192.5894,
2000-06-13,193.3202,193.3202,193.3202,193.3202,
2000-06-14,193.4601,193.4601,193.4601,193.4601,
2000-06-15,193.2757,193.2757,193.2757,193.2757,
2000-06-16,194.8939,194.8939,194.8939,194.8939,
2000-06-19,194.7175,194.7175,194.7175,194.7175,
2000-06-20,193.2997,193.2997,193.2997,193.2997,
2000-06-21,190.9931,190.9931,190.9931,190.9931,
2000-06-22,192.2521,192.2521,192.2521,192.2521,
2000-06-23,193.3766,193.3766,193.3766,193.3766,
2000-06-26,194.1695,194.1695,194.1695,194.1695,
2000-06-27,194.8567,194.8567,194.8567,194.8567,
2000-06-28,196.2004,196.2004,196.2004,196.2004,
2000-06-29,194.5644,194.5644,194.5644,194.5644,
2000-06-30,196.2783,196.2783,196.2783,196.2783,
2000-07-03,197.7044,197.7044,197.7044,197.7044,
2000-07-04,196.9044,196.9044,196.9044,196.9044,
2000-07-05,196.4212,196.4212,196.4212,196.4212,
2000-07-06,196.7426,196.7426,196.7426,196.7426,
2000-07-07,198.2122,198.2122,198.2122,198.2122,
2000-07-10,197.096,197.096,197.096,197.096,
2000-07-11,197.3557,197.3557,197.3557,197.3557,
2000-07-12,199.9728,199.9728,199.9728,199.9728,
2000-07-13,201.5975,201.5975,201.5975,201.5975,
2000-07-14,201.8472,201.8472,201.8472,201.8472,
2000-07-17,201.6141,201.6141,201.6141,201.6141,
2000-07-18,201.617,201.617,201.617,201.617,
2000-07-19,202.1218,202.1218,202.1218,202.1218,
2000-07-20,202.591,202.591,202.591,202.591,
2000-07-21,202.8394,202.8394,202.8394,202.8394,
2000-07-24,203.2908,203.2908,203.2908,203.2908,
2000-07-25,202.9203,202.9203,202.9203,202.9203,
2000-07-26,203.1219,203.1219,203.1219,203.1219,
2000-07-27,201.6407,201.6407,201.6407,201.6407,
2000-07-28,202.3872,202.3872,202.3872,202.3872,
2000-07-31,201.7848,201.7848,201.7848,201.7848,
2000-08-01,202.3479,202.3479,202.3479,202.3479,
2000-08-02,202.351,202.351,202.351,202.351,
2000-08-03,200.9544,200.9544,200.9544,200.9544,
2000-08-04,203.2977,203.2977,203.2977,203.2977,
2000-08-07,203.2911,203.2911,203.2911,203.2911,
2000-08-08,204.0287,204.0287,204.0287,204.0287,
2000-08-09,206.6622,206.6622,206.6622,206.6622,
2000-08-10,204.9706,204.9706,204.9706,204.9706,
2000-08-11,206.8046,206.8046,206.8046,206.8046,
2000-08-14,210.6568,210.6568,210.6568,210.6568,
2000-08-15,211.1037,211.1037,211.1037,211.1037,
2000-08-16,212.7299,212.7299,212.7299,212.7299,
2000-08-17,212.8558,212.8558,212.8558,212.8558,
2000-08-18,213.3728,213.3728,213.3728,213.3728,
2000-08-21,217.4384,217.4384,217.4384,217.4384,
2000-08-22,216.2182,216.2182,216.2182,216.2182,
2000-08-23,218.3571,218.3571,218.3571,218.3571,
2000-08-24,220.6745,220.6745,220.6745,220.6745,
2000-08-25,220.8575,220.8575,220.8575,220.8575,
2000-08-28,218.851,218.851,218.851,218.851,
2000-08-29,218.9972,218.9972,218.9972,218.9972,
2000-08-30,218.5384,218.5384,218.5384,218.5384,
2000-08-31,220.584,220.584,220.584,220.584,
2000-09-01,220.604,220.604,220.604,220.604,
2000-09-04,219.1273,219.1273,219.1273,219.1273,
2000-09-05,217.1203,217.1203,217.1203,217.1203,
2000-09-06,216.8941,216.8941,216.8941,216.8941,
2000-09-07,218.094,218.094,218.094,218.094,
2000-09-08,218.6386,218.6386,218.6386,218.6386,
2000-09-11,219.5851,219.5851,219.5851,219.5851,
2000-09-12,222.9855,222.9855,222.9855,222.9855,
2000-09-13,221.6937,221.6937,221.6937,221.6937,
2000-09-14,225.037,225.037,225.037,225.037,
2000-09-15,224.3966,224.3966,224.3966,224.3966,
2000-09-18,223.6452,223.6452,223.6452,223.6452,
2000-09-19,222.7839,222.7839,222.7839,222.7839,
2000-09-20,219.7653,219.7653,219.7653,219.7653,
2000-09-21,217.8854,217.8854,217.8854,217.8854,
2000-09-22,213.6781,213.6781,213.6781,213.6781,
2000-09-25,214.3362,214.3362,214.3362,214.3362,
2000-09-26,212.6159,212.6159,212.6159,212.6159,
2000-09-27,214.294,214.294,214.294,214.294,
2000-09-28,213.2562,213.2562,213.2562,213.2562,
2000-09-29,213.9412,213.9412,213.9412,213.9412,
2000-10-02,215.5255,215.5255,215.5255,215.5255,
2000-10-03,218.0762,218.0762,218.0762,218.0762,
2000-10-04,215.0841,215.0841,215.0841,215.0841,
2000-10-05,214.2382,214.2382,214.2382,214.2382,
2000-10-06,214.5828,214.5828,214.5828,214.5828,
2000-10-09,212.1284,212.1284,212.1284,212.1284,
2000-10-10,212.3071,212.3071,212.3071,212.3071,
2000-10-11,207.7965,207.7965,207.7965,207.7965,
2000-10-12,208.1099,208.1099,208.1099,208.1099,
2000-10-13,206.4266,206.4266,206.4266,206.4266,
2000-10-16,206.5522,206.5522,206.5522,206.5522,
2000-10-17,204.0595,204.0595,204.0595,204.0595,
2000-10-18,198.2468,198.2468,198.2468,198.2468,
2000-10-19,205.0882,205.0882,205.0882,205.0882,
2000-10-20,205.9111,205.9111,205.9111,205.9111,
2000-10-23,208.109,208.109,208.109,208.109,
2000-10-24,212.0564,212.0564,212.0564,212.0564,
2000-10-25,209.4799,209.4799,209.4799,209.4799,
2000-10-26,210.548,210.548,210.548,210.548,
2000-10-27,212.2532,212.2532,212.2532,212.2532,
2000-10-30,209.4256,209.4256,209.4256,209.4256,
2000-10-31,212.9206,212.9206,212.9206,212.9206,
2000-11-01,213.9708,213.9708,213.9708,213.9708,
2000-11-02,216.368,216.368,216.368,216.368,
2000-11-03,218.2732,218.2732,218.2732,218.2732,
2000-11-06,219.9942,219.9942,219.9942,219.9942,
2000-11-07,217.8063,217.8063,217.8063,217.8063,
2000-11-08,217.0708,217.0708,217.0708,217.0708,
2000-11-09,215.6703,215.6703,215.6703,215.6703,
2000-11-10,212.6327,212.6327,212.6327,212.6327,
2000-11-13,208.4526,208.4526,208.4526,208.4526,
2000-11-14,210.8052,210.8052,210.8052,210.8052,
2000-11-15,208.4216,208.4216,208.4216,208.4216,
2000-11-16,207.169,207.169,207.169,207.169,
2000-11-17,207.3547,207.3547,207.3547,207.3547,
2000-11-20,204.7627,204.7627,204.7627,204.7627,
2000-11-21,202.7234,202.7234,202.7234,202.7234,
2000-11-22,197.3947,197.3947,197.3947,197.3947,
2000-11-23,199.6856,199.6856,199.6856,199.6856,
2000-11-24,202.6718,202.6718,202.6718,202.6718,
2000-11-27,205.578,205.578,205.578,205.578,
2000-11-28,201.9893,201.9893,201.9893,201.9893,
2000-11-29,201.4958,201.4958,201.4958,201.4958,
2000-11-30,195.5741,195.5741,195.5741,195.5741,
2000-12-01,196.2098,196.2098,196.2098,196.2098,
2000-12-04,189.689,189.689,189.689,189.689,
2000-12-05,191.7919,191.7919,191.7919,191.7919,
2000-12-06,193.0138,193.0138,193.0138,193.0138,
2000-12-07,190.2104,190.2104,190.2104,190.2104,
2000-12-08,191.7154,191.7154,191.7154,191.7154,
2000-12-11,193.7523,193.7523,193.7523,193.7523,
2000-12-12,194.3878,194.3878,194.3878,194.3878,
2000-12-13,198.152,198.152,198.152,198.152,
2000-12-14,195.0462,195.0462,195.0462,195.0462,
2000-12-15,189.8879,189.8879,189.8879,189.8879,
2000-12-18,189.6955,189.6955,189.6955,189.6955,
2000-12-19,190.4208,190.4208,190.4208,190.4208,
2000-12-20,185.3594,185.3594,185.3594,185.3594,
2000-12-21,183.0928,183.0928,183.0928,183.0928,
2000-12-22,188.0216,188.0216,188.0216,188.0216,
2000-12-27,194.3175,194.3175,194.3175,194.3175,
2000-12-28,196.3393,196.3393,196.3393,196.3393,
2000-12-29,195.791,195.791,195.791,195.791,
2001-01-02,199.2077,199.2077,199.2077,199.2077,
2001-01-03,192.6198,192.6198,192.6198,192.6198,
2001-01-04,196.3817,196.3817,196.3817,196.3817,
2001-01-05,197.6946,197.6946,197.6946,197.6946,
2001-01-08,198.1583,198.1583,198.1583,198.1583,
2001-01-09,196.4337,196.4337,196.4337,196.4337,
2001-01-10,195.241,195.241,195.241,195.241,
2001-01-11,194.7013,194.7013,194.7013,194.7013,
2001-01-12,195.9405,195.9405,195.9405,195.9405,
2001-01-15,196.165,196.165,196.165,196.165,
2001-01-16,194.2871,194.2871,194.2871,194.2871,
2001-01-17,198.1845,198.1845,198.1845,198.1845,
2001-01-18,198.3408,198.3408,198.3408,198.3408,
2001-01-19,197.9427,197.9427,197.9427,197.9427,
2001-01-22,196.3496,196.3496,196.3496,196.3496,
2001-01-23,196.9798,196.9798,196.9798,196.9798,
2001-01-24,198.3621,198.3621,198.3621,198.3621,
2001-01-25,197.0924,197.0924,197.0924,197.0924,
2001-01-26,198.3797,198.3797,198.3797,198.3797,
2001-01-29,196.6573,196.6573,196.6573,196.6573,
2001-01-30,198.6082,198.6082,198.6082,198.6082,
2001-01-31,201.1837,201.1837,201.1837,201.1837,
2001-02-01,202.184,202.184,202.184,202.184,
2001-02-02,202.9327,202.9327,202.9327,202.9327,
2001-02-05,201.9055,201.9055,201.9055,201.9055,
2001-02-06,204.0614,204.0614,204.0614,204.0614,
2001-02-07,203.5944,203.5944,203.5944,203.5944,
2001-02-08,204.9037,204.9037,204.9037,204.9037,
2001-02-09,203.6119,203.6119,203.6119,203.6119,
2001-02-12,200.2551,200.2551,200.2551,200.2551,
2001-02-13,202.2704,202.2704,202.2704,202.2704,
2001-02-14,200.1577,200.1577,200.1577,200.1577,
2001-02-15,199.3664,199.3664,199.3664,199.3664,
2001-02-16,198.8235,198.8235,198.8235,198.8235,
2001-02-19,201.4818,201.4818,201.4818,201.4818,
2001-02-20,201.7407,201.7407,201.7407,201.7407,
2001-02-21,200.624,200.624,200.624,200.624,
2001-02-22,201.7065,201.7065,201.7065,201.7065,
2001-02-23,200.5735,200.5735,200.5735,200.5735,
2001-02-26,201.4647,201.4647,201.4647,201.4647,
2001-02-27,201.4397,201.4397,201.4397,201.4397,
2001-02-28,200.8298,200.8298,200.8298,200.8298,
2001-03-01,195.8321,195.8321,195.8321,195.8321,
2001-03-02,196.449,196.449,196.449,196.449,
2001-03-05,199.5346,199.5346,199.5346,199.5346,
2001-03-06,204.1083,204.1083,204.1083,204.1083,
2001-03-07,202.6922,202.6922,202.6922,202.6922,
2001-03-08,202.6439,202.6439,202.6439,202.6439,
2001-03-09,201.3707,201.3707,201.3707,201.3707,
2001-03-12,197.2689,197.2689,197.2689,197.2689,
2001-03-13,193.3729,193.3729,193.3729,193.3729,
2001-03-14,186.7809,186.7809,186.7809,186.7809,
2001-03-15,189.9974,189.9974,189.9974,189.9974,
2001-03-16,188.012,188.012,188.012,188.012,
2001-03-19,192.09,192.09,192.09,192.09,
2001-03-20,194.75,194.75,194.75,194.75,
2001-03-21,191.66,191.66,191.66,191.66,
2001-03-22,185.81,185.81,185.81,185.81,
2001-03-23,185.16,185.16,185.16,185.16,
2001-03-26,187.85,187.85,187.85,187.85,
2001-03-27,190.18,190.18,190.18,190.18,
2001-03-28,188.7,188.7,188.7,188.7,
2001-03-29,188.72,188.72,188.72,188.72,
2001-03-30,191.42,191.42,191.42,191.42,
2001-04-02,191.06,191.06,191.06,191.06,
2001-04-03,187.49,187.49,187.49,187.49,
2001-04-04,186.63,186.63,186.63,186.63,
2001-04-05,191.07,191.07,191.07,191.07,
2001-04-06,190.49,190.49,190.49,190.49,
2001-04-09,190.66,190.66,190.66,190.66,
2001-04-10,194.27,194.27,194.27,194.27,
2001-04-11,196.2,196.2,196.2,196.2,
2001-04-17,194.65,194.65,194.65,194.65,
2001-04-18,196.49,196.49,196.49,196.49,
2001-04-19,196.0,196.0,196.0,196.0,
2001-04-20,195.32,195.32,195.32,195.32,
2001-04-23,195.8,195.8,195.8,195.8,
2001-04-24,197.95,197.95,197.95,197.95,
2001-04-25,197.55,197.55,197.55,197.55,
2001-04-26,197.78,197.78,197.78,197.78,
2001-04-27,200.95,200.95,200.95,200.95,
2001-04-30,202.44,202.44,202.44,202.44,
2001-05-02,202.58,202.58,202.58,202.58,
2001-05-03,200.23,200.23,200.23,200.23,
2001-05-04,200.58,200.58,200.58,200.58,
2001-05-07,202.71,202.71,202.71,202.71,
2001-05-08,203.39,203.39,203.39,203.39,
2001-05-09,202.59,202.59,202.59,202.59,
2001-05-10,205.87,205.87,205.87,205.87,
2001-05-11,206.07,206.07,206.07,206.07,
2001-05-14,201.53,201.53,201.53,201.53,
2001-05-15,203.01,203.01,203.01,203.01,
2001-05-16,200.98,200.98,200.98,200.98,
2001-05-18,205.4,205.4,205.4,205.4,
2001-05-21,209.88,209.88,209.88,209.88,
2001-05-22,209.65,209.65,209.65,209.65,
2001-05-23,209.33,209.33,209.33,209.33,
2001-05-25,211.4,211.4,211.4,211.4,
2001-05-28,211.04,211.04,211.04,211.04,
2001-05-29,208.31,208.31,208.31,208.31,
2001-05-30,207.07,207.07,207.07,207.07,
2001-05-31,207.02,207.02,207.02,207.02,
2001-06-01,207.45,207.45,207.45,207.45,
2001-06-05,208.8,208.8,208.8,208.8,
2001-06-06,208.25,208.25,208.25,208.25,
2001-06-07,207.42,207.42,207.42,207.42,
2001-06-08,207.75,207.75,207.75,207.75,
2001-06-11,205.24,205.24,205.24,205.24,
2001-06-12,200.8,200.8,200.8,200.8,
2001-06-13,203.36,203.36,203.36,203.36,
2001-06-14,199.87,199.87,199.87,199.87,
2001-06-15,197.72,197.72,197.72,197.72,
2001-06-18,197.61,197.61,197.61,197.61,
2001-06-19,198.95,198.95,198.95,198.95,
2001-06-20,198.22,198.22,198.22,198.22,
2001-06-21,196.67,196.67,196.67,196.67,
2001-06-22,197.25,197.25,197.25,197.25,
2001-06-25,196.89,196.89,196.89,196.89,
2001-06-26,193.61,193.61,193.61,193.61,
2001-06-27,193.81,193.81,193.81,193.81,
2001-06-28,193.17,193.17,193.17,193.17,
2001-06-29,194.2,194.2,194.2,194.2,
2001-07-02,195.28,195.28,195.28,195.28,
2001-07-03,195.37,195.37,195.37,195.37,
2001-07-04,195.51,195.51,195.51,195.51,
2001-07-05,194.36,194.36,194.36,194.36,
2001-07-06,194.32,194.32,194.32,194.32,
2001-07-09,193.9,193.9,193.9,193.9,
2001-07-10,192.54,192.54,192.54,192.54,
2001-07-11,191.65,191.65,191.65,191.65,
2001-07-12,191.83,191.83,191.83,191.83,
2001-07-13,188.65,188.65,188.65,188.65,
2001-07-16,187.21,187.21,187.21,187.21,
2001-07-17,185.5,185.5,185.5,185.5,
2001-07-18,184.49,184.49,184.49,184.49,
2001-07-19,187.2,187.2,187.2,187.2,
2001-07-20,186.71,186.71,186.71,186.71,
2001-07-23,188.36,188.36,188.36,188.36,
2001-07-24,186.1,186.1,186.1,186.1,
2001-07-25,184.51,184.51,184.51,184.51,
2001-07-26,186.1,186.1,186.1,186.1,
2001-07-27,187.81,187.81,187.81,187.81,
2001-07-30,188.69,188.69,188.69,188.69,
2001-07-31,189.04,189.04,189.04,189.04,
2001-08-01,189.2,189.2,189.2,189.2,
2001-08-02,189.76,189.76,189.76,189.76,
2001-08-03,189.04,189.04,189.04,189.04,
2001-08-06,187.63,187.63,187.63,187.63,
2001-08-07,187.31,187.31,187.31,187.31,
2001-08-08,186.17,186.17,186.17,186.17,
2001-08-09,184.9,184.9,184.9,184.9,
2001-08-10,185.09,185.09,185.09,185.09,
2001-08-13,185.34,185.34,185.34,185.34,
2001-08-14,185.16,185.16,185.16,185.16,
2001-08-15,183.87,183.87,183.87,183.87,
2001-08-16,183.49,183.49,183.49,183.49,
2001-08-17,182.31,182.31,182.31,182.31,
2001-08-20,180.43,180.43,180.43,180.43,
2001-08-21,181.36,181.36,181.36,181.36,
2001-08-22,181.87,181.87,181.87,181.87,
2001-08-23,181.11,181.11,181.11,181.11,
2001-08-24,182.4,182.4,182.4,182.4,
2001-08-27,182.09,182.09,182.09,182.09,
2001-08-28,181.31,181.31,181.31,181.31,
2001-08-29,179.04,179.04,179.04,179.04,
2001-08-30,177.97,177.97,177.97,177.97,
2001-08-31,176.62,176.62,176.62,176.62,
2001-09-03,176.62,176.94,175.35,175.65,
2001-09-04,175.65,177.05,174.54,177.05,
2001-09-05,177.05,178.42,176.48,178.32,
2001-09-06,178.32,178.35,177.0,177.28,
2001-09-07,177.28,177.28,173.72,174.51,
2001-09-10,174.51,174.51,169.49,170.14,
2001-09-11,170.14,172.41,167.89,170.42,
2001-09-12,170.42,170.42,161.75,164.3,
2001-09-13,164.3,164.5,161.77,163.55,
2001-09-14,163.55,164.64,160.81,160.83,
2001-09-17,160.83,160.83,155.43,158.95,
2001-09-18,158.95,159.02,154.66,155.86,
2001-09-19,155.86,156.42,150.28,150.55,
2001-09-20,150.55,150.55,138.46,143.15,
2001-09-21,143.15,143.15,133.35,134.06,
2001-09-24,134.06,140.53,134.06,140.52,
2001-09-25,140.52,143.2,139.62,143.12,
2001-09-26,143.12,145.11,142.66,143.71,
2001-09-27,143.71,145.04,143.18,144.68,
2001-09-28,144.68,147.53,144.68,147.08,
2001-10-01,147.08,147.92,144.05,144.76,
2001-10-02,144.76,144.99,143.42,144.97,
2001-10-03,144.97,145.01,142.65,143.57,
2001-10-04,143.57,145.38,143.57,145.31,
2001-10-05,145.31,145.38,143.02,143.66,
2001-10-08,143.66,143.66,139.95,142.08,
2001-10-09,142.08,144.2,142.08,142.93,
2001-10-10,142.93,143.73,141.31,143.72,
2001-10-11,143.72,147.04,143.72,146.99,
2001-10-12,146.99,147.15,145.02,145.99,
2001-10-15,145.99,145.99,143.69,143.69,
2001-10-16,143.69,145.1,143.5,145.09,
2001-10-17,145.09,148.5,145.09,148.36,
2001-10-18,148.36,148.36,145.36,145.98,
2001-10-19,145.98,146.11,144.19,144.45,
2001-10-22,144.45,146.3,144.45,146.28,
2001-10-23,146.28,148.48,146.28,148.12,
2001-10-24,148.12,149.92,147.76,149.38,
2001-10-25,149.38,150.45,147.21,147.64,
2001-10-26,147.64,150.65,147.64,150.62,
2001-10-29,150.62,152.04,150.55,151.25,
2001-10-30,151.25,151.25,149.03,150.13,
2001-10-31,150.13,151.93,149.73,150.36,
2001-11-01,150.36,150.98,148.61,148.69,
2001-11-02,148.69,149.59,147.76,148.12,
2001-11-05,148.12,151.13,148.12,150.97,
2001-11-06,150.97,152.25,150.89,151.67,
2001-11-07,151.67,153.08,150.81,152.86,
2001-11-08,152.86,154.53,152.8,154.19,
2001-11-09,154.19,156.36,154.06,155.61,
2001-11-12,155.61,155.94,151.04,151.61,
2001-11-13,151.61,156.22,151.61,155.9,
2001-11-14,155.9,158.56,155.9,157.56,
2001-11-15,157.56,157.63,155.28,155.9,
2001-11-16,155.9,157.13,154.46,156.2,
2001-11-19,156.2,156.99,155.31,155.93,
2001-11-20,155.93,158.02,155.86,156.85,
2001-11-21,156.85,157.0,155.06,155.4,
2001-11-22,155.4,157.26,155.38,157.24,
2001-11-23,157.24,157.75,155.94,156.77,
2001-11-26,156.77,158.15,156.77,157.58,
2001-11-27,157.58,159.14,157.58,158.14,
2001-11-28,158.14,158.39,157.01,157.52,
2001-11-29,157.52,158.0,156.62,157.8,
2001-11-30,157.8,159.37,157.8,158.89,
2001-12-03,158.89,159.01,157.58,157.93,
2001-12-04,157.93,159.87,157.85,159.87,
2001-12-05,159.87,162.41,159.84,162.32,
2001-12-06,162.32,163.41,162.22,162.42,
2001-12-07,162.42,162.86,161.35,161.77,
2001-12-10,161.77,161.8,160.1,161.26,
2001-12-11,161.26,161.44,159.84,161.33,
2001-12-12,161.33,162.13,160.77,162.13,
2001-12-13,162.13,162.2,158.88,159.62,
2001-12-14,159.62,160.27,158.63,159.93,
2001-12-17,159.93,160.47,157.57,158.04,
2001-12-18,158.04,158.43,157.56,158.39,
2001-12-19,158.39,158.44,156.72,157.57,
2001-12-20,157.57,159.7,157.54,159.66,
2001-12-21,159.66,161.77,159.05,161.45,
2001-12-27,161.45,166.12,161.45,166.12,
2001-12-28,166.12,167.66,166.01,167.18,
2002-01-02,167.18,168.31,166.68,167.85,
2002-01-03,167.85,170.17,167.82,169.79,
2002-01-04,169.79,171.36,169.79,171.33,
2002-01-07,171.33,171.74,169.85,170.65,
2002-01-08,170.65,170.88,167.72,168.53,
2002-01-09,168.53,169.37,166.99,168.89,
2002-01-10,168.89,168.89,167.39,168.12,
2002-01-11,168.12,169.16,167.34,168.1,
2002-01-14,168.1,168.33,166.98,167.41,
2002-01-15,167.41,167.41,163.22,163.62,
2002-01-16,163.62,163.63,160.8,161.29,
2002-01-17,161.29,163.71,161.0,163.04,
2002-01-18,163.04,163.06,160.79,161.86,
2002-01-21,161.86,161.91,160.72,161.7,
2002-01-22,161.7,163.21,161.69,162.63,
2002-01-23,162.63,163.03,160.93,161.4,
2002-01-24,161.4,163.78,161.39,163.66,
2002-01-25,163.66,163.67,162.64,163.27,
2002-01-28,163.27,164.87,163.27,164.84,
2002-01-29,164.84,165.33,164.05,164.71,
2002-01-30,164.71,164.71,162.04,162.26,
2002-01-31,162.26,163.66,162.26,163.55,
2002-02-01,163.55,164.16,163.38,163.95,
2002-02-04,163.95,163.95,162.43,163.81,
2002-02-05,163.81,163.81,161.38,161.63,
2002-02-06,161.63,161.89,160.23,161.75,
2002-02-07,161.75,161.95,159.65,161.28,
2002-02-08,161.28,161.43,160.1,160.1,
2002-02-11,160.1,161.38,160.04,161.12,
2002-02-12,161.12,162.48,161.07,161.11,
2002-02-13,161.11,162.46,161.0,162.31,
2002-02-14,162.31,163.48,162.14,162.92,
2002-02-15,162.92,162.92,161.82,162.36,
2002-02-18,162.36,162.36,161.47,161.62,
2002-02-19,161.62,161.62,159.7,160.4,
2002-02-20,160.4,160.4,159.16,160.03,
2002-02-21,160.03,161.51,160.03,160.62,
2002-02-22,160.62,162.0,159.85,161.94,
2002-02-25,161.94,162.54,161.28,162.34,
2002-02-26,162.34,164.03,162.34,163.93,
2002-02-27,163.93,166.04,163.61,166.04,
2002-02-28,166.04,166.04,164.92,165.46,
2002-03-01,165.46,165.93,165.17,165.51,
2002-03-04,165.51,168.16,165.51,166.9,
2002-03-05,166.9,168.98,166.9,168.72,
2002-03-06,168.72,169.32,168.29,168.79,
2002-03-07,168.79,172.48,168.79,171.9,
2002-03-08,171.9,175.63,171.89,175.29,
2002-03-11,175.29,176.82,174.27,174.67,
2002-03-12,174.67,174.67,173.07,174.03,
2002-03-13,174.03,176.14,174.03,174.35,
2002-03-14,174.35,174.85,173.61,174.48,
2002-03-15,174.48,175.61,174.44,175.47,
2002-03-18,175.47,176.76,175.47,176.68,
2002-03-19,176.68,178.68,176.68,178.35,
2002-03-20,178.35,178.35,176.22,176.22,
2002-03-21,176.22,178.83,175.78,177.98,
2002-03-22,177.98,178.77,177.68,177.93,
2002-03-25,177.93,178.47,177.54,177.69,
2002-03-26,177.69,177.72,176.49,177.61,
2002-03-27,177.61,179.13,177.61,179.06,
2002-04-02,179.06,180.84,179.06,180.06,
2002-04-03,180.06,180.75,178.91,180.55,
2002-04-04,180.55,180.55,176.32,176.93,
2002-04-05,176.93,177.99,176.83,177.5,
2002-04-08,177.5,177.62,175.7,176.37,
2002-04-09,176.37,176.87,175.81,176.32,
2002-04-10,176.32,176.32,174.92,175.05,
2002-04-11,175.05,176.25,175.04,175.35,
2002-04-12,175.35,175.35,174.72,175.13,
2002-04-15,175.13,175.3,174.48,174.88,
2002-04-16,174.88,176.59,174.88,176.56,
2002-04-17,176.56,177.88,176.56,177.01,
2002-04-18,177.01,178.34,177.01,177.85,
2002-04-19,177.85,177.85,176.49,176.64,
2002-04-22,176.64,176.64,174.88,175.47,
2002-04-23,175.47,175.76,174.01,174.42,
2002-04-24,174.42,175.42,174.04,174.79,
2002-04-25,174.79,174.83,171.24,171.81,
2002-04-26,171.81,172.25,170.82,171.34,
2002-04-29,171.34,171.34,168.93,169.64,
2002-04-30,169.64,170.86,169.63,170.51,
2002-05-02,170.51,175.04,170.47,175.04,
2002-05-03,175.04,175.37,174.16,174.44,
2002-05-06,174.44,174.44,172.78,173.11,
2002-05-07,173.11,173.11,170.67,171.76,
2002-05-08,171.76,175.13,171.76,174.84,
2002-05-10,174.84,176.16,174.72,175.93,
2002-05-13,175.93,175.93,174.82,175.29,
2002-05-14,175.29,178.1,175.28,177.86,
2002-05-15,177.86,178.29,176.65,176.97,
2002-05-16,176.97,178.37,176.52,178.18,
2002-05-21,178.18,178.27,176.84,177.06,
2002-05-22,177.06,177.08,173.63,174.1,
2002-05-23,174.1,174.1,172.26,173.75,
2002-05-24,173.75,174.17,172.11,172.71,
2002-05-27,172.71,172.71,171.73,172.14,
2002-05-28,172.14,172.58,170.38,170.76,
2002-05-29,170.76,170.76,166.4,166.78,
2002-05-30,166.78,166.79,165.42,165.76,
2002-05-31,165.74,167.09,164.48,165.92,
2002-06-03,165.92,166.78,164.99,164.99,
2002-06-04,164.99,164.99,160.38,160.41,
2002-06-05,160.41,161.34,159.53,159.53,
2002-06-06,159.53,161.41,159.53,160.75,
2002-06-07,160.75,160.81,156.34,156.92,
2002-06-10,156.92,158.12,156.89,157.98,
2002-06-11,157.98,160.83,157.08,160.76,
2002-06-12,160.76,160.8,158.76,160.41,
2002-06-13,160.41,162.53,160.31,160.55,
2002-06-14,160.55,160.55,155.85,156.04,
2002-06-17,156.04,159.59,156.01,159.59,
2002-06-18,159.59,160.87,159.28,159.7,
2002-06-19,159.7,159.7,157.73,158.06,
2002-06-20,158.06,159.11,153.1,153.62,
2002-06-21,153.62,153.89,151.47,152.7,
2002-06-24,152.7,153.66,148.89,149.06,
2002-06-25,149.06,150.74,149.06,149.81,
2002-06-26,149.81,149.81,142.34,142.59,
2002-06-27,142.59,149.04,142.59,147.68,
2002-06-28,147.68,150.04,147.68,148.45,
2002-07-01,148.45,151.24,147.76,149.77,
2002-07-02,149.77,149.77,147.83,148.65,
2002-07-03,148.65,148.65,145.28,146.06,
2002-07-04,146.06,147.47,145.35,145.93,
2002-07-05,145.93,149.01,145.91,148.8,
2002-07-08,148.8,149.67,147.93,149.52,
2002-07-09,149.52,149.57,147.73,148.96,
2002-07-10,148.96,148.96,147.11,147.25,
2002-07-11,147.25,147.25,144.9,145.28,
2002-07-12,145.28,147.07,143.56,144.34,
2002-07-15,144.34,145.7,143.57,143.71,
2002-07-16,143.71,144.62,142.25,142.46,
2002-07-17,142.46,145.52,142.0,145.4,
2002-07-18,145.4,147.2,144.59,145.48,
2002-07-19,145.48,145.48,140.88,142.33,
2002-07-22,142.33,142.33,137.41,137.51,
2002-07-23,137.51,139.32,132.6,133.41,
2002-07-24,133.41,133.41,123.84,126.08,
2002-07-25,126.08,132.86,126.08,131.08,
2002-07-26,131.08,131.88,128.55,131.83,
2002-07-29,131.83,134.45,131.83,134.36,
2002-07-30,134.36,136.68,134.36,134.6,
2002-07-31,134.6,138.07,134.28,136.58,
2002-08-01,136.58,138.43,136.32,136.71,
2002-08-02,136.71,136.71,134.11,134.86,
2002-08-05,134.86,134.86,130.41,130.56,
2002-08-06,130.56,132.14,129.22,131.67,
2002-08-07,131.67,134.42,131.46,132.91,
2002-08-08,132.91,135.64,132.81,134.22,
2002-08-09,134.22,135.35,133.8,134.9,
2002-08-12,134.9,135.15,132.51,132.87,
2002-08-13,132.87,134.14,132.66,133.89,
2002-08-14,133.89,133.89,131.88,132.56,
2002-08-15,132.56,135.75,132.56,134.61,
2002-08-16,134.61,135.33,133.01,133.48,
2002-08-19,133.48,134.52,133.02,133.06,
2002-08-20,133.06,134.57,133.06,133.37,
2002-08-21,133.37,134.8,132.66,134.46,
2002-08-22,134.46,137.28,134.46,136.64,
2002-08-23,136.64,137.1,135.42,136.13,
2002-08-26,136.13,136.31,134.86,134.94,
2002-08-27,134.94,135.83,133.96,135.21,
2002-08-28,135.21,135.21,132.56,132.63,
2002-08-29,132.63,132.63,129.71,129.85,
2002-08-30,129.85,131.42,128.29,131.42,
2002-09-02,131.42,131.42,129.68,130.5,
2002-09-03,130.5,130.5,126.63,126.86,
2002-09-04,126.86,126.86,124.31,125.29,
2002-09-05,125.29,126.32,121.37,122.33,
2002-09-06,122.33,124.7,121.96,124.62,
2002-09-09,124.62,124.94,122.81,123.09,
2002-09-10,123.09,124.59,123.09,124.34,
2002-09-11,124.34,126.09,123.92,125.76,
2002-09-12,125.76,125.77,123.52,123.91,
2002-09-13,123.91,123.91,121.15,121.33,
2002-09-16,121.33,123.08,120.3,120.63,
2002-09-17,120.63,122.38,120.55,120.81,
2002-09-18,120.81,120.81,116.36,117.02,
2002-09-19,117.02,117.02,112.55,113.02,
2002-09-20,113.02,114.7,112.84,113.66,
2002-09-23,113.66,115.77,111.38,112.32,
2002-09-24,112.32,112.32,108.45,108.48,
2002-09-25,108.48,111.52,108.48,109.94,
2002-09-26,109.94,113.6,109.94,112.96,
2002-09-27,112.96,114.15,111.59,112.63,
2002-09-30,112.63,112.63,110.01,110.62,
2002-10-01,110.62,111.04,109.31,110.8,
2002-10-02,110.8,114.13,110.8,112.26,
2002-10-03,112.26,113.7,111.13,113.4,
2002-10-04,113.4,113.79,112.55,113.29,
2002-10-07,113.29,113.29,110.68,111.83,
2002-10-08,111.83,112.67,111.29,111.43,
2002-10-09,111.43,112.18,110.48,110.77,
2002-10-10,110.77,112.03,110.59,110.96,
2002-10-11,110.96,116.41,110.96,116.41,
2002-10-14,116.41,117.62,115.61,116.7,
2002-10-15,116.7,120.87,115.88,120.48,
2002-10-16,120.48,122.23,118.51,119.18,
2002-10-17,119.18,122.36,119.18,121.38,
2002-10-18,121.38,121.38,119.17,119.43,
2002-10-21,119.43,122.41,119.31,119.94,
2002-10-22,119.94,121.53,118.64,119.05,
2002-10-23,119.05,119.39,116.19,117.75,
2002-10-24,117.75,119.17,117.1,118.5,
2002-10-25,118.5,118.5,116.42,117.21,
2002-10-28,117.21,118.5,117.19,117.39,
2002-10-29,117.39,117.39,115.05,115.28,
2002-10-30,115.28,116.08,114.57,115.59,
2002-10-31,115.59,117.51,115.59,117.48,
2002-11-01,117.48,117.48,116.32,116.52,
2002-11-04,116.52,120.85,116.52,120.32,
2002-11-05,120.32,120.33,118.97,119.7,
2002-11-06,119.7,121.64,119.67,120.49,
2002-11-07,120.49,121.36,119.16,119.77,
2002-11-08,119.77,119.77,117.8,117.91,
2002-11-11,117.91,117.91,116.53,116.98,
2002-11-12,116.98,117.64,116.38,116.79,
2002-11-13,116.79,117.38,116.62,117.25,
2002-11-14,117.25,118.01,116.92,117.54,
2002-11-15,117.54,118.85,117.48,118.18,
2002-11-18,118.18,119.65,118.18,119.13,
2002-11-19,119.13,119.13,117.67,117.79,
2002-11-20,117.79,118.08,117.0,117.02,
2002-11-21,117.02,119.8,117.02,119.63,
2002-11-22,119.63,121.52,119.63,120.07,
2002-11-25,120.07,120.68,119.52,120.38,
2002-11-26,120.38,120.47,118.98,119.78,
2002-11-27,119.78,121.51,118.92,121.51,
2002-11-28,121.51,124.46,121.51,123.95,
2002-11-29,123.95,126.2,123.95,126.06,
2002-12-02,126.06,128.33,125.99,127.99,
2002-12-03,127.99,127.99,124.48,124.67,
2002-12-04,124.67,124.89,122.74,124.79,
2002-12-05,124.79,126.0,122.88,122.88,
2002-12-06,122.88,122.97,116.5,117.03,
2002-12-09,117.03,118.92,117.03,117.35,
2002-12-10,117.35,118.45,117.03,118.05,
2002-12-11,118.05,120.02,118.05,118.73,
2002-12-12,118.73,119.14,117.7,118.25,
2002-12-13,118.25,118.25,116.84,117.44,
2002-12-16,117.44,117.68,116.48,116.54,
2002-12-17,116.54,116.89,115.68,116.53,
2002-12-18,116.53,117.35,115.69,117.0,
2002-12-19,117.0,118.68,116.94,117.61,
2002-12-20,117.61,117.91,117.02,117.65,
2002-12-23,117.65,117.68,116.27,116.39,
2002-12-27,116.39,116.73,115.88,116.31,
2002-12-30,116.31,116.31,114.94,115.21,
2003-01-02,115.21,117.93,115.2,117.48,
2003-01-03,117.48,119.78,117.48,119.0,
2003-01-06,119.0,119.53,117.28,118.14,
2003-01-07,118.14,118.87,117.86,118.39,
2003-01-08,118.39,118.39,116.31,116.31,
2003-01-09,116.31,116.62,115.03,116.36,
2003-01-10,116.36,117.3,116.02,117.03,
2003-01-13,117.03,119.35,117.03,119.35,
2003-01-14,119.35,120.18,118.38,118.88,
2003-01-15,118.9,119.32,117.87,119.19,
2003-01-16,119.19,119.85,118.26,119.76,
2003-01-17,119.76,119.76,118.31,118.48,
2003-01-20,118.48,119.4,118.42,119.01,
2003-01-21,119.01,119.55,118.52,118.52,
2003-01-22,118.52,118.52,116.0,116.47,
2003-01-23,116.47,117.24,115.91,116.45,
2003-01-24,116.45,116.63,115.38,116.24,
2003-01-27,116.24,116.24,110.46,111.62,
2003-01-28,111.62,112.2,109.86,110.07,
2003-01-29,110.07,110.07,107.45,108.06,
2003-01-30,108.06,109.46,108.06,109.32,
2003-01-31,109.32,109.78,108.18,109.72,
2003-02-03,109.72,111.04,109.28,109.69,
2003-02-04,109.69,109.82,108.11,108.51,
2003-02-05,108.51,108.8,108.0,108.79,
2003-02-06,108.79,108.79,106.94,107.3,
2003-02-07,107.3,108.13,106.3,107.43,
2003-02-10,107.43,107.54,105.68,105.81,
2003-02-11,105.81,107.55,105.81,106.95,
2003-02-12,106.95,106.95,105.81,106.22,
2003-02-13,106.22,106.22,103.96,104.06,
2003-02-14,104.06,104.54,103.24,103.81,
2003-02-17,103.81,105.28,103.81,104.45,
2003-02-18,104.45,105.61,104.37,105.07,
2003-02-19,105.07,105.55,103.83,103.83,
2003-02-20,103.83,103.83,101.08,101.47,
2003-02-21,101.47,102.03,101.0,101.82,
2003-02-24,101.82,102.59,100.79,100.97,
2003-02-25,100.97,100.97,98.28,98.57,
2003-02-26,98.57,99.4,98.38,98.65,
2003-02-27,98.65,100.39,97.72,99.4,
2003-02-28,99.4,101.85,99.39,101.63,
2003-03-03,101.63,103.99,101.63,103.83,
2003-03-04,103.83,103.83,102.28,102.45,
2003-03-05,102.45,102.45,101.33,101.83,
2003-03-06,101.83,102.81,101.29,101.54,
2003-03-07,101.54,102.31,100.44,100.74,
2003-03-10,100.74,101.68,100.01,100.13,
2003-03-11,100.13,100.67,98.89,100.67,
2003-03-12,100.67,101.34,100.3,101.09,
2003-03-13,101.09,103.07,100.94,102.57,
2003-03-14,102.57,104.88,102.57,104.18,
2003-03-17,104.18,104.2,102.67,103.39,
2003-03-18,103.39,107.15,103.39,104.66,
2003-03-19,104.66,107.09,104.16,106.85,
2003-03-20,106.85,107.89,106.2,106.21,
2003-03-21,106.21,108.18,106.21,107.89,
2003-03-24,107.89,107.89,104.77,105.23,
2003-03-25,105.23,106.53,104.31,105.89,
2003-03-26,105.89,107.02,105.49,106.14,
2003-03-27,106.14,106.14,105.05,105.35,
2003-03-28,105.35,106.13,105.2,105.34,
2003-03-31,105.34,105.34,103.63,104.03,
2003-04-01,104.03,104.35,102.93,103.59,
2003-04-02,103.59,105.21,103.55,105.13,
2003-04-03,105.13,106.46,105.07,106.41,
2003-04-04,106.41,107.52,105.28,107.2,
2003-04-07,107.2,111.37,107.2,111.34,
2003-04-08,111.34,111.34,110.18,110.4,
2003-04-09,110.4,111.21,109.66,111.1,
2003-04-10,111.1,111.1,110.16,110.66,
2003-04-11,110.66,111.17,109.87,110.73,
2003-04-14,110.73,111.1,110.02,110.88,
2003-04-15,110.88,112.4,110.88,112.15,
2003-04-16,112.15,113.77,112.15,113.44,
2003-04-22,113.44,113.62,112.37,112.63,
2003-04-23,112.63,115.09,112.63,114.64,
2003-04-24,114.64,115.02,113.9,114.06,
2003-04-25,114.06,114.75,113.8,114.06,
2003-04-28,114.06,114.07,113.12,113.74,
2003-04-29,113.74,117.67,113.74,117.67,
2003-04-30,117.67,117.73,116.93,117.57,
2003-05-02,117.57,117.79,116.8,117.61,
2003-05-05,117.61,119.22,117.61,118.64,
2003-05-06,118.64,120.24,118.03,120.07,
2003-05-07,120.07,121.23,119.99,120.57,
2003-05-08,120.57,120.57,118.8,119.22,
2003-05-09,119.22,120.96,118.98,120.88,
2003-05-12,120.88,121.44,119.96,120.91,
2003-05-13,120.91,121.85,120.86,121.16,
2003-05-14,121.16,122.83,120.98,122.34,
2003-05-15,122.34,123.42,121.66,123.41,
2003-05-16,123.41,125.41,123.41,125.07,
2003-05-19,125.07,125.07,122.93,123.3,
2003-05-20,123.3,123.3,122.29,122.8,
2003-05-21,122.8,122.9,120.44,120.44,
2003-05-22,120.44,122.56,120.35,122.25,
2003-05-23,122.25,123.11,122.01,122.58,
2003-05-26,122.58,122.58,121.53,121.67,
2003-05-27,121.67,121.68,119.93,120.3,
2003-05-28,120.3,124.56,120.3,123.83,
2003-05-30,123.83,124.83,123.83,124.32,
2003-06-02,124.32,130.85,124.32,127.42,
2003-06-03,127.42,129.59,126.67,128.32,
2003-06-04,128.32,130.95,128.32,130.9,
2003-06-05,130.9,132.04,130.15,130.24,
2003-06-06,130.24,133.38,130.24,133.21,
2003-06-10,133.21,133.21,131.62,132.04,
2003-06-11,132.04,133.61,132.04,133.4,
2003-06-12,133.4,135.15,132.0,132.0,
2003-06-13,132.0,132.3,130.36,130.47,
2003-06-16,130.47,131.15,128.96,131.15,
2003-06-17,131.15,133.76,131.15,132.78,
2003-06-18,132.78,133.26,132.18,132.52,
2003-06-19,132.52,137.19,132.19,135.55,
2003-06-20,135.55,135.61,134.24,134.53,
2003-06-23,134.53,135.3,134.17,134.68,
2003-06-24,134.68,134.68,132.79,133.97,
2003-06-25,133.97,134.5,133.14,133.49,
2003-06-26,133.49,134.56,133.49,134.05,
2003-06-27,134.05,135.53,133.97,135.53,
2003-06-30,135.53,135.53,134.2,134.2,
2003-07-01,134.2,134.61,133.03,133.03,
2003-07-02,133.03,135.14,133.03,135.04,
2003-07-03,135.04,135.89,134.71,135.57,
2003-07-04,135.57,135.84,135.09,135.65,
2003-07-07,135.65,138.33,135.65,138.2,
2003-07-08,138.2,138.25,136.7,136.82,
2003-07-09,136.82,137.4,135.93,135.93,
2003-07-10,135.93,136.12,134.26,134.46,
2003-07-11,134.46,136.91,134.45,136.88,
2003-07-14,136.88,139.18,136.88,139.16,
2003-07-15,139.16,140.39,138.33,140.2,
2003-07-16,140.2,142.23,140.19,141.6,
2003-07-17,141.6,141.6,139.27,140.48,
2003-07-18,140.48,140.64,139.45,139.45,
2003-07-21,139.45,139.8,139.12,139.34,
2003-07-22,139.34,139.34,137.9,139.02,
2003-07-23,139.02,140.56,139.02,140.03,
2003-07-24,140.03,141.96,139.87,141.96,
2003-07-25,141.96,142.11,141.2,142.11,
2003-07-28,142.11,144.15,142.11,143.32,
2003-07-29,143.32,145.33,143.32,144.49,
2003-07-30,144.49,144.8,143.65,143.87,
2003-07-31,143.87,145.7,143.72,145.33,
2003-08-01,145.33,147.11,145.31,146.46,
2003-08-04,146.46,146.83,145.73,145.77,
2003-08-05,145.77,147.0,145.77,146.74,
2003-08-06,146.74,146.74,145.16,145.32,
2003-08-07,145.32,145.33,144.06,144.72,
2003-08-08,144.72,147.21,144.63,147.2,
2003-08-11,147.2,148.14,146.41,146.74,
2003-08-12,146.74,148.01,146.74,147.87,
2003-08-13,147.87,149.23,147.87,148.78,
2003-08-14,148.78,149.34,148.62,149.08,
2003-08-15,149.08,150.69,149.02,150.33,
2003-08-18,150.33,151.22,150.33,151.14,
2003-08-19,151.14,152.0,150.93,151.0,
2003-08-20,151.0,151.0,149.66,149.87,
2003-08-21,149.87,151.98,149.87,151.98,
2003-08-22,151.98,153.08,151.4,152.92,
2003-08-25,152.92,152.92,151.32,151.47,
2003-08-26,151.47,152.12,150.18,150.5,
2003-08-27,150.5,151.51,150.5,150.98,
2003-08-28,150.98,152.19,150.98,152.02,
2003-08-29,152.02,153.84,151.99,152.91,
2003-09-01,152.91,154.95,152.91,154.94,
2003-09-02,154.94,154.97,154.27,154.61,
2003-09-03,154.61,156.14,154.61,155.92,
2003-09-04,155.92,156.61,155.75,156.55,
2003-09-05,156.55,156.64,154.68,155.21,
2003-09-08,155.21,156.12,154.76,156.09,
2003-09-09,156.09,157.14,155.42,155.67,
2003-09-10,155.67,155.67,153.24,153.47,
2003-09-11,153.47,153.47,151.87,152.53,
2003-09-12,152.53,152.95,151.1,151.12,
2003-09-15,151.12,152.71,151.11,152.68,
2003-09-16,152.68,153.74,152.63,153.47,
2003-09-17,153.47,155.13,153.47,153.84,
2003-09-18,153.84,153.85,152.02,152.27,
2003-09-19,152.27,152.98,151.86,152.09,
2003-09-22,152.09,152.09,147.83,148.16,
2003-09-23,148.16,148.78,147.19,148.12,
2003-09-24,148.12,149.52,148.12,148.43,
2003-09-25,148.43,148.43,145.95,145.95,
2003-09-26,145.95,145.95,143.03,143.19,
2003-09-29,143.19,145.16,142.94,144.37,
2003-09-30,144.37,144.65,142.65,142.65,
2003-10-01,142.65,144.91,142.65,144.78,
2003-10-02,144.78,146.3,144.78,145.73,
2003-10-03,145.73,147.73,145.73,147.49,
2003-10-06,147.49,148.2,147.35,148.17,
2003-10-07,148.17,148.21,146.96,147.17,
2003-10-08,147.17,148.96,147.16,148.92,
2003-10-09,148.92,150.92,148.66,150.62,
2003-10-10,150.62,152.86,150.62,152.14,
2003-10-13,152.14,154.44,152.01,154.02,
2003-10-14,154.02,154.38,153.34,154.37,
2003-10-15,154.37,156.35,154.37,156.24,
2003-10-16,156.24,156.29,155.38,155.64,
2003-10-17,155.64,156.62,155.64,156.41,
2003-10-20,156.41,156.41,154.85,155.12,
2003-10-21,155.12,156.07,155.12,155.29,
2003-10-22,155.29,155.41,154.13,154.31,
2003-10-23,154.31,154.31,152.24,153.17,
2003-10-24,153.17,153.82,153.1,153.81,
2003-10-27,153.81,155.37,153.81,155.34,
2003-10-28,155.34,156.8,155.34,156.26,
2003-10-29,156.26,157.14,156.26,157.02,
2003-10-30,157.02,161.09,157.02,160.45,
2003-10-31,160.45,161.16,159.94,160.95,
2003-11-03,160.95,162.71,160.95,162.7,
2003-11-04,162.7,163.72,162.41,163.09,
2003-11-05,163.09,163.1,161.63,161.82,
2003-11-06,161.82,163.88,161.74,163.51,
2003-11-07,163.51,165.61,163.51,165.49,
2003-11-10,165.49,166.02,164.23,164.41,
2003-11-11,164.41,164.41,162.6,162.99,
2003-11-12,162.99,163.7,162.04,163.59,
2003-11-13,163.59,164.69,163.11,163.55,
2003-11-14,163.55,163.92,163.18,163.72,
2003-11-17,163.72,163.72,160.77,161.09,
2003-11-18,161.09,161.75,160.34,160.36,
2003-11-19,160.36,160.36,157.85,158.28,
2003-11-20,158.28,159.31,157.46,158.58,
2003-11-21,158.58,159.98,158.24,159.91,
2003-11-24,159.91,162.26,159.91,162.25,
2003-11-25,162.25,163.03,161.68,162.46,
2003-11-26,162.46,162.66,161.78,161.82,
2003-11-27,161.82,162.83,161.82,162.47,
2003-11-28,162.47,163.28,162.04,162.27,
2003-12-01,162.27,163.27,162.27,163.27,
2003-12-02,163.27,164.9,163.27,164.21,
2003-12-03,164.21,164.79,163.55,164.37,
2003-12-04,164.37,164.65,163.25,163.45,
2003-12-05,163.45,163.81,162.87,163.76,
2003-12-08,163.76,163.76,162.46,163.68,
2003-12-09,163.68,166.52,163.68,166.39,
2003-12-10,166.39,166.55,165.17,165.49,
2003-12-11,165.49,166.71,165.49,166.13,
2003-12-12,166.13,166.57,165.65,165.69,
2003-12-15,165.69,168.04,165.69,167.5,
2003-12-16,167.5,167.5,165.56,166.65,
2003-12-17,166.65,166.66,165.84,166.4,
2003-12-18,166.4,168.71,166.14,168.6,
2003-12-19,168.6,169.76,168.22,168.83,
2003-12-22,168.83,169.31,168.68,169.1,
2003-12-23,169.1,170.04,169.02,170.04,
2003-12-29,170.04,171.17,169.99,171.15,
2003-12-30,171.15,171.78,170.96,170.97,
2004-01-02,170.97,173.5,170.93,173.46,
2004-01-05,173.46,175.64,172.91,175.62,
2004-01-06,175.62,178.13,175.56,177.57,
2004-01-07,177.57,178.12,176.85,177.25,
2004-01-08,177.25,179.33,177.19,177.8,
2004-01-09,177.8,179.11,177.54,178.13,
2004-01-12,178.13,179.62,177.46,179.6,
2004-01-13,179.6,181.16,179.6,180.28,
2004-01-14,180.28,181.95,180.12,181.81,
2004-01-15,181.81,181.87,180.52,180.8,
2004-01-16,180.8,183.84,180.78,183.14,
2004-01-19,183.14,185.21,183.13,184.3,
2004-01-20,184.3,186.06,184.3,185.49,
2004-01-21,185.49,187.22,185.48,185.56,
2004-01-22,185.56,187.86,185.56,187.85,
2004-01-23,187.85,187.85,185.65,185.66,
2004-01-26,185.66,185.68,184.8,185.04,
2004-01-27,185.04,187.16,185.04,185.51,
2004-01-28,185.51,185.54,182.98,183.0,
2004-01-29,183.0,183.84,181.64,183.74,
2004-01-30,183.74,185.19,183.74,183.95,
2004-02-02,183.95,185.33,183.29,183.55,
2004-02-03,183.55,183.99,182.48,182.98,
2004-02-04,182.98,184.59,182.85,184.59,
2004-02-05,184.59,184.75,183.94,184.52,
2004-02-06,184.52,185.79,184.2,184.29,
2004-02-09,184.29,187.06,184.26,186.55,
2004-02-10,186.55,187.59,186.1,187.01,
2004-02-11,187.01,189.25,186.84,188.94,
2004-02-12,188.94,190.84,188.94,190.83,
2004-02-13,190.83,190.91,187.96,188.87,
2004-02-16,188.87,189.91,188.8,189.32,
2004-02-17,189.32,190.66,189.32,190.34,
2004-02-18,190.34,192.6,190.32,192.55,
2004-02-19,192.55,198.2,192.54,197.83,
2004-02-20,197.83,199.73,197.71,198.85,
2004-02-23,198.85,200.98,198.79,200.6,
2004-02-24,200.6,200.62,198.03,198.43,
2004-02-25,198.43,199.29,198.4,198.78,
2004-02-26,198.78,200.14,198.52,199.55,
2004-02-27,199.55,202.09,199.33,202.07,
2004-03-01,202.07,205.05,202.07,204.79,
2004-03-02,204.79,207.47,204.72,205.91,
2004-03-03,205.91,206.09,204.55,204.71,
2004-03-04,204.71,205.72,204.65,205.31,
2004-03-05,205.31,207.44,205.28,206.12,
2004-03-08,206.12,207.35,206.12,207.35,
2004-03-09,207.35,207.4,203.17,203.42,
2004-03-10,203.42,203.42,201.35,201.37,
2004-03-11,201.37,201.37,194.45,196.53,
2004-03-12,196.53,196.63,194.09,196.4,
2004-03-15,196.4,196.46,192.06,192.06,
2004-03-16,192.06,193.36,191.39,192.88,
2004-03-17,192.88,195.23,192.88,194.93,
2004-03-18,194.93,196.85,194.84,195.08,
2004-03-19,195.08,195.68,194.14,194.65,
2004-03-22,194.65,194.65,189.56,189.69,
2004-03-23,189.69,192.3,189.03,192.13,
2004-03-24,192.13,193.27,190.69,191.91,
2004-03-25,191.91,192.58,187.89,192.24,
2004-03-26,192.24,194.18,192.24,193.04,
2004-03-29,193.04,194.89,192.12,194.89,
2004-03-30,194.89,195.26,191.26,191.45,
2004-03-31,191.45,194.53,191.38,193.77,
2004-04-01,193.77,194.42,193.06,193.45,
2004-04-02,193.45,198.04,193.45,197.98,
2004-04-05,197.98,199.94,197.42,199.94,
2004-04-06,199.94,200.11,198.51,198.56,
2004-04-07,198.56,200.11,198.56,200.11,
2004-04-13,200.11,203.3,200.11,201.63,
2004-04-14,201.63,201.63,198.41,198.41,
2004-04-15,198.41,199.84,198.41,199.4,
2004-04-16,199.4,200.62,199.21,199.24,
2004-04-19,199.24,200.19,199.0,199.07,
2004-04-20,199.07,200.8,199.07,200.59,
2004-04-21,200.59,200.59,198.13,198.53,
2004-04-22,198.53,198.8,195.97,196.98,
2004-04-23,196.98,198.19,196.93,197.95,
2004-04-26,197.95,198.78,197.39,198.01,
2004-04-27,198.01,198.2,196.78,197.45,
2004-04-28,197.45,197.46,194.12,194.15,
2004-04-29,194.15,194.19,189.24,189.88,
2004-04-30,189.88,189.88,187.47,188.34,
2004-05-03,188.23,188.39,186.48,187.96,
2004-05-04,187.96,190.34,187.96,189.73,
2004-05-05,189.73,192.25,189.73,191.97,
2004-05-06,191.97,193.02,191.0,191.21,
2004-05-07,191.21,191.21,187.52,188.13,
2004-05-10,188.13,188.13,182.38,182.39,
2004-05-11,182.39,184.79,182.39,184.74,
2004-05-12,184.74,185.53,183.86,184.33,
2004-05-13,184.33,187.37,184.26,186.25,
2004-05-14,186.25,187.07,185.88,186.51,
2004-05-18,186.51,186.52,185.18,185.73,
2004-05-19,185.73,187.55,185.73,187.25,
2004-05-21,187.25,188.1,186.91,186.96,
2004-05-24,186.96,189.38,186.96,189.08,
2004-05-25,189.08,189.77,188.91,189.36,
2004-05-26,189.36,191.21,189.36,190.83,
2004-05-27,190.83,192.13,190.83,191.24,
2004-05-28,191.24,191.64,190.42,191.64,
2004-06-01,191.64,192.42,191.28,192.39,
2004-06-02,192.39,193.85,192.39,193.09,
2004-06-03,193.09,193.09,191.77,192.48,
2004-06-04,192.48,193.84,192.24,193.17,
2004-06-07,193.17,194.89,193.17,194.85,
2004-06-08,194.85,196.4,194.6,196.32,
2004-06-09,196.32,196.78,195.78,195.93,
2004-06-10,195.93,195.97,195.07,195.85,
2004-06-11,195.85,196.93,195.0,196.84,
2004-06-14,196.84,196.84,195.16,195.43,
2004-06-15,195.43,196.1,195.08,195.8,
2004-06-16,195.8,198.12,195.8,196.99,
2004-06-17,196.99,199.53,196.99,199.06,
2004-06-18,199.06,201.96,199.05,201.96,
2004-06-21,201.96,202.77,200.49,201.03,
2004-06-22,201.03,201.03,199.16,200.13,
2004-06-23,200.13,201.91,200.06,201.89,
2004-06-24,201.89,203.72,201.89,203.23,
2004-06-25,203.23,204.69,202.98,204.64,
2004-06-28,204.64,205.14,203.65,203.7,
2004-06-29,203.7,204.32,202.78,204.19,
2004-06-30,204.19,205.18,204.01,204.55,
2004-07-01,204.55,206.12,204.55,206.1,
2004-07-02,206.1,206.1,203.61,203.61,
2004-07-05,203.61,204.41,203.43,204.35,
2004-07-06,204.35,205.21,204.3,204.59,
2004-07-07,204.59,204.68,201.92,202.15,
2004-07-08,202.15,202.2,201.14,202.13,
2004-07-09,202.13,202.51,201.06,202.27,
2004-07-12,202.27,202.29,200.71,201.12,
2004-07-13,201.12,201.92,200.85,201.89,
2004-07-14,201.89,201.89,200.48,200.82,
2004-07-15,200.82,201.95,200.79,201.41,
2004-07-16,201.41,202.02,200.93,200.99,
2004-07-19,200.99,200.99,198.67,198.7,
2004-07-20,198.7,198.79,197.75,198.34,
2004-07-21,198.34,200.15,198.34,199.88,
2004-07-22,199.88,199.88,197.98,198.22,
2004-07-23,198.22,199.77,198.22,198.98,
2004-07-26,198.98,199.53,198.02,198.08,
2004-07-27,198.08,198.68,197.53,198.63,
2004-07-28,198.63,200.29,198.63,200.13,
2004-07-29,200.13,202.3,199.8,202.07,
2004-07-30,202.07,202.54,201.58,201.71,
2004-08-02,201.71,202.95,200.72,202.94,
2004-08-03,202.94,204.45,202.9,204.19,
2004-08-04,204.19,204.2,202.7,203.14,
2004-08-05,203.14,203.16,200.89,200.93,
2004-08-06,200.93,200.93,196.44,196.48,
2004-08-09,196.48,196.48,194.69,194.7,
2004-08-10,194.7,196.67,194.7,196.47,
2004-08-11,196.47,196.47,194.23,194.24,
2004-08-12,194.24,197.67,194.24,196.06,
2004-08-13,196.06,197.76,195.75,197.67,
2004-08-16,197.67,198.56,197.42,198.23,
2004-08-17,198.23,200.47,197.99,200.31,
2004-08-18,200.31,200.31,198.69,199.58,
2004-08-19,199.58,200.78,199.58,200.78,
2004-08-20,200.78,201.06,200.0,200.97,
2004-08-23,200.97,203.5,200.88,202.86,
2004-08-24,202.86,203.61,201.99,203.01,
2004-08-25,203.01,203.76,202.05,203.25,
2004-08-26,203.25,204.8,203.25,204.24,
2004-08-27,204.24,205.38,204.18,204.6,
2004-08-30,204.6,205.6,204.14,205.21,
2004-08-31,205.21,205.21,203.62,203.7,
2004-09-01,203.7,205.3,203.7,204.85,
2004-09-02,204.85,208.32,204.85,207.51,
2004-09-03,207.51,208.62,207.29,208.45,
2004-09-06,208.45,209.54,208.45,208.58,
2004-09-07,208.58,208.58,207.23,207.89,
2004-09-08,207.89,208.11,206.96,206.97,
2004-09-09,206.97,207.36,205.97,207.36,
2004-09-10,207.36,208.18,207.06,207.87,
2004-09-13,207.87,208.5,207.42,207.87,
2004-09-14,207.87,208.69,207.57,208.63,
2004-09-15,208.63,210.63,208.63,209.76,
2004-09-16,209.76,212.14,209.76,212.12,
2004-09-17,212.12,214.65,212.12,214.02,
2004-09-20,214.02,214.83,212.68,212.95,
2004-09-21,212.95,214.61,212.84,214.53,
2004-09-22,214.53,216.59,214.43,214.58,
2004-09-23,214.58,215.59,214.35,215.36,
2004-09-24,215.36,216.99,215.36,216.99,
2004-09-27,216.99,218.15,216.99,218.13,
2004-09-28,218.13,219.47,218.09,218.9,
2004-09-29,218.9,220.75,218.72,218.97,
2004-09-30,218.97,220.04,218.74,219.31,
2004-10-01,219.31,223.19,219.31,223.19,
2004-10-04,223.19,226.66,223.19,226.66,
2004-10-05,226.66,227.52,225.68,226.46,
2004-10-06,226.46,226.62,224.74,226.02,
2004-10-07,226.02,228.55,225.91,228.02,
2004-10-08,228.02,228.02,225.52,227.05,
2004-10-11,227.05,227.5,225.45,225.5,
2004-10-12,225.5,225.5,222.76,222.78,
2004-10-13,222.78,224.47,221.41,222.11,
2004-10-14,222.11,222.11,218.86,219.2,
2004-10-15,219.2,219.73,217.35,217.42,
2004-10-18,217.42,219.66,216.85,219.58,
2004-10-19,219.58,221.25,219.58,220.19,
2004-10-20,220.19,220.19,216.36,217.08,
2004-10-21,217.08,220.54,217.08,220.43,
2004-10-22,220.47,222.38,219.83,221.87,
2004-10-25,221.87,221.87,217.67,217.8,
2004-10-26,217.8,218.37,215.04,215.15,
2004-10-27,215.15,216.58,214.01,214.7,
2004-10-28,214.7,216.05,212.49,213.71,
2004-10-29,213.71,214.07,212.46,213.48,
2004-11-01,213.48,215.38,213.26,215.17,
2004-11-02,215.17,216.38,214.77,216.34,
2004-11-03,216.34,219.29,216.34,218.2,
2004-11-04,218.2,218.68,216.98,217.42,
2004-11-05,217.42,220.29,217.39,220.12,
2004-11-08,220.01,221.34,219.06,221.08,
2004-11-09,221.08,221.71,220.7,221.1,
2004-11-10,221.1,221.38,219.24,219.36,
2004-11-11,219.36,220.79,219.3,219.75,
2004-11-12,219.75,220.86,219.75,220.82,
2004-11-15,220.82,222.32,220.82,221.35,
2004-11-16,221.35,221.55,220.14,220.14,
2004-11-17,220.14,222.8,220.13,222.8,
2004-11-18,222.8,224.35,222.68,224.31,
2004-11-19,224.31,226.13,224.31,226.11,
2004-11-22,226.11,226.13,224.47,225.51,
2004-11-23,225.51,229.18,225.51,228.34,
2004-11-24,228.34,228.94,228.04,228.65,
2004-11-25,228.65,231.62,228.63,230.33,
2004-11-26,230.33,230.89,229.83,230.67,
2004-11-29,230.67,232.82,230.67,232.43,
2004-11-30,232.43,232.49,231.04,232.43,
2004-12-01,232.43,233.31,231.78,233.24,
2004-12-02,233.24,233.26,229.41,229.41,
2004-12-03,229.41,229.54,226.56,227.28,
2004-12-06,227.28,228.39,226.19,228.39,
2004-12-07,228.39,230.49,228.34,230.49,
2004-12-08,230.49,230.49,226.42,227.17,
2004-12-09,227.17,228.63,226.78,228.09,
2004-12-10,228.09,229.92,228.09,229.48,
2004-12-13,229.48,229.7,227.94,229.08,
2004-12-14,229.08,230.57,228.98,230.52,
2004-12-15,230.52,232.28,230.26,231.2,
2004-12-16,231.2,232.69,231.01,231.89,
2004-12-17,231.89,232.87,230.27,230.65,
2004-12-20,230.65,234.36,230.65,234.36,
2004-12-21,234.36,236.86,234.05,236.76,
2004-12-22,236.76,237.07,235.91,236.66,
2004-12-23,236.66,237.06,235.47,236.94,
2004-12-27,236.94,238.25,236.46,237.99,
2004-12-28,237.99,237.99,236.02,236.61,
2004-12-29,236.61,237.44,236.08,236.7,
2004-12-30,236.7,237.77,236.65,236.7,
2005-01-03,236.7,239.05,236.7,238.1,
2005-01-04,238.1,238.16,235.92,236.99,
2005-01-05,236.99,237.0,231.82,233.94,
2005-01-06,233.94,235.81,233.71,235.06,
2005-01-07,235.06,237.9,235.06,236.87,
2005-01-10,236.87,238.71,236.76,238.71,
2005-01-11,238.71,238.83,236.77,237.38,
2005-01-12,237.38,237.77,236.01,236.44,
2005-01-13,236.44,238.56,236.44,238.3,
2005-01-14,238.3,240.25,238.3,240.04,
2005-01-17,240.04,242.6,240.01,242.45,
2005-01-18,242.45,243.5,242.17,242.89,
2005-01-19,242.89,244.35,242.02,242.46,
2005-01-20,242.46,242.47,239.69,239.71,
2005-01-21,239.71,242.0,239.7,241.49,
2005-01-24,241.49,241.6,240.36,240.48,
2005-01-25,240.48,243.34,240.34,243.18,
2005-01-26,243.18,243.84,242.36,242.58,
2005-01-27,242.58,243.84,242.53,242.88,
2005-01-28,242.88,243.85,241.87,242.05,
2005-01-31,242.05,243.37,242.05,242.47,
2005-02-01,242.47,245.11,242.47,244.58,
2005-02-02,244.58,247.5,244.58,246.83,
2005-02-03,246.83,248.21,246.6,246.87,
2005-02-04,246.87,249.56,246.8,249.42,
2005-02-07,249.42,252.93,249.42,252.8,
2005-02-08,252.8,252.8,249.72,250.56,
2005-02-09,250.56,251.89,249.8,250.96,
2005-02-10,250.96,251.77,250.21,251.73,
2005-02-11,251.73,254.5,251.73,253.58,
2005-02-14,253.58,254.23,252.91,253.83,
2005-02-15,253.83,255.29,253.08,255.18,
2005-02-16,255.18,255.29,252.3,253.48,
2005-02-17,253.48,255.96,253.47,255.6,
2005-02-18,255.6,255.6,253.25,253.36,
2005-02-21,253.36,254.87,253.36,254.52,
2005-02-22,254.52,254.52,252.48,253.25,
2005-02-23,253.25,253.25,251.18,253.09,
2005-02-24,253.09,256.78,253.09,256.69,
2005-02-25,256.69,260.02,256.69,258.93,
2005-02-28,258.93,261.13,258.89,260.06,
2005-03-01,260.06,260.76,259.83,260.02,
2005-03-02,260.02,260.14,257.55,258.16,
2005-03-03,258.16,261.14,258.15,261.09,
2005-03-04,261.09,263.93,260.99,263.8,
2005-03-07,263.8,265.19,263.07,263.17,
2005-03-08,263.17,263.34,261.39,262.06,
2005-03-09,262.06,263.77,260.87,261.41,
2005-03-10,261.41,261.41,257.66,258.47,
2005-03-11,258.47,260.19,258.42,259.27,
2005-03-14,259.27,260.22,258.58,258.61,
2005-03-15,258.61,261.08,258.6,259.69,
2005-03-16,259.69,259.82,257.22,257.46,
2005-03-17,257.46,261.77,257.31,261.74,
2005-03-18,261.74,262.34,260.79,261.28,
2005-03-21,261.28,262.43,260.77,260.84,
2005-03-22,260.84,260.84,258.99,259.9,
2005-03-23,259.9,259.9,255.98,256.31,
2005-03-29,256.31,256.35,254.78,255.98,
2005-03-30,255.98,255.99,253.05,253.59,
2005-03-31,253.59,256.34,253.59,256.27,
2005-04-01,256.27,258.49,256.2,258.36,
2005-04-04,258.36,260.95,258.1,260.85,
2005-04-05,260.85,261.68,260.51,261.25,
2005-04-06,261.25,262.25,260.57,262.12,
2005-04-07,262.12,264.58,262.12,263.94,
2005-04-08,263.94,265.17,263.94,264.2,
2005-04-11,264.2,264.33,262.77,262.85,
2005-04-12,262.85,264.22,262.73,263.28,
2005-04-13,263.28,264.3,263.23,263.72,
2005-04-14,263.72,263.75,261.36,262.74,
2005-04-15,262.74,262.74,256.84,257.24,
2005-04-18,257.24,257.24,246.2,249.43,
2005-04-19,249.43,251.77,249.42,251.41,
2005-04-20,251.41,254.65,251.41,252.08,
2005-04-21,252.08,252.96,251.38,252.87,
2005-04-22,252.87,255.49,252.81,255.07,
2005-04-25,255.07,256.47,254.8,256.32,
2005-04-26,256.32,256.93,252.85,252.89,
2005-04-27,252.89,252.89,245.67,245.84,
2005-04-28,245.84,246.47,241.98,242.69,
2005-04-29,242.69,243.97,242.1091,243.53,
2005-05-02,243.53,245.5,243.53,245.17,
2005-05-03,245.17,246.67,244.96,246.36,
2005-05-04,246.36,247.48,245.15,245.86,
2005-05-06,245.86,251.53,245.86,251.52,
2005-05-09,251.52,253.85,250.84,253.47,
2005-05-10,253.47,254.94,251.72,252.24,
2005-05-11,252.24,252.66,251.17,252.55,
2005-05-12,252.55,253.59,251.75,252.53,
2005-05-13,252.53,252.53,248.77,248.86,
2005-05-18,248.86,251.99,248.86,251.99,
2005-05-19,251.99,254.26,251.85,253.57,
2005-05-20,253.57,255.65,253.33,255.29,
2005-05-23,255.29,255.33,254.4,254.42,
2005-05-24,254.42,256.87,254.42,255.67,
2005-05-25,255.67,256.72,255.31,255.46,
2005-05-26,255.46,258.66,255.42,258.61,
2005-05-27,258.61,259.94,258.35,259.01,
2005-05-30,259.01,260.33,258.73,260.18,
2005-05-31,260.18,260.18,258.3,258.37,
2005-06-01,258.37,262.5,258.36,261.79,
2005-06-02,261.79,264.09,261.79,263.17,
2005-06-03,263.17,264.85,261.96,262.54,
2005-06-06,262.54,263.56,258.06,262.58,
2005-06-07,262.58,264.32,262.58,264.24,
2005-06-08,264.24,267.34,263.85,267.06,
2005-06-09,267.06,267.51,265.71,266.92,
2005-06-10,266.92,270.56,266.92,270.4,
2005-06-13,270.4,270.56,268.83,269.92,
2005-06-14,269.92,272.81,269.92,272.79,
2005-06-15,272.79,274.21,271.3,272.07,
2005-06-16,272.07,273.8,271.76,273.8,
2005-06-17,273.8,276.07,273.8,275.52,
2005-06-20,275.52,276.89,274.76,274.83,
2005-06-21,274.83,277.44,274.83,275.22,
2005-06-22,275.22,275.88,274.1,274.98,
2005-06-23,274.98,278.35,274.98,278.2,
2005-06-24,278.2,280.9,277.81,280.9,
2005-06-27,280.9,280.9,277.35,277.75,
2005-06-28,277.75,281.26,277.75,281.25,
2005-06-29,281.25,282.68,280.41,282.55,
2005-06-30,282.55,283.78,281.84,283.41,
2005-07-01,283.41,286.17,283.36,285.42,
2005-07-04,285.42,290.6,285.42,289.8,
2005-07-05,289.8,292.25,288.5,289.49,
2005-07-06,289.49,295.26,289.28,294.75,
2005-07-07,294.75,294.76,280.3,287.87,
2005-07-08,287.87,296.1,287.87,296.09,
2005-07-11,296.09,296.75,295.44,295.64,
2005-07-12,295.64,295.7,292.81,293.19,
2005-07-13,293.19,297.44,293.19,294.45,
2005-07-14,294.45,295.14,293.09,294.36,
2005-07-15,294.36,294.36,290.9,291.38,
2005-07-18,291.38,294.21,291.36,291.36,
2005-07-19,291.36,292.6,290.35,292.3,
2005-07-20,292.3,293.12,289.48,290.1,
2005-07-21,290.1,290.73,288.46,290.71,
2005-07-22,290.71,294.0,290.42,293.89,
2005-07-25,293.89,297.01,293.89,296.59,
2005-07-26,296.59,296.74,294.65,296.27,
2005-07-27,296.27,298.14,295.9,295.91,
2005-07-28,295.91,297.55,295.9,296.29,
2005-07-29,296.29,298.59,296.29,298.56,
2005-08-01,298.56,299.13,297.62,298.36,
2005-08-02,298.36,301.92,298.36,301.78,
2005-08-03,301.78,304.59,301.71,304.13,
2005-08-04,304.13,304.15,301.41,301.41,
2005-08-05,301.41,302.65,300.49,300.51,
2005-08-08,300.51,304.66,300.5,304.63,
2005-08-09,304.63,307.88,304.63,307.41,
2005-08-10,307.41,308.91,306.85,307.08,
2005-08-11,307.08,309.39,307.08,308.62,
2005-08-12,308.62,310.62,308.62,309.01,
2005-08-15,309.01,310.47,309.01,309.21,
2005-08-16,309.21,309.91,305.33,305.35,
2005-08-17,305.35,305.35,301.5,304.03,
2005-08-18,304.03,304.28,301.58,304.02,
2005-08-19,304.02,309.38,304.02,309.35,
2005-08-22,309.35,312.89,309.27,312.87,
2005-08-23,312.87,313.55,311.36,313.53,
2005-08-24,313.53,313.86,309.27,310.78,
2005-08-25,310.78,311.35,309.23,310.51,
2005-08-26,310.51,312.82,310.5,310.92,
2005-08-29,310.92,312.92,310.61,312.51,
2005-08-30,312.51,314.18,312.41,313.77,
2005-08-31,313.77,317.89,313.77,315.97,
2005-09-01,315.97,320.31,315.97,319.24,
2005-09-02,319.24,320.38,316.9,317.77,
2005-09-05,317.77,317.81,315.67,316.9,
2005-09-06,316.9,320.31,316.9,319.98,
2005-09-07,319.98,320.05,316.81,317.97,
2005-09-08,317.97,317.97,315.63,315.83,
2005-09-09,315.83,317.8,315.78,317.27,
2005-09-12,317.27,320.26,317.21,319.97,
2005-09-13,319.97,319.97,316.17,317.12,
2005-09-14,317.12,320.15,317.02,318.64,
2005-09-15,318.64,322.5,318.64,321.54,
2005-09-16,321.54,322.18,319.69,321.85,
2005-09-19,321.85,325.78,321.59,325.58,
2005-09-20,325.58,328.72,325.58,327.51,
2005-09-21,327.51,328.87,327.25,328.13,
2005-09-22,328.13,329.14,327.32,328.53,
2005-09-23,328.53,328.86,325.09,325.18,
2005-09-26,325.18,325.89,322.6,323.09,
2005-09-27,323.09,325.86,323.09,323.56,
2005-09-28,323.56,327.13,323.55,326.27,
2005-09-29,326.27,329.23,326.24,328.6,
2005-09-30,328.6,330.24,326.99,328.16,
2005-10-03,328.16,330.39,328.16,329.89,
2005-10-04,329.89,329.92,327.5,328.11,
2005-10-05,328.11,328.11,322.95,323.14,
2005-10-06,323.14,323.14,309.29,309.79,
2005-10-07,309.79,311.25,306.84,309.38,
2005-10-10,309.38,313.9,308.91,308.91,
2005-10-11,308.91,311.68,308.91,310.64,
2005-10-12,310.64,312.44,309.38,309.54,
2005-10-13,309.54,309.8,296.88,297.69,
2005-10-14,297.69,297.69,291.25,293.38,
2005-10-17,293.38,298.72,293.38,297.27,
2005-10-18,297.27,298.98,287.38,288.27,
2005-10-19,288.27,288.27,277.53,278.78,
2005-10-20,278.78,289.43,278.78,287.24,
2005-10-21,287.24,287.24,281.63,284.42,
2005-10-24,284.42,292.17,284.42,292.17,
2005-10-25,292.17,296.62,292.17,293.95,
2005-10-26,293.95,299.94,293.95,298.47,
2005-10-27,298.47,299.11,293.99,294.82,
2005-10-28,294.82,294.82,288.92,292.34,
2005-10-31,292.34,302.22,292.34,302.22,
2005-11-01,302.22,302.22,296.86,298.93,
2005-11-02,298.93,300.7,298.73,300.54,
2005-11-03,300.54,310.9,300.54,310.89,
2005-11-04,310.89,312.0,308.65,310.43,
2005-11-07,310.43,311.6,303.44,310.2,
2005-11-08,310.2,311.01,306.69,307.29,
2005-11-09,307.29,309.75,306.27,308.76,
2005-11-10,308.76,309.27,306.67,306.72,
2005-11-11,306.72,307.05,302.69,304.66,
2005-11-14,304.66,307.92,304.55,307.14,
2005-11-15,307.14,307.4,304.95,305.78,
2005-11-16,305.78,305.78,300.79,301.61,
2005-11-17,301.61,307.87,301.61,307.46,
2005-11-18,307.46,309.84,306.71,308.0,
2005-11-21,308.0,311.12,308.0,309.27,
2005-11-22,309.27,314.08,309.27,313.7,
2005-11-23,313.7,314.5,312.19,312.84,
2005-11-24,312.84,313.13,310.23,311.08,
2005-11-25,311.08,314.72,311.08,314.66,
2005-11-28,314.66,316.41,314.66,316.11,
2005-11-29,312.89,312.89,308.68,308.9,
2005-11-30,313.51,314.24,311.39,314.23,
2005-12-01,314.23,319.83,314.23,319.64,
2005-12-02,319.64,324.21,319.64,324.03,
2005-12-05,324.03,326.74,323.74,324.66,
2005-12-06,324.66,325.82,322.2,325.61,
2005-12-07,325.61,330.13,325.61,329.83,
2005-12-08,329.83,329.83,327.03,327.67,
2005-12-09,327.67,330.92,327.67,329.75,
2005-12-12,329.75,331.0,328.6,328.62,
2005-12-13,328.62,332.13,328.62,331.09,
2005-12-14,331.09,331.58,329.13,331.54,
2005-12-15,331.54,331.83,326.4,326.98,
2005-12-16,326.98,328.4,323.62,323.84,
2005-12-19,323.84,323.94,320.05,320.05,
2005-12-20,320.05,324.43,319.25,324.4,
2005-12-21,324.4,327.4,324.4,325.93,
2005-12-22,325.93,329.47,325.82,328.43,
2005-12-23,328.43,330.67,328.15,329.1,
2005-12-27,329.1,330.67,327.61,329.06,
2005-12-28,329.06,331.82,326.59,331.73,
2005-12-29,331.73,335.28,331.73,332.33,
2005-12-30,332.33,333.26,331.63,332.51,
2006-01-02,332.51,334.2,332.51,332.94,
2006-01-03,332.94,336.38,332.94,335.48,
2006-01-04,335.48,338.99,335.48,338.01,
2006-01-05,338.01,339.53,336.59,336.96,
2006-01-06,336.96,339.05,336.06,338.74,
2006-01-09,338.74,341.28,338.74,339.7,
2006-01-10,339.7,339.7,335.12,337.31,
2006-01-11,337.31,338.84,336.16,337.4,
2006-01-12,337.4,342.02,337.4,341.75,
2006-01-13,341.75,341.75,336.53,338.56,
2006-01-16,338.56,342.39,338.56,341.77,
2006-01-17,341.77,344.05,339.94,340.0,
2006-01-18,340.0,340.16,334.54,334.75,
2006-01-19,334.75,342.42,334.75,342.39,
2006-01-20,342.39,347.81,342.39,346.47,
2006-01-23,346.47,346.47,342.2,342.32,
2006-01-24,342.32,345.54,342.32,345.27,
2006-01-25,345.27,347.06,343.9,345.93,
2006-01-26,345.93,349.17,344.25,347.58,
2006-01-27,347.58,355.4,347.58,354.74,
2006-01-30,354.74,359.24,354.74,359.14,
2006-01-31,359.14,361.8,355.12,355.2,
2006-02-01,355.2,359.55,353.58,359.46,
2006-02-02,359.46,359.46,357.46,358.52,
2006-02-03,358.52,358.52,353.39,353.74,
2006-02-06,353.74,359.74,353.74,359.36,
2006-02-07,359.36,359.53,353.67,353.79,
2006-02-08,353.79,353.79,345.25,350.63,
2006-02-09,350.63,355.51,350.63,355.21,
2006-02-10,355.21,355.66,351.91,355.07,
2006-02-13,355.07,355.1,351.45,351.77,
2006-02-14,351.77,351.77,344.6,347.21,
2006-02-15,347.21,353.0,347.21,352.99,
2006-02-16,352.99,354.47,350.4,354.46,
2006-02-17,354.46,359.57,354.46,358.37,
2006-02-20,358.37,365.12,358.37,364.12,
2006-02-21,364.13,367.92,364.02,365.67,
2006-02-22,365.67,366.2,362.67,363.34,
2006-02-23,363.34,366.97,362.6,365.35,
2006-02-24,365.35,371.01,365.35,371.01,
2006-02-27,371.01,372.12,370.05,370.62,
2006-02-28,370.62,370.62,364.97,366.06,
2006-03-01,366.06,370.76,366.06,370.25,
2006-03-02,370.25,374.58,370.25,372.24,
2006-03-03,372.24,376.84,371.22,376.13,
2006-03-06,376.13,378.25,373.48,373.5,
2006-03-07,373.5,373.5,369.8,370.37,
2006-03-08,370.37,371.06,363.78,366.54,
2006-03-09,366.54,369.68,366.17,368.44,
2006-03-10,368.44,369.46,366.97,367.73,
2006-03-13,367.73,371.31,367.73,370.49,
2006-03-14,370.49,372.14,370.49,371.12,
2006-03-15,371.12,374.5,371.12,373.37,
2006-03-16,373.37,376.46,373.31,376.46,
2006-03-17,376.46,381.1,376.46,379.7,
2006-03-20,379.7,383.43,379.09,380.24,
2006-03-21,380.24,380.24,374.7,375.6,
2006-03-22,375.6,380.63,375.42,380.32,
2006-03-23,380.32,386.0,380.32,385.66,
2006-03-24,385.66,390.31,384.31,389.68,
2006-03-27,389.68,392.39,388.78,390.58,
2006-03-28,390.58,393.89,390.25,390.25,
2006-03-29,390.25,396.26,390.25,395.66,
2006-03-30,395.66,400.77,395.66,399.31,
2006-03-31,399.31,401.17,395.62,396.3,
2006-04-03,396.3,400.99,396.13,399.95,
2006-04-04,399.95,399.95,393.55,393.58,
2006-04-05,393.58,424.52,393.58,423.67,
2006-04-06,397.43,404.44,397.43,402.3,
2006-04-07,402.3,402.43,400.36,400.36,
2006-04-10,400.36,405.05,400.36,404.9,
2006-04-11,404.9,409.34,403.31,403.83,
2006-04-12,403.83,404.0,398.2,398.89,
2006-04-18,398.89,406.81,398.89,405.12,
2006-04-19,405.12,408.07,404.95,407.22,
2006-04-20,407.22,415.95,407.22,415.2,
2006-04-21,415.2,417.74,413.01,417.59,
2006-04-24,417.59,424.25,417.36,422.54,
2006-04-25,422.54,423.44,419.13,419.13,
2006-04-26,419.13,422.04,418.12,420.48,
2006-04-27,420.48,420.61,404.08,409.03,
2006-04-28,409.03,409.03,404.13,407.02,
2006-05-02,407.02,414.06,407.02,413.42,
2006-05-03,413.42,419.69,413.42,416.14,
2006-05-04,416.14,421.87,414.68,421.86,
2006-05-05,421.86,424.52,420.63,423.67,
2006-05-08,423.67,426.99,419.35,419.97,
2006-05-09,419.97,424.96,419.97,424.37,
2006-05-10,424.37,427.2,424.37,426.13,
2006-05-11,426.13,430.88,426.13,427.66,
2006-05-12,427.66,427.66,414.87,415.91,
2006-05-15,415.91,415.91,393.07,395.08,
2006-05-16,395.08,398.41,391.3,394.8,
2006-05-18,394.8,394.8,372.23,372.34,
2006-05-19,372.34,381.0,370.86,371.17,
2006-05-22,371.17,371.17,351.92,353.04,
2006-05-23,353.04,378.03,353.04,378.01,
2006-05-24,378.01,378.01,364.22,368.06,
2006-05-26,368.06,384.88,368.06,382.6,
2006-05-29,382.6,392.25,382.6,391.13,
2006-05-30,391.13,391.2,379.77,380.53,
2006-05-31,380.53,385.29,368.96,381.43,
2006-06-01,381.43,388.6,381.43,383.84,
2006-06-02,383.84,393.58,383.84,390.97,
2006-06-06,390.97,390.97,378.48,379.6,
2006-06-07,379.6,383.86,375.82,377.18,
2006-06-08,377.18,377.18,355.4,356.38,
2006-06-09,356.38,367.51,356.38,363.86,
2006-06-12,363.86,368.5,353.94,354.04,
2006-06-13,354.04,354.04,335.33,340.78,
2006-06-14,340.78,345.75,335.89,342.12,
2006-06-15,342.12,361.29,342.12,361.21,
2006-06-16,361.21,372.5,355.16,356.07,
2006-06-19,356.07,362.99,356.07,357.12,
2006-06-20,357.12,357.12,351.45,353.47,
2006-06-21,353.47,354.84,346.34,353.92,
2006-06-22,353.92,364.41,353.92,359.07,
2006-06-23,359.07,368.3,359.07,368.28,
2006-06-26,368.28,370.94,366.73,367.22,
2006-06-27,367.22,375.58,367.22,375.53,
2006-06-28,375.53,375.53,368.91,370.37,
2006-06-29,370.37,376.28,370.37,374.53,
2006-06-30,374.53,384.94,373.65,376.44,
2006-07-03,376.44,383.55,376.44,382.81,
2006-07-04,382.81,386.42,382.81,384.94,
2006-07-05,384.94,385.11,377.64,377.69,
2006-07-06,377.69,384.5,377.69,383.71,
2006-07-07,383.71,387.85,380.89,386.77,
2006-07-10,386.77,386.77,382.15,383.67,
2006-07-11,383.67,383.67,380.02,383.01,
2006-07-12,383.01,390.6,383.01,389.61,
2006-07-13,389.61,390.61,382.35,384.35,
2006-07-14,384.35,384.82,378.71,379.6,
2006-07-17,379.6,381.24,371.6,372.16,
2006-07-18,372.16,372.16,362.43,366.31,
2006-07-19,366.31,369.53,363.98,368.43,
2006-07-20,368.43,377.23,368.43,371.85,
2006-07-21,371.85,371.85,363.82,364.66,
2006-07-24,364.66,366.21,362.55,365.85,
2006-07-25,365.85,377.44,365.85,377.16,
2006-07-26,377.16,379.24,376.21,377.76,
2006-07-27,377.76,384.6,377.76,383.69,
2006-07-28,383.69,383.69,380.31,380.34,
2006-07-31,380.34,382.3,378.01,380.99,
2006-08-01,380.99,387.04,380.99,382.02,
2006-08-02,382.02,387.93,382.02,387.72,
2006-08-03,387.72,388.63,380.79,382.01,
2006-08-04,382.01,385.88,381.25,382.4,
2006-08-07,382.4,383.9,379.81,383.13,
2006-08-08,383.13,386.46,382.23,383.19,
2006-08-09,383.19,384.03,376.61,380.76,
2006-08-10,380.76,380.76,372.71,374.95,
2006-08-11,374.95,379.57,374.43,374.74,
2006-08-14,374.74,376.05,371.67,372.08,
2006-08-15,372.08,376.2,370.84,375.85,
2006-08-16,375.85,378.51,374.62,377.64,
2006-08-17,377.64,377.64,373.76,374.6,
2006-08-18,374.6,380.0,373.73,377.05,
2006-08-21,377.05,384.51,377.05,383.54,
2006-08-22,383.54,385.78,381.59,383.75,
2006-08-23,383.75,387.97,383.44,387.1,
2006-08-24,387.1,387.1,382.44,384.92,
2006-08-25,384.92,387.19,383.36,384.28,
2006-08-28,384.28,384.28,380.9,381.85,
2006-08-29,381.85,383.73,377.87,377.92,
2006-08-30,377.92,383.45,377.92,382.9,
2006-08-31,382.9,384.51,381.3,382.17,
2006-09-01,382.17,388.36,382.17,387.45,
2006-09-04,387.45,392.52,387.17,392.35,
2006-09-05,392.35,394.55,391.55,394.04,
2006-09-06,394.04,395.6,385.32,385.68,
2006-09-07,385.68,385.68,379.7,382.77,
2006-09-08,382.77,385.67,381.51,382.06,
2006-09-11,382.06,382.06,368.71,368.77,
2006-09-12,368.77,372.05,366.68,370.23,
2006-09-13,370.23,375.49,369.18,375.12,
2006-09-14,375.12,381.46,374.11,374.69,
2006-09-15,374.69,375.07,371.62,371.65,
2006-09-18,371.65,375.45,371.65,374.46,
2006-09-19,374.46,378.28,374.24,376.22,
2006-09-20,376.22,376.22,371.71,374.87,
2006-09-21,374.87,374.87,366.76,366.97,
2006-09-22,366.97,368.95,365.54,365.7,
2006-09-25,365.7,365.7,353.03,353.12,
2006-09-26,353.12,363.16,353.12,363.14,
2006-09-27,363.14,370.72,363.14,369.7,
2006-09-28,369.7,375.09,369.7,371.16,
2006-09-29,371.16,371.59,368.38,371.59,
2006-10-02,371.59,373.4,369.34,370.14,
2006-10-03,370.14,370.14,361.4,361.91,
2006-10-04,361.91,365.96,357.18,365.49,
2006-10-05,365.49,372.4,365.49,371.41,
2006-10-06,371.41,373.31,370.78,370.99,
2006-10-09,370.99,375.3,370.99,374.87,
2006-10-10,374.87,379.13,374.87,378.66,
2006-10-11,378.66,379.51,376.27,378.08,
2006-10-12,378.08,382.9,377.51,382.88,
2006-10-13,382.88,389.13,382.88,388.95,
2006-10-16,388.95,395.02,388.95,394.54,
2006-10-17,394.54,397.55,392.1,392.72,
2006-10-18,392.72,397.44,392.56,397.25,
2006-10-19,397.25,399.97,394.04,399.9,
2006-10-20,399.9,404.15,399.9,401.56,
2006-10-23,401.56,401.56,396.74,397.62,
2006-10-24,397.62,399.68,395.86,399.61,
2006-10-25,399.61,401.49,397.97,398.55,
2006-10-26,398.55,407.32,398.55,405.32,
2006-10-27,405.32,407.39,404.11,405.26,
2006-10-30,405.26,405.33,399.15,400.05,
2006-10-31,400.05,403.99,399.19,402.69,
2006-11-01,402.69,407.22,402.69,405.36,
2006-11-02,405.36,406.09,401.02,401.88,
2006-11-03,401.88,407.32,401.88,407.21,
2006-11-06,407.21,415.47,407.21,415.45,
2006-11-07,415.45,418.37,410.59,411.39,
2006-11-08,411.39,412.54,409.11,412.11,
2006-11-09,412.11,417.36,412.11,415.74,
2006-11-10,415.74,415.74,411.8,412.06,
2006-11-13,412.06,414.42,410.45,412.62,
2006-11-14,412.62,417.92,412.62,416.51,
2006-11-15,416.51,419.47,416.48,419.47,
2006-11-16,419.47,422.31,418.06,421.77,
2006-11-17,421.77,421.77,408.35,409.67,
2006-11-20,409.67,413.96,407.66,413.11,
2006-11-21,413.11,418.0,413.11,418.0,
2006-11-22,418.0,422.9,417.27,417.27,
2006-11-23,417.27,418.64,414.23,414.37,
2006-11-24,414.37,415.07,408.5,414.37,
2006-11-27,414.37,416.83,408.98,409.25,
2006-11-28,409.25,409.25,402.43,403.95,
2006-11-29,403.95,412.39,403.95,412.33,
2006-11-30,412.33,417.1,412.33,412.99,
2006-12-01,412.99,417.44,410.86,411.73,
2006-12-04,411.73,416.02,411.73,413.24,
2006-12-05,413.24,417.77,413.24,416.52,
2006-12-06,416.52,417.69,412.89,414.47,
2006-12-07,414.47,416.74,413.67,414.01,
2006-12-08,414.01,417.01,413.06,415.51,
2006-12-11,415.51,418.48,414.79,416.35,
2006-12-12,416.35,418.76,414.29,418.74,
2006-12-13,418.74,419.18,415.88,417.41,
2006-12-14,417.41,424.81,417.41,424.67,
2006-12-15,424.67,428.73,424.67,428.73,
2006-12-18,428.73,447.49,428.73,438.3,
2006-12-19,438.3,438.3,429.12,432.46,
2006-12-20,432.46,438.52,432.46,438.39,
2006-12-21,438.39,438.39,434.05,434.22,
2006-12-22,434.22,436.58,433.43,435.24,
2006-12-27,435.24,438.57,434.51,437.43,
2006-12-28,437.43,441.25,437.43,441.2,
2006-12-29,441.2,442.1,440.34,440.36,
2007-01-02,440.36,447.04,440.2,446.46,
2007-01-03,446.46,447.55,441.02,441.21,
2007-01-04,441.21,441.21,430.29,430.49,
2007-01-05,430.49,430.49,422.24,429.51,
2007-01-08,429.51,437.17,429.51,435.12,
2007-01-09,435.12,435.72,427.77,429.06,
2007-01-10,429.06,429.29,423.75,423.8,
2007-01-11,423.8,432.36,422.21,432.32,
2007-01-12,432.32,435.01,429.11,433.54,
2007-01-15,433.54,445.28,433.54,445.23,
2007-01-16,445.23,445.84,441.77,443.22,
2007-01-17,443.22,444.65,437.34,440.29,
2007-01-18,440.29,445.85,440.29,443.19,
2007-01-19,443.19,449.02,439.79,449.02,
2007-01-22,449.02,455.64,449.02,453.85,
2007-01-23,453.85,455.09,450.65,453.47,
2007-01-24,453.47,461.29,453.47,459.75,
2007-01-25,459.75,463.42,455.47,455.79,
2007-01-26,455.79,458.98,452.26,458.25,
2007-01-29,458.25,461.66,458.25,461.31,
2007-01-30,461.31,461.31,457.8,459.37,
2007-01-31,459.37,463.74,459.37,460.74,
2007-02-01,460.74,467.2,460.74,464.66,
2007-02-02,464.66,469.12,464.66,467.49,
2007-02-05,467.49,470.15,466.45,467.59,
2007-02-06,467.59,470.26,466.64,468.99,
2007-02-07,468.99,470.75,467.18,469.13,
2007-02-08,469.13,469.51,463.27,464.5,
2007-02-09,464.5,470.54,464.5,470.32,
2007-02-12,470.32,470.32,464.19,464.42,
2007-02-13,464.42,468.44,464.12,468.28,
2007-02-14,468.28,473.41,468.21,472.75,
2007-02-15,472.75,472.75,463.85,463.9,
2007-02-16,463.9,466.61,459.86,461.69,
2007-02-19,461.69,465.24,459.06,464.89,
2007-02-20,464.89,465.89,458.04,459.61,
2007-02-21,459.61,462.45,456.95,459.04,
2007-02-22,459.04,461.91,458.78,459.39,
2007-02-23,459.39,463.21,459.39,461.13,
2007-02-26,461.13,465.99,461.13,465.81,
2007-02-27,465.81,465.81,445.47,448.65,
2007-02-28,448.65,448.65,435.97,440.59,
2007-03-01,440.59,450.15,430.32,435.32,
2007-03-02,435.32,442.15,434.64,439.01,
2007-03-05,439.01,439.01,423.19,431.09,
2007-03-06,431.09,436.96,431.09,435.85,
2007-03-07,435.85,439.9,435.31,437.12,
2007-03-08,437.12,448.23,437.12,447.3,
2007-03-09,447.3,448.81,442.0,444.81,
2007-03-12,444.81,448.07,441.7,443.96,
2007-03-13,443.96,446.41,440.47,442.73,
2007-03-14,442.73,442.73,429.59,433.8,
2007-03-15,433.8,440.02,433.8,438.23,
2007-03-16,438.23,441.24,434.97,439.94,
2007-03-19,439.94,449.03,439.94,448.26,
2007-03-20,448.26,451.97,447.15,451.63,
2007-03-21,450.99,456.37,450.23,456.36,
2007-03-22,456.36,460.43,455.25,457.82,
2007-03-23,457.82,462.35,457.33,462.33,
2007-03-26,462.33,466.17,459.79,459.8,
2007-03-27,459.8,463.59,455.96,455.96,
2007-03-28,455.96,459.86,455.8,459.05,
2007-03-29,459.05,463.76,458.44,462.07,
2007-03-30,462.07,465.06,461.09,461.3,
2007-04-02,461.3,464.45,459.73,462.86,
2007-04-03,462.86,465.96,462.86,465.6,
2007-04-04,465.6,467.0,465.1,465.89,
2007-04-10,465.89,469.08,465.03,469.06,
2007-04-11,469.06,471.48,467.39,467.42,
2007-04-12,467.42,467.42,462.1,463.22,
2007-04-13,463.22,468.78,463.22,466.63,
2007-04-16,466.63,471.73,466.63,471.21,
2007-04-17,471.21,472.57,470.13,471.33,
2007-04-18,471.33,471.33,465.49,466.25,
2007-04-19,466.25,466.25,460.97,464.83,
2007-04-20,464.83,472.28,464.83,471.89,
2007-04-23,471.89,476.4,471.89,475.86,
2007-04-24,475.86,477.09,472.5,472.96,
2007-04-25,472.96,478.36,472.27,476.05,
2007-04-26,476.05,482.04,476.05,478.54,
2007-04-27,478.54,479.15,473.53,475.23,
2007-04-30,475.23,480.09,475.12,477.61,
2007-05-02,477.61,483.04,477.61,483.04,
2007-05-03,483.04,485.06,479.8,483.43,
2007-05-04,483.43,488.26,483.43,488.02,
2007-05-07,488.02,491.64,485.82,489.62,
2007-05-08,489.62,490.27,476.97,477.93,
2007-05-09,477.93,481.93,477.0,478.41,
2007-05-10,478.41,478.41,474.02,477.51,
2007-05-11,477.51,477.51,467.5,472.45,
2007-05-14,472.45,476.75,472.45,474.05,
2007-05-15,474.05,479.29,472.18,479.06,
2007-05-16,479.06,482.16,477.8,479.89,
2007-05-18,479.89,487.6,479.89,487.32,
2007-05-21,487.32,494.38,487.32,492.56,
2007-05-22,492.56,495.07,490.84,493.94,
2007-05-23,493.94,498.25,493.27,498.24,
2007-05-24,498.24,498.32,492.43,496.8,
2007-05-25,496.8,496.8,490.23,491.65,
2007-05-29,491.65,494.51,489.07,489.12,
2007-05-30,489.12,489.12,483.79,487.75,
2007-05-31,487.75,497.33,487.75,496.26,
2007-06-01,496.26,501.68,496.24,501.38,
2007-06-04,501.38,502.84,498.14,499.67,
2007-06-05,499.67,503.23,496.93,498.0,
2007-06-06,498.0,499.92,487.81,489.3,
2007-06-07,489.3,493.52,482.23,485.41,
2007-06-08,485.41,485.41,474.31,483.08,
2007-06-11,483.08,489.76,483.08,487.53,
2007-06-12,487.53,491.46,481.93,482.2,
2007-06-13,482.2,485.13,477.8,483.53,
2007-06-14,483.53,495.54,483.53,495.51,
2007-06-15,495.51,504.88,495.51,504.79,
2007-06-18,504.79,508.89,504.54,505.89,
2007-06-19,505.89,510.04,505.18,506.12,
2007-06-20,506.12,511.17,506.12,507.89,
2007-06-21,507.89,507.89,503.38,506.31,
2007-06-22,506.31,508.12,503.49,504.45,
2007-06-25,504.45,504.45,499.54,502.41,
2007-06-26,502.41,502.49,497.57,499.59,
2007-06-27,499.59,499.59,491.9,492.38,
2007-06-28,492.38,505.0,492.38,503.73,
2007-06-29,503.73,510.44,503.59,508.24,
2007-07-02,508.24,511.63,507.34,510.81,
2007-07-03,510.81,514.67,510.81,512.39,
2007-07-04,512.39,517.64,512.38,516.94,
2007-07-05,516.94,519.57,512.11,516.74,
2007-07-06,516.74,516.75,512.39,513.46,
2007-07-09,513.46,519.72,513.46,516.01,
2007-07-10,516.01,517.33,510.99,512.78,
2007-07-11,512.78,512.78,508.15,512.3,
2007-07-12,512.3,519.11,512.3,518.18,
2007-07-13,518.18,523.86,518.18,519.69,
2007-07-16,519.69,521.6,518.78,520.69,
2007-07-17,520.69,521.1,515.12,517.76,
2007-07-18,517.76,517.76,513.38,517.52,
2007-07-19,517.52,525.75,517.52,524.37,
2007-07-20,524.37,526.05,520.52,520.56,
2007-07-23,520.56,522.85,517.73,520.63,
2007-07-24,520.63,521.02,509.16,509.34,
2007-07-25,509.34,509.77,504.67,505.83,
2007-07-26,505.83,509.45,493.17,493.77,
2007-07-27,493.77,493.77,482.05,485.75,
2007-07-30,485.75,490.95,481.72,487.04,
2007-07-31,487.04,498.09,487.04,495.57,
2007-08-01,495.57,495.57,479.86,484.83,
2007-08-02,484.83,491.13,483.33,488.2,
2007-08-03,488.2,491.39,477.93,479.27,
2007-08-06,479.27,479.27,465.98,466.33,
2007-08-07,466.33,478.65,466.33,472.24,
2007-08-08,472.24,487.21,472.24,487.06,
2007-08-09,487.06,487.88,468.77,471.26,
2007-08-10,471.33,471.33,450.33,458.52,
2007-08-13,458.64,470.36,458.64,467.6,
2007-08-14,467.71,471.01,463.19,466.88,
2007-08-15,466.88,466.88,452.16,458.09,
2007-08-16,458.09,458.09,439.64,440.23,
2007-08-17,440.23,455.17,434.52,451.9,
2007-08-20,451.9,464.61,451.9,459.26,
2007-08-21,459.26,461.87,452.81,452.92,
2007-08-22,452.92,463.42,452.92,461.89,
2007-08-23,461.89,468.41,461.89,465.59,
2007-08-24,465.59,466.88,460.58,466.74,
2007-08-27,466.74,469.36,464.55,464.85,
2007-08-28,464.85,465.01,454.64,455.65,
2007-08-29,455.65,460.14,448.3,457.81,
2007-08-30,457.81,467.47,457.81,465.47,
2007-08-31,465.47,475.22,465.47,473.56,
2007-09-03,473.56,476.89,471.99,475.32,
2007-09-04,475.32,481.2,472.91,480.38,
2007-09-05,480.38,486.46,478.2,479.84,
2007-09-06,479.84,487.09,479.59,482.66,
2007-09-07,482.66,485.74,473.09,475.69,
2007-09-10,475.69,475.69,467.71,470.22,
2007-09-11,470.22,478.03,470.22,476.73,
2007-09-12,476.73,479.64,473.43,476.26,
2007-09-13,476.26,484.84,475.42,484.45,
2007-09-14,484.45,485.25,477.35,482.42,
2007-09-17,482.42,482.42,475.69,478.34,
2007-09-18,478.34,480.21,475.59,479.72,
2007-09-19,479.72,494.93,479.72,494.09,
2007-09-20,494.09,494.09,488.91,492.34,
2007-09-21,492.34,496.8,490.19,496.18,
2007-09-24,496.18,502.38,495.46,497.61,
2007-09-25,497.61,497.61,487.62,490.37,
2007-09-26,490.37,494.81,490.37,493.08,
2007-09-27,493.08,496.87,492.14,494.83,
2007-09-28,494.83,499.11,493.71,496.29,
2007-10-01,496.29,498.48,493.27,498.42,
2007-10-02,498.42,503.61,494.54,494.69,
2007-10-03,494.69,497.2,485.45,486.76,
2007-10-04,486.76,489.33,483.99,485.1,
2007-10-05,485.1,488.4,482.27,487.87,
2007-10-08,487.87,491.76,487.39,487.94,
2007-10-09,487.94,490.38,484.51,489.13,
2007-10-10,489.13,492.46,488.78,491.66,
2007-10-11,491.66,504.04,491.66,503.45,
2007-10-12,503.45,505.61,498.84,505.44,
2007-10-15,505.44,510.91,505.44,508.75,
2007-10-16,508.75,508.75,501.02,503.31,
2007-10-17,503.31,505.71,498.79,504.21,
2007-10-18,504.21,505.48,494.71,496.33,
2007-10-19,496.33,502.21,495.38,496.85,
2007-10-22,496.85,496.85,480.69,485.64,
2007-10-23,485.64,497.54,485.64,496.88,
2007-10-24,496.88,501.22,495.99,496.93,
2007-10-25,496.93,507.34,496.5,504.53,
2007-10-26,504.53,511.33,504.27,508.42,
2007-10-29,508.42,515.88,508.42,515.41,
2007-10-30,515.41,515.94,507.37,508.54,
2007-10-31,508.54,514.13,504.78,514.09,
2007-11-01,514.09,519.08,503.81,507.14,
2007-11-02,507.14,509.06,500.62,504.34,
2007-11-05,504.34,506.91,501.15,501.97,
2007-11-06,501.97,513.71,501.97,513.71,
2007-11-07,513.71,518.32,510.03,514.76,
2007-11-08,514.76,516.92,505.12,514.19,
2007-11-09,514.19,518.91,503.75,507.3,
2007-11-12,507.3,507.3,494.56,495.57,
2007-11-13,495.57,495.57,484.6,489.67,
2007-11-14,489.67,498.38,489.67,494.46,
2007-11-15,494.46,494.46,483.77,485.51,
2007-11-16,485.51,485.51,474.67,478.96,
2007-11-19,478.96,484.93,465.11,465.66,
2007-11-20,465.66,474.89,458.97,474.47,
2007-11-21,474.47,474.7,465.12,466.87,
2007-11-22,466.87,472.17,463.18,466.01,
2007-11-23,466.01,475.58,466.01,475.31,
2007-11-26,475.31,485.94,475.31,482.86,
2007-11-27,482.86,482.86,470.24,471.28,
2007-11-28,471.28,486.04,471.28,485.98,
2007-11-29,485.98,491.34,484.31,487.54,
2007-11-30,487.54,493.59,487.48,492.83,
2007-12-03,492.83,494.76,486.12,487.71,
2007-12-04,487.71,489.55,479.2,479.45,
2007-12-05,479.45,490.02,479.45,489.05,
2007-12-06,489.05,494.61,485.79,494.61,
2007-12-07,494.61,494.61,485.89,486.78,
2007-12-10,486.78,489.74,484.18,488.47,
2007-12-11,488.47,491.75,485.04,489.62,
2007-12-12,489.62,493.55,481.4,491.59,
2007-12-13,491.59,491.59,481.13,482.9,
2007-12-14,482.9,486.48,478.61,481.84,
2007-12-17,481.84,481.84,469.93,471.58,
2007-12-18,471.58,476.21,469.6,472.85,
2007-12-19,472.85,473.38,465.91,470.49,
2007-12-20,470.49,473.78,469.98,469.98,
2007-12-21,469.98,481.92,469.98,480.77,
2007-12-27,480.77,488.56,480.77,488.12,
2007-12-28,488.12,491.1,484.41,490.81,
2008-01-02,490.81,497.13,489.32,491.29,
2008-01-03,491.29,492.35,483.22,486.42,
2008-01-04,486.42,491.24,475.34,475.44,
2008-01-07,475.44,476.71,467.72,467.74,
2008-01-08,467.74,478.19,467.74,477.84,
2008-01-09,477.84,477.84,461.32,464.58,
2008-01-10,464.6,469.15,446.94,449.84,
2008-01-11,449.84,454.65,437.58,438.61,
2008-01-14,438.61,444.41,435.38,441.01,
2008-01-15,441.01,444.4,425.49,425.86,
2008-01-16,425.86,425.86,405.79,411.83,
2008-01-17,411.83,420.74,409.0,410.23,
2008-01-18,410.23,410.23,396.89,404.8,
2008-01-21,404.8,404.8,377.82,378.91,
2008-01-22,378.91,388.92,355.81,388.91,
2008-01-23,388.91,398.86,372.28,381.26,
2008-01-24,381.26,399.6,381.26,395.24,
2008-01-25,395.24,412.82,395.24,409.12,
2008-01-28,409.12,409.12,393.66,398.47,
2008-01-29,398.47,411.98,398.47,409.21,
2008-01-30,409.21,410.85,405.57,407.77,
2008-01-31,407.77,407.87,389.83,393.87,
2008-02-01,393.87,407.03,393.87,403.9,
2008-02-04,403.9,413.1,403.9,410.33,
2008-02-05,410.33,413.72,400.84,405.01,
2008-02-06,405.01,405.85,391.17,405.83,
2008-02-07,405.83,405.83,391.85,398.81,
2008-02-08,398.81,403.17,390.57,395.07,
2008-02-11,395.07,398.51,391.56,392.78,
2008-02-12,392.87,408.3,392.87,407.41,
2008-02-13,407.41,409.27,400.7,408.23,
2008-02-14,408.23,421.32,408.23,419.63,
2008-02-15,419.63,422.59,413.83,415.92,
2008-02-18,415.92,423.53,415.92,423.21,
2008-02-19,423.21,429.27,419.21,427.04,
2008-02-20,427.04,427.1,420.08,422.82,
2008-02-21,422.82,432.8,422.82,429.28,
2008-02-22,429.28,429.28,423.56,425.27,
2008-02-25,425.27,432.03,423.72,424.91,
2008-02-26,424.91,431.55,424.91,427.95,
2008-02-27,427.95,434.37,427.95,433.66,
2008-02-28,433.66,437.71,431.06,432.6,
2008-02-29,432.6,434.9,425.41,427.11,
2008-03-03,427.11,427.11,415.89,419.39,
2008-03-04,419.39,421.83,416.78,420.6,
2008-03-05,420.6,426.67,418.94,424.51,
2008-03-06,424.51,427.3,420.86,420.91,
2008-03-07,420.91,420.91,409.05,411.49,
2008-03-10,411.49,411.49,400.94,400.94,
2008-03-11,400.94,411.95,400.15,411.06,
2008-03-12,411.06,419.76,409.5,412.98,
2008-03-13,412.98,412.98,401.9,405.01,
2008-03-14,405.01,414.19,404.87,405.06,
2008-03-17,405.06,405.06,390.41,391.78,
2008-03-18,391.78,398.23,391.78,397.93,
2008-03-19,397.93,404.72,393.91,394.83,
2008-03-25,394.83,402.77,394.83,399.23,
2008-03-26,399.23,403.9,399.03,400.26,
2008-03-27,400.26,410.64,400.26,407.99,
2008-03-28,407.99,413.74,407.99,411.16,
2008-03-31,411.16,413.46,405.74,411.99,
2008-04-01,411.99,419.36,409.25,419.33,
2008-04-02,419.33,425.64,419.33,422.9,
2008-04-03,422.9,426.53,420.76,421.28,
2008-04-04,421.28,428.55,420.67,426.81,
2008-04-07,426.81,436.29,426.81,435.46,
2008-04-08,435.46,435.46,427.35,431.06,
2008-04-09,431.06,434.75,428.93,431.58,
2008-04-10,431.58,434.37,428.91,431.99,
2008-04-11,431.99,438.68,429.13,430.88,
2008-04-14,430.88,430.88,422.19,425.77,
2008-04-15,425.77,436.49,425.77,435.53,
2008-04-16,435.53,442.55,435.53,441.49,
2008-04-17,441.49,447.31,434.84,437.08,
2008-04-18,437.08,445.55,436.59,443.41,
2008-04-21,443.41,450.75,443.41,446.8,
2008-04-22,446.8,458.95,446.62,456.67,
2008-04-23,456.67,459.42,453.88,456.7,
2008-04-24,456.7,458.86,448.98,448.99,
2008-04-25,448.99,458.61,448.99,455.4,
2008-04-28,455.4,467.07,455.4,465.95,
2008-04-29,465.95,467.0,456.95,457.36,
2008-04-30,457.36,463.22,454.87,463.22,
2008-05-02,463.22,478.94,462.91,477.14,
2008-05-05,477.14,477.59,472.9,476.25,
2008-05-06,476.25,480.28,470.0,474.7,
2008-05-07,474.7,488.44,474.7,488.09,
2008-05-08,488.09,494.27,483.17,493.5,
2008-05-09,493.5,494.27,485.21,485.95,
2008-05-13,485.95,493.3,483.48,484.42,
2008-05-14,484.42,492.51,484.42,492.32,
2008-05-15,492.32,503.12,490.43,502.13,
2008-05-16,502.13,510.86,502.0,508.72,
2008-05-19,508.72,515.26,505.54,515.12,
2008-05-20,515.12,515.12,505.61,506.24,
2008-05-21,506.24,515.86,506.24,513.05,
2008-05-22,513.05,523.61,511.0,522.9,
2008-05-23,522.9,522.9,514.28,515.31,
2008-05-26,515.31,515.31,501.06,501.69,
2008-05-27,501.69,505.76,490.21,491.37,
2008-05-28,491.37,494.73,484.12,492.54,
2008-05-29,492.54,500.0,488.85,489.98,
2008-05-30,489.98,498.91,487.87,497.25,
2008-06-02,497.25,497.79,491.85,497.12,
2008-06-03,497.12,501.2,496.99,500.38,
2008-06-04,500.38,500.38,487.17,488.28,
2008-06-05,488.28,488.81,481.13,485.94,
2008-06-06,485.94,497.47,485.94,492.25,
2008-06-09,492.25,494.95,485.21,488.07,
2008-06-10,488.07,488.28,479.52,482.46,
2008-06-11,482.46,486.66,477.35,477.74,
2008-06-12,477.74,485.73,477.74,484.13,
2008-06-13,484.13,489.23,480.83,487.52,
2008-06-16,487.52,494.3,487.52,493.76,
2008-06-17,493.76,500.72,493.37,498.73,
2008-06-18,498.73,501.31,490.33,491.86,
2008-06-19,491.86,494.31,488.3,490.22,
2008-06-20,490.22,491.22,477.73,479.07,
2008-06-23,479.05,483.3,474.6,475.27,
2008-06-24,475.27,482.51,470.02,470.02,
2008-06-25,470.02,475.96,470.02,470.93,
2008-06-26,470.93,470.99,461.94,464.05,
2008-06-27,464.05,464.37,455.65,460.5,
2008-06-30,460.5,467.28,458.3,463.45,
2008-07-01,463.45,464.33,453.96,455.16,
2008-07-02,455.16,464.47,454.83,458.41,
2008-07-03,458.41,458.41,440.83,443.05,
2008-07-04,443.05,448.34,442.11,442.89,
2008-07-07,442.89,450.31,442.89,447.23,
2008-07-08,447.23,447.23,435.22,435.73,
2008-07-09,435.73,442.73,435.73,441.36,
2008-07-10,441.36,441.36,432.75,433.32,
2008-07-11,433.32,441.22,429.2,432.62,
2008-07-14,432.62,434.47,423.65,423.89,
2008-07-15,423.89,423.89,406.16,407.72,
2008-07-16,407.72,412.74,399.74,400.06,
2008-07-17,400.06,412.02,400.06,410.99,
2008-07-18,410.99,410.99,402.18,409.73,
2008-07-21,409.73,421.52,409.73,417.26,
2008-07-22,417.26,421.81,411.83,412.78,
2008-07-23,412.78,416.41,410.01,411.0,
2008-07-24,411.0,411.0,403.15,404.98,
2008-07-25,404.98,405.68,397.29,399.53,
2008-07-28,399.53,407.91,399.53,406.29,
2008-07-29,406.29,413.93,403.18,409.58,
2008-07-30,409.58,417.3,409.58,417.16,
2008-07-31,417.16,428.43,417.16,424.05,
2008-08-01,424.05,424.05,410.74,412.06,
2008-08-04,412.06,415.99,406.69,407.12,
2008-08-05,407.12,407.12,395.05,397.98,
2008-08-06,397.98,405.61,397.79,405.61,
2008-08-07,405.61,414.39,405.05,410.13,
2008-08-08,410.13,411.59,403.36,407.2,
2008-08-11,407.2,412.05,407.2,408.94,
2008-08-12,408.94,408.94,402.17,404.34,
2008-08-13,404.34,406.32,398.12,398.26,
2008-08-14,398.26,407.47,398.26,403.73,
2008-08-15,403.73,407.37,401.52,402.24,
2008-08-18,402.24,410.69,402.24,409.29,
2008-08-19,409.29,409.29,401.73,402.26,
2008-08-20,402.26,409.39,402.26,408.5,
2008-08-21,408.5,416.47,408.5,416.42,
2008-08-22,416.42,420.83,415.17,419.85,
2008-08-25,419.85,423.19,415.82,415.87,
2008-08-26,415.87,415.87,408.48,411.8,
2008-08-27,411.8,418.38,411.16,418.38,
2008-08-28,418.38,424.19,417.51,423.57,
2008-08-29,423.57,427.23,422.32,425.73,
2008-09-01,425.73,426.5,416.3,417.26,
2008-09-02,417.26,417.26,404.74,404.95,
2008-09-03,404.95,406.39,394.14,394.2,
2008-09-04,394.2,398.68,381.0,381.15,
2008-09-05,381.15,381.74,369.94,370.6,
2008-09-08,370.6,389.65,370.6,378.93,
2008-09-09,378.93,378.93,356.4,357.82,
2008-09-10,357.82,363.14,351.12,357.37,
2008-09-11,357.37,362.02,351.39,358.99,
2008-09-12,358.99,371.71,358.99,370.71,
2008-09-15,370.71,370.71,344.43,354.06,
2008-09-16,354.06,354.06,321.3,333.58,
2008-09-17,333.58,346.7,323.79,324.47,
2008-09-18,324.47,340.3,322.4,332.55,
2008-09-19,332.55,363.2,332.55,362.01,
2008-09-22,362.01,369.59,359.49,361.47,
2008-09-23,361.47,362.31,353.31,355.47,
2008-09-24,355.47,359.13,349.67,349.67,
2008-09-25,349.67,352.06,342.74,347.36,
2008-09-26,347.36,347.36,329.13,329.17,
2008-09-29,329.17,332.35,301.52,301.84,
2008-09-30,301.84,318.4,289.31,318.38,
2008-10-01,318.38,326.27,306.86,308.54,
2008-10-02,308.54,312.61,289.0,290.4,
2008-10-03,290.4,306.96,283.17,306.93,
2008-10-06,306.93,306.93,268.59,277.14,
2008-10-07,277.14,284.38,268.58,269.48,
2008-10-08,269.48,276.44,243.72,252.12,
2008-10-09,252.12,267.81,252.12,259.81,
2008-10-10,259.81,259.81,235.88,239.72,
2008-10-13,239.72,259.78,239.72,254.2,
2008-10-14,254.2,285.98,254.2,269.3,
2008-10-15,269.3,274.08,245.58,245.58,
2008-10-16,245.58,245.58,225.66,226.07,
2008-10-17,226.07,240.04,224.81,232.14,
2008-10-20,232.14,250.53,232.14,250.52,
2008-10-21,250.52,260.54,250.52,257.2,
2008-10-22,257.2,257.2,242.82,243.35,
2008-10-23,243.35,246.08,232.98,243.64,
2008-10-24,243.64,243.64,214.29,221.12,
2008-10-27,221.12,221.12,204.67,212.04,
2008-10-28,212.04,222.22,212.04,213.96,
2008-10-29,213.96,225.08,213.96,219.79,
2008-10-30,219.79,237.83,219.79,234.6,
2008-10-31,234.6,244.84,230.41,244.8,
2008-11-03,244.8,255.99,243.31,253.86,
2008-11-04,253.86,272.47,251.35,272.39,
2008-11-05,272.39,273.36,261.28,271.31,
2008-11-06,271.31,271.31,242.87,244.32,
2008-11-07,244.32,253.26,242.82,251.37,
2008-11-10,251.37,264.72,251.08,252.88,
2008-11-11,252.88,252.88,238.1,238.14,
2008-11-12,238.14,242.97,219.1,220.39,
2008-11-13,220.39,225.76,214.74,219.71,
2008-11-14,219.71,230.66,219.71,222.04,
2008-11-17,222.04,223.82,214.14,215.14,
2008-11-18,215.14,215.71,205.99,212.81,
2008-11-19,212.81,213.39,196.65,196.65,
2008-11-20,196.65,196.65,180.4,190.04,
2008-11-21,190.04,197.66,186.28,188.23,
2008-11-24,188.23,208.31,188.23,208.31,
2008-11-25,208.31,215.51,204.3,209.66,
2008-11-26,209.66,212.84,206.06,212.8,
2008-11-27,212.8,224.09,212.48,224.0,
2008-11-28,224.0,225.84,218.17,219.87,
2008-12-01,219.87,220.57,202.59,202.76,
2008-12-02,202.76,210.45,193.1,206.61,
2008-12-03,206.61,209.57,199.91,209.48,
2008-12-04,209.48,213.92,204.32,205.98,
2008-12-05,205.98,205.98,189.15,190.17,
2008-12-08,190.17,209.89,190.17,209.8,
2008-12-09,209.8,214.43,203.47,212.73,
2008-12-10,212.73,217.59,211.23,216.93,
2008-12-11,216.93,221.85,212.88,221.14,
2008-12-12,221.14,221.14,206.7,208.27,
2008-12-15,208.27,217.35,208.27,214.91,
2008-12-16,214.91,218.58,211.54,217.27,
2008-12-17,217.27,222.68,217.27,221.12,
2008-12-18,221.12,222.27,218.69,220.78,
2008-12-19,220.78,220.83,213.53,218.68,
2008-12-22,218.68,218.68,211.76,212.58,
2008-12-23,212.58,215.8,208.94,215.22,
2008-12-29,215.22,221.34,215.22,220.57,
2008-12-30,220.57,225.56,220.57,225.48,
2009-01-02,225.48,239.24,225.48,239.24,
2009-01-05,239.24,244.79,236.79,243.25,
2009-01-06,243.25,254.22,241.1,251.19,
2009-01-07,251.19,251.19,236.29,236.55,
2009-01-08,236.55,238.79,231.44,238.79,
2009-01-09,238.79,244.39,236.0,237.52,
2009-01-12,237.52,237.77,229.09,229.2,
2009-01-13,229.2,231.31,221.67,228.38,
2009-01-14,228.38,233.67,216.87,218.72,
2009-01-15,218.72,224.69,216.19,222.98,
2009-01-16,222.98,230.84,222.98,230.62,
2009-01-19,230.62,233.71,222.62,223.4,
2009-01-20,223.4,224.33,218.87,220.24,
2009-01-21,220.24,224.4,212.88,221.5,
2009-01-22,221.5,228.59,217.99,219.11,
2009-01-23,219.11,222.76,214.7,222.57,
2009-01-26,222.57,230.52,220.04,229.61,
2009-01-27,229.61,232.66,225.89,228.63,
2009-01-28,228.63,233.38,228.63,233.17,
2009-01-29,233.17,233.17,225.07,226.54,
2009-01-30,226.54,227.83,222.92,225.84,
2009-02-02,225.84,225.84,216.78,216.85,
2009-02-03,216.85,222.29,214.11,222.26,
2009-02-04,222.26,227.51,220.91,226.67,
2009-02-05,226.67,227.56,222.36,224.72,
2009-02-06,224.72,233.47,224.72,233.44,
2009-02-09,233.44,241.3,232.42,240.39,
2009-02-10,240.39,243.14,234.92,236.82,
2009-02-11,236.82,239.29,232.57,237.23,
2009-02-12,237.23,237.23,229.96,231.09,
2009-02-13,231.09,237.32,231.09,234.9,
2009-02-16,234.9,234.9,230.84,230.87,
2009-02-17,230.87,230.87,223.95,224.17,
2009-02-18,224.17,224.84,218.24,221.09,
2009-02-19,221.09,224.5,219.3,223.26,
2009-02-20,223.26,223.26,210.86,211.34,
2009-02-23,211.34,215.16,208.31,208.33,
2009-02-24,208.33,209.41,201.72,209.38,
2009-02-25,209.38,216.06,209.38,211.23,
2009-02-26,211.23,219.33,211.23,219.27,
2009-02-27,219.27,219.27,211.37,214.64,
2009-03-02,214.64,214.64,204.29,205.85,
2009-03-03,205.85,206.8,197.2,197.53,
2009-03-04,197.53,211.11,197.53,211.11,
2009-03-05,211.11,211.39,200.72,201.46,
2009-03-06,201.46,206.43,199.84,201.06,
2009-03-09,201.06,206.3,198.36,206.21,
2009-03-10,206.21,216.56,203.95,215.71,
2009-03-11,215.71,219.37,212.01,212.32,
2009-03-12,212.32,212.32,208.01,210.91,
2009-03-13,210.91,216.93,210.91,212.24,
2009-03-16,212.24,216.13,212.01,215.79,
2009-03-17,215.79,218.24,214.02,216.24,
2009-03-18,216.24,219.41,211.61,212.39,
2009-03-19,212.39,222.44,212.39,221.57,
2009-03-20,221.57,225.86,219.64,223.58,
2009-03-23,223.58,232.47,223.58,232.44,
2009-03-24,232.44,235.67,227.17,228.3,
2009-03-25,228.3,234.17,226.9,233.27,
2009-03-26,233.27,238.43,233.06,237.84,
2009-03-27,237.84,237.84,230.59,231.99,
2009-03-30,231.99,231.99,221.5,221.54,
2009-03-31,221.54,227.08,221.54,226.34,
2009-04-01,226.34,228.37,222.01,227.96,
2009-04-02,227.96,239.72,227.96,239.72,
2009-04-03,239.72,242.63,232.66,232.83,
2009-04-06,232.83,239.96,231.08,231.61,
2009-04-07,231.61,234.25,224.4,224.46,
2009-04-08,224.46,224.46,218.98,220.24,
2009-04-14,220.24,231.33,220.24,230.41,
2009-04-15,230.41,234.55,227.45,232.3,
2009-04-16,232.3,238.54,232.3,237.67,
2009-04-17,237.67,245.41,237.67,245.41,
2009-04-20,245.41,247.52,234.36,234.41,
2009-04-21,234.41,237.95,230.68,237.95,
2009-04-22,237.95,240.42,235.98,239.65,
2009-04-23,239.65,241.67,237.32,238.01,
2009-04-24,238.01,244.5,238.01,244.23,
2009-04-27,244.23,244.23,239.1,242.57,
2009-04-28,242.57,242.86,238.46,241.91,
2009-04-29,241.91,250.03,241.91,249.76,
2009-04-30,249.76,255.05,249.76,252.63,
2009-05-04,252.63,266.06,252.63,266.03,
2009-05-05,266.03,271.04,263.28,265.54,
2009-05-06,265.54,271.04,262.54,268.43,
2009-05-07,268.43,284.1,268.43,274.24,
2009-05-08,274.24,284.15,274.24,284.15,
2009-05-11,284.15,287.2,276.54,277.73,
2009-05-12,277.73,283.98,275.99,280.39,
2009-05-13,280.39,284.48,272.06,272.99,
2009-05-14,272.99,274.23,268.43,273.7,
2009-05-15,273.7,277.79,272.15,275.63,
2009-05-18,275.63,281.78,271.43,281.78,
2009-05-19,281.78,289.19,281.78,285.61,
2009-05-20,285.61,291.79,285.61,290.14,
2009-05-22,290.14,290.14,282.05,283.88,
2009-05-25,283.88,286.54,280.2,285.76,
2009-05-26,285.76,285.76,276.86,283.04,
2009-05-27,283.04,288.89,283.04,285.81,
2009-05-28,285.81,287.28,281.64,286.43,
2009-05-29,286.43,294.83,286.43,292.62,
2009-06-02,292.62,305.37,292.62,305.35,
2009-06-03,305.35,306.67,292.74,293.12,
2009-06-04,293.12,297.57,290.89,297.0,
2009-06-05,297.0,302.55,297.0,300.31,
2009-06-08,300.31,300.31,292.57,292.69,
2009-06-09,292.69,299.07,292.69,297.16,
2009-06-10,297.16,306.89,297.16,303.78,
2009-06-11,303.78,308.93,303.78,308.93,
2009-06-12,308.93,310.85,304.88,304.88,
2009-06-15,304.88,304.88,294.85,294.89,
2009-06-16,294.89,300.92,292.0,298.31,
2009-06-17,298.31,298.31,282.74,284.54,
2009-06-18,284.54,289.59,281.46,288.18,
2009-06-19,288.18,291.36,286.52,289.19,
2009-06-22,289.19,289.19,270.41,270.49,
2009-06-23,270.49,274.5,265.95,270.34,
2009-06-24,270.34,280.12,270.34,280.12,
2009-06-25,280.12,281.86,274.27,277.01,
2009-06-26,277.01,284.71,277.01,280.13,
2009-06-29,280.13,283.81,279.15,283.64,
2009-06-30,283.64,286.58,281.37,282.35,
2009-07-01,282.35,289.31,282.35,288.11,
2009-07-02,288.11,289.04,281.73,281.73,
2009-07-03,281.73,282.64,278.01,280.67,
2009-07-06,280.67,280.67,269.29,269.61,
2009-07-07,269.61,275.17,269.36,269.59,
2009-07-08,269.59,269.59,264.83,264.83,
2009-07-09,264.83,269.54,264.83,267.78,
2009-07-10,267.78,267.78,261.17,261.59,
2009-07-13,261.59,266.19,258.78,266.19,
2009-07-14,266.19,272.56,266.19,272.49,
2009-07-15,272.49,281.35,272.49,281.34,
2009-07-16,281.34,282.79,278.36,280.01,
2009-07-17,280.01,283.28,280.01,282.29,
2009-07-20,282.29,288.23,282.29,286.92,
2009-07-21,286.92,293.61,286.92,293.59,
2009-07-22,293.59,295.61,289.5,293.03,
2009-07-23,293.03,297.9,290.76,297.76,
2009-07-24,297.76,298.77,294.81,296.27,
2009-07-27,296.27,301.23,296.27,299.8,
2009-07-28,299.8,300.6,290.02,290.92,
2009-07-29,290.92,292.56,287.96,288.45,
2009-07-30,288.45,296.1,288.45,295.88,
2009-07-31,295.88,297.57,293.13,297.57,
2009-08-03,297.57,306.48,297.57,305.53,
2009-08-04,305.53,307.47,299.92,302.39,
2009-08-05,302.39,305.83,299.87,301.83,
2009-08-06,301.83,306.01,299.32,300.91,
2009-08-07,300.91,302.76,294.18,302.74,
2009-08-10,302.74,302.74,297.34,299.85,
2009-08-11,299.85,302.8,294.5,295.04,
2009-08-12,295.04,299.81,292.16,299.81,
2009-08-13,299.81,303.38,298.53,301.03,
2009-08-14,301.03,304.13,297.65,299.45,
2009-08-17,299.45,299.45,291.08,291.91,
2009-08-18,291.91,296.26,291.91,295.55,
2009-08-19,295.55,296.42,291.64,295.38,
2009-08-20,295.38,301.5,295.38,299.99,
2009-08-21,299.99,307.39,298.63,307.36,
2009-08-24,307.36,313.82,307.36,313.17,
2009-08-25,313.17,315.78,308.86,314.15,
2009-08-26,314.15,315.64,307.31,307.4,
2009-08-27,307.4,310.01,302.15,302.74,
2009-08-28,302.74,309.63,302.74,307.64,
2009-08-31,307.64,307.64,299.9,300.18,
2009-09-01,300.18,303.47,294.84,297.97,
2009-09-02,297.97,298.2,292.41,293.08,
2009-09-03,293.08,298.94,293.08,296.26,
2009-09-04,296.26,300.84,296.26,299.75,
2009-09-07,299.75,305.69,299.75,305.67,
2009-09-08,305.67,308.64,305.67,307.53,
2009-09-09,307.53,312.42,304.9,311.98,
2009-09-10,311.98,315.32,307.91,311.22,
2009-09-11,311.22,314.02,311.22,312.42,
2009-09-14,312.42,312.42,306.06,309.78,
2009-09-15,309.78,317.9,309.78,317.9,
2009-09-16,317.9,324.56,317.9,323.89,
2009-09-17,323.89,328.77,322.68,325.34,
2009-09-18,325.34,327.13,322.2,325.53,
2009-09-21,325.53,325.59,320.38,321.83,
2009-09-22,321.83,327.85,321.83,327.54,
2009-09-23,327.54,330.08,322.78,323.61,
2009-09-24,323.61,325.12,316.84,317.06,
2009-09-25,317.06,321.96,317.01,319.0,
2009-09-28,319.0,322.52,313.92,322.52,
2009-09-29,322.52,324.92,320.69,322.63,
2009-09-30,322.63,327.84,320.67,323.46,
2009-10-01,323.46,326.69,318.1,318.87,
2009-10-02,318.87,318.87,309.23,311.43,
2009-10-05,311.43,320.31,311.43,320.29,
2009-10-06,320.29,329.69,320.29,329.68,
2009-10-07,329.68,331.25,324.93,327.26,
2009-10-08,327.26,335.61,327.26,335.61,
2009-10-09,335.61,337.24,333.31,337.12,
2009-10-12,337.12,341.52,337.12,337.98,
2009-10-13,337.98,338.61,333.56,335.17,
2009-10-14,335.17,343.2,335.17,342.34,
2009-10-15,342.34,344.81,340.06,341.73,
2009-10-16,341.73,346.63,340.52,341.9,
2009-10-19,341.9,348.52,341.9,348.5,
2009-10-20,348.5,352.01,346.57,349.4,
2009-10-21,349.4,350.8,342.73,348.98,
2009-10-22,348.98,348.98,342.53,344.06,
2009-10-23,344.06,349.02,342.3,342.3,
2009-10-26,342.3,345.28,337.09,337.45,
2009-10-27,337.45,340.53,335.97,338.23,
2009-10-28,338.23,338.38,326.41,326.41,
2009-10-29,326.41,338.25,325.83,337.85,
2009-10-30,337.85,340.92,329.38,331.35,
2009-11-02,331.35,332.65,326.06,331.99,
2009-11-03,331.99,331.99,323.6,326.72,
2009-11-04,326.72,336.09,326.72,336.08,
2009-11-05,336.08,338.34,330.21,337.22,
2009-11-06,337.22,341.18,333.32,334.52,
2009-11-09,334.52,344.65,334.52,344.27,
2009-11-10,344.27,346.93,342.57,342.83,
2009-11-11,342.83,349.42,342.83,346.71,
2009-11-12,346.71,348.44,344.79,345.76,
2009-11-13,345.76,348.15,344.22,347.31,
2009-11-16,347.31,357.75,347.31,357.75,
2009-11-17,357.75,359.47,354.95,356.33,
2009-11-18,356.33,362.54,356.33,357.43,
2009-11-19,357.43,357.57,348.78,348.91,
2009-11-20,348.91,355.22,347.8,350.39,
2009-11-23,350.39,361.03,350.39,360.37,
2009-11-24,360.37,363.24,356.62,358.51,
2009-11-25,358.51,362.33,357.76,360.16,
2009-11-26,360.16,360.16,348.61,349.16,
2009-11-27,349.16,355.77,340.6,355.77,
2009-11-30,355.77,358.42,349.07,349.15,
2009-12-01,349.15,357.84,349.15,357.75,
2009-12-02,357.75,359.38,356.17,357.68,
2009-12-03,357.68,362.3,355.32,357.77,
2009-12-04,357.77,363.81,355.6,362.86,
2009-12-07,362.86,363.34,359.43,362.77,
2009-12-08,362.77,364.01,357.0,360.3,
2009-12-09,360.3,360.96,355.42,356.54,
2009-12-10,356.54,362.23,353.73,362.23,
2009-12-11,362.23,365.14,361.36,361.36,
2009-12-14,361.36,366.15,361.36,365.03,
2009-12-15,365.03,367.15,363.34,367.15,
2009-12-16,367.15,371.03,365.85,371.03,
2009-12-17,371.03,371.03,366.4,366.53,
2009-12-18,366.53,370.86,363.63,363.74,
2009-12-21,363.74,369.9,363.74,369.9,
2009-12-22,369.9,371.62,367.71,369.7,
2009-12-23,369.7,371.9,369.3,371.2,
2009-12-28,371.2,373.61,371.2,372.9,
2009-12-29,372.9,375.42,372.9,375.2,
2009-12-30,375.2,375.34,371.56,371.56,
2010-01-04,371.56,380.17,371.56,380.16,
2010-01-05,380.16,382.93,377.98,380.75,
2010-01-06,380.75,382.39,378.48,378.91,
2010-01-07,378.91,382.31,378.65,380.38,
2010-01-08,380.38,384.37,380.38,382.32,
2010-01-11,382.32,389.52,382.32,383.84,
2010-01-12,383.84,384.11,375.12,376.42,
2010-01-13,376.42,377.98,372.21,376.79,
2010-01-14,376.79,381.5,376.79,381.1,
2010-01-15,381.1,382.8,376.67,378.29,
2010-01-18,378.29,379.28,374.85,378.8,
2010-01-19,378.8,378.8,374.0,377.25,
2010-01-20,377.25,378.12,366.81,367.7,
2010-01-21,367.7,372.0,362.14,362.6,
2010-01-22,362.6,365.17,354.59,357.12,
2010-01-25,357.12,361.47,354.0,357.52,
2010-01-26,357.52,357.52,349.89,355.23,
2010-01-27,355.23,358.27,352.1,354.95,
2010-01-28,354.95,363.24,354.95,356.21,
2010-01-29,356.21,363.42,356.2,362.73,
2010-02-01,362.73,364.8,359.94,363.89,
2010-02-02,363.89,369.64,363.89,369.64,
2010-02-03,369.64,373.01,368.23,368.65,
2010-02-04,368.65,370.88,357.78,357.79,
2010-02-05,357.79,357.79,347.24,351.27,
2010-02-08,351.27,354.06,339.61,347.6,
2010-02-09,347.6,353.71,345.53,351.54,
2010-02-10,351.54,354.29,344.48,344.5,
2010-02-11,344.5,351.81,343.55,347.52,
2010-02-12,347.52,351.43,341.09,342.79,
2010-02-15,342.79,343.59,339.39,340.19,
2010-02-16,340.19,348.28,340.19,348.25,
2010-02-17,348.25,351.85,348.25,350.49,
2010-02-18,350.49,353.2,348.08,353.18,
2010-02-19,353.18,357.29,349.0,357.24,
2010-02-22,357.24,361.77,357.24,359.68,
2010-02-23,359.68,362.19,351.71,351.77,
2010-02-24,351.77,353.29,347.99,352.2,
2010-02-25,352.2,352.5,344.07,344.22,
2010-02-26,344.22,350.46,344.22,350.42,
2010-03-01,350.42,359.91,350.42,359.87,
2010-03-02,359.87,361.9,357.43,360.83,
2010-03-03,360.83,363.64,359.35,363.25,
2010-03-04,363.25,366.09,360.67,363.13,
2010-03-05,363.13,369.93,363.13,369.82,
2010-03-08,369.82,372.36,368.03,368.44,
2010-03-09,368.44,369.75,363.89,367.91,
2010-03-10,367.91,373.22,366.33,373.1,
2010-03-11,373.1,373.29,369.05,369.75,
2010-03-12,369.75,374.0,369.75,370.9,
2010-03-15,370.9,371.21,364.69,365.29,
2010-03-16,365.29,370.67,365.29,370.43,
2010-03-17,370.43,374.2,370.43,372.28,
2010-03-18,372.28,373.57,368.53,369.47,
2010-03-19,369.47,371.91,367.38,368.48,
2010-03-22,368.48,369.77,364.2,368.96,
2010-03-23,368.96,375.05,368.96,375.05,
2010-03-24,375.05,375.79,370.63,373.72,
2010-03-25,373.72,377.33,372.11,376.42,
2010-03-26,376.42,376.42,372.44,373.05,
2010-03-29,373.05,374.7,372.61,373.79,
2010-03-30,373.79,376.05,372.55,372.65,
2010-03-31,372.65,376.73,372.3,376.7,
2010-04-06,376.7,386.54,376.7,385.12,
2010-04-07,385.12,386.4,384.09,384.75,
2010-04-08,384.75,384.75,381.19,383.17,
2010-04-09,383.17,388.43,383.17,387.98,
2010-04-12,387.98,391.27,386.53,388.19,
2010-04-13,388.19,388.19,381.76,382.49,
2010-04-14,382.49,388.33,382.49,388.09,
2010-04-15,388.09,392.09,387.57,391.63,
2010-04-16,391.63,392.18,385.85,386.59,
2010-04-19,386.59,386.59,378.32,381.66,
2010-04-20,381.66,389.37,381.58,389.37,
2010-04-21,389.37,392.63,387.6,388.4,
2010-04-22,388.4,390.61,384.96,387.55,
2010-04-23,387.55,392.12,387.37,391.61,
2010-04-26,391.61,396.61,391.6,393.51,
2010-04-27,393.51,395.88,388.08,388.08,
2010-04-28,388.08,388.08,378.98,381.13,
2010-04-29,381.13,388.13,380.97,386.75,
2010-04-30,386.75,390.31,381.86,383.02,
2010-05-03,383.02,385.69,380.29,385.35,
2010-05-04,385.35,388.25,373.36,374.44,
2010-05-05,374.44,376.68,364.22,367.73,
2010-05-06,367.73,368.89,358.75,359.29,
2010-05-07,359.29,359.29,343.17,348.98,
2010-05-10,348.98,371.22,348.97,371.22,
2010-05-11,371.22,371.25,362.86,368.52,
2010-05-12,368.52,376.28,366.32,375.4,
2010-05-14,375.4,376.42,362.52,362.52,
2010-05-17,,,,,
2010-05-18,362.52,367.92,362.1,364.56,
2010-05-19,364.56,364.56,348.92,349.39,
2010-05-20,349.39,357.07,333.4,338.94,
2010-05-21,338.94,344.2,332.01,344.2,
2010-05-24,,,,,
2010-05-25,344.2,344.2,326.71,331.77,
2010-05-26,331.77,348.19,331.77,347.25,
2010-05-27,347.25,354.15,347.03,354.15,
2010-05-28,354.15,356.38,349.26,349.96,
2010-05-31,349.96,351.09,344.23,344.23,
2010-06-01,344.23,347.14,336.14,344.31,
2010-06-02,344.31,346.85,340.03,346.71,
2010-06-03,346.71,355.99,346.71,354.55,
2010-06-04,354.55,359.61,347.11,348.43,
2010-06-07,348.43,348.43,340.17,344.36,
2010-06-08,344.36,348.32,337.35,339.49,
2010-06-09,339.49,348.2,338.82,348.2,
2010-06-10,348.2,352.95,343.58,352.95,
2010-06-11,352.95,356.32,349.1,354.83,
2010-06-14,354.83,364.14,354.83,364.14,
2010-06-15,364.14,366.13,360.14,365.31,
2010-06-16,365.31,368.73,358.45,361.6,
2010-06-17,361.6,365.1,359.81,361.33,
2010-06-18,361.33,363.59,359.01,362.29,
2010-06-21,361.86,370.82,361.78,369.24,
2010-06-22,369.24,369.33,362.19,363.64,
2010-06-23,363.64,363.74,357.5,358.63,
2010-06-24,358.63,361.48,350.49,351.1,
2010-06-25,351.1,352.71,343.02,343.2,
2010-06-28,343.2,347.51,340.71,344.89,
2010-06-29,344.89,344.89,325.88,326.68,
2010-06-30,326.68,332.42,323.48,328.12,
2010-07-01,328.12,328.15,317.79,317.89,
2010-07-02,317.89,328.03,317.89,326.41,
2010-07-05,326.41,328.79,323.58,323.64,
2010-07-06,323.64,337.13,323.63,336.74,
2010-07-07,336.74,343.15,331.7,343.15,
2010-07-08,343.15,348.87,343.14,344.73,
2010-07-09,344.73,349.06,344.73,348.33,
2010-07-12,348.33,351.79,346.6,350.74,
2010-07-13,350.74,358.02,350.57,357.19,
2010-07-14,357.19,359.04,350.62,354.02,
2010-07-15,354.02,355.56,347.84,348.61,
2010-07-16,348.61,352.31,345.38,346.39,
2010-07-19,346.39,350.42,343.65,346.69,
2010-07-20,346.69,350.16,340.76,344.46,
2010-07-21,344.46,353.56,344.46,351.06,
2010-07-22,351.06,359.86,348.56,359.77,
2010-07-23,359.77,362.7,357.93,360.92,
2010-07-26,360.92,366.26,360.63,366.26,
2010-07-27,366.26,369.49,364.68,365.2,
2010-07-28,365.2,368.19,363.43,364.81,
2010-07-29,364.81,365.5,361.81,361.97,
2010-07-30,361.97,362.07,355.36,358.41,
2010-08-02,358.41,369.65,358.41,369.65,
2010-08-03,369.65,370.74,367.01,369.45,
2010-08-04,369.45,373.83,366.74,373.19,
2010-08-05,373.19,377.24,373.1,374.33,
2010-08-06,374.33,378.36,372.45,374.14,
2010-08-09,374.14,378.5,372.41,373.08,
2010-08-10,373.08,373.1,365.75,367.53,
2010-08-11,367.53,367.53,358.92,358.98,
2010-08-12,358.98,361.79,353.08,356.49,
2010-08-13,356.49,361.84,353.17,357.46,
2010-08-16,357.46,360.69,354.58,357.48,
2010-08-17,357.48,367.3,357.48,367.3,
2010-08-18,367.3,367.45,363.2,366.46,
2010-08-19,366.46,368.41,358.43,358.43,
2010-08-20,358.43,359.62,352.17,354.8,
2010-08-23,354.8,359.13,354.02,356.14,
2010-08-24,356.14,356.2,345.85,347.14,
2010-08-25,347.14,350.45,340.52,343.84,
2010-08-26,343.84,349.93,343.84,347.42,
2010-08-27,347.42,350.65,344.19,350.5,
2010-08-30,350.5,355.02,350.5,352.4,
2010-08-31,352.4,352.93,345.88,352.66,
2010-09-01,352.66,364.64,352.55,364.52,
2010-09-02,364.52,365.63,362.16,363.22,
2010-09-03,363.22,372.09,363.22,368.68,
2010-09-06,368.68,372.13,368.68,369.64,
2010-09-07,369.64,369.64,364.46,365.86,
2010-09-08,365.86,369.07,362.02,368.28,
2010-09-09,368.28,372.25,367.3,371.4,
2010-09-10,371.4,373.99,370.33,372.38,
2010-09-13,372.38,377.49,372.38,377.11,
2010-09-14,377.11,378.39,372.76,375.93,
2010-09-15,375.93,376.55,372.98,374.66,
2010-09-16,374.66,376.16,373.01,375.12,
2010-09-17,375.12,377.84,373.44,375.82,
2010-09-20,375.82,378.36,374.74,378.36,
2010-09-21,378.36,382.94,378.3,381.49,
2010-09-22,381.49,382.15,375.98,375.98,
2010-09-23,375.98,379.35,372.61,376.86,
2010-09-24,376.86,379.9,373.33,378.8,
2010-09-27,378.8,382.79,378.8,379.94,
2010-09-28,379.94,380.85,376.07,378.98,
2010-09-29,378.98,382.06,378.75,381.25,
2010-09-30,381.25,385.94,379.78,381.43,
2010-10-01,381.43,385.28,381.39,382.72,
2010-10-04,382.72,383.43,379.08,380.38,
2010-10-05,380.38,385.1,378.75,384.73,
2010-10-06,384.73,389.19,384.69,388.06,
2010-10-07,388.06,388.37,384.75,386.29,
2010-10-08,386.29,389.31,382.52,389.31,
2010-10-11,389.31,390.84,388.23,389.3,
2010-10-12,389.3,389.31,384.18,387.35,
2010-10-13,387.35,395.87,387.35,395.55,
2010-10-14,395.55,397.84,395.15,397.24,
2010-10-15,397.24,398.69,394.95,396.59,
2010-10-18,396.59,398.23,393.44,397.16,
2010-10-19,397.16,398.46,391.62,392.59,
2010-10-20,392.59,395.12,391.29,395.12,
2010-10-21,395.12,400.26,393.85,399.61,
2010-10-22,399.61,399.88,397.77,397.86,
2010-10-25,397.86,402.39,397.86,401.96,
2010-10-26,401.96,403.68,399.86,403.64,
2010-10-27,403.64,404.41,399.14,399.43,
2010-10-28,399.43,403.86,399.43,402.5,
2010-10-29,402.5,405.24,400.07,404.62,
2010-11-01,404.62,410.47,404.62,408.73,
2010-11-02,408.73,412.33,408.63,412.33,
2010-11-03,412.33,412.84,403.3,404.04,
2010-11-04,404.04,412.39,404.04,412.39,
2010-11-05,412.39,414.77,408.45,412.37,
2010-11-08,412.37,413.36,410.06,411.37,
2010-11-09,411.37,416.25,410.36,415.56,
2010-11-10,415.56,416.19,411.81,412.61,
2010-11-11,412.61,416.56,412.61,416.37,
2010-11-12,416.37,416.39,407.97,412.69,
2010-11-15,412.69,415.64,410.17,414.34,
2010-11-16,414.34,414.36,401.43,401.62,
2010-11-17,401.62,404.12,399.84,403.93,
2010-11-18,403.93,410.86,403.93,410.45,
2010-11-19,410.45,411.29,407.2,410.46,
2010-11-22,410.46,414.03,408.05,409.51,
2010-11-23,409.51,409.52,399.49,399.99,
2010-11-24,399.99,404.8,398.17,404.37,
2010-11-25,404.37,405.81,402.44,404.81,
2010-11-26,404.81,404.83,399.88,402.35,
2010-11-29,402.35,406.28,396.76,397.91,
2010-11-30,397.91,399.53,395.5,396.07,
2010-12-01,396.07,407.87,396.07,407.86,
2010-12-02,407.86,416.79,407.44,416.79,
2010-12-03,416.79,418.9,412.74,417.16,
2010-12-06,417.16,420.25,416.68,420.25,
2010-12-07,420.25,424.66,419.03,419.42,
2010-12-08,419.42,423.84,417.84,422.1,
2010-12-09,422.1,425.86,419.47,420.69,
2010-12-10,420.69,421.65,416.31,417.68,
2010-12-13,417.68,420.94,417.55,420.47,
2010-12-14,420.47,420.47,417.06,417.48,
2010-12-15,417.48,419.1,415.81,418.77,
2010-12-16,418.77,421.35,417.94,420.22,
2010-12-17,420.22,425.03,420.22,424.91,
2010-12-20,424.91,429.09,424.78,428.25,
2010-12-21,428.25,435.3,428.03,435.3,
2010-12-22,435.3,438.03,434.79,437.38,
2010-12-23,437.26,438.49,437.0,438.45,
2010-12-27,438.45,438.67,436.12,437.65,
2010-12-28,437.65,440.71,437.33,440.71,
2010-12-29,440.71,441.17,439.21,440.86,
2010-12-30,440.86,441.54,438.77,439.72,
2011-01-03,439.72,444.16,439.72,443.21,
2011-01-04,443.21,445.17,438.78,438.81,
2011-01-05,438.81,441.36,436.1,440.75,
2011-01-06,440.75,445.18,440.58,441.01,
2011-01-07,441.01,443.0,439.05,439.92,
2011-01-10,439.92,440.68,436.81,438.53,121655274
2011-01-11,438.53,442.8,438.31,442.6,129509520
2011-01-12,442.6,446.22,442.59,446.22,170160385
2011-01-13,446.22,447.37,441.27,443.61,150302656
2011-01-14,443.61,444.08,439.44,441.83,126967711
2011-01-17,441.83,442.42,438.33,438.78,79293433
2011-01-18,438.78,443.7,438.78,443.16,116113518
2011-01-19,443.16,444.4,435.49,435.92,144379982
2011-01-20,435.92,435.99,425.1,425.1,152750845
2011-01-21,425.1,432.81,425.05,430.88,101900453
2011-01-24,430.88,433.88,425.85,429.06,100730260
2011-01-25,429.06,431.19,422.99,422.99,144579071
2011-01-26,422.99,429.4,422.98,427.88,124264848
2011-01-27,427.88,432.7,427.88,431.56,105570891
2011-01-28,431.56,432.57,429.62,430.23,103591410
2011-01-31,430.23,430.69,425.68,430.24,99505213
2011-02-01,430.24,442.27,430.24,442.18,141316163
2011-02-02,442.18,445.43,441.76,444.22,192778201
2011-02-03,444.22,444.55,439.24,441.46,133118563
2011-02-04,441.46,442.01,439.61,440.8,114336890
2011-02-07,440.8,444.08,440.44,443.78,125944762
2011-02-08,443.78,444.93,438.76,441.46,122662200
2011-02-09,441.46,441.97,437.76,438.87,168041136
2011-02-10,438.87,440.13,433.71,436.74,134228449
2011-02-11,436.74,443.26,436.33,442.9,115010443
2011-02-14,442.9,448.68,442.9,447.53,119964851
2011-02-15,447.53,448.7,443.67,444.87,119238847
2011-02-16,444.87,446.02,443.21,446.0,131218233
2011-02-17,446.0,447.17,441.16,441.84,126336437
2011-02-18,441.84,443.1,438.94,441.46,86410569
2011-02-21,441.46,442.43,437.11,437.23,97297247
2011-02-22,437.23,438.15,432.57,436.21,119980487
2011-02-23,436.21,436.21,431.97,434.79,101561455
2011-02-24,434.79,438.22,434.13,437.54,131038665
2011-02-25,437.54,443.77,437.38,443.72,93903904
2011-02-28,443.72,447.37,443.67,446.16,104679056
2011-03-01,446.16,449.7,443.14,444.23,119017178
2011-03-02,444.23,444.96,438.23,442.39,102267121
2011-03-03,442.39,447.49,442.33,445.91,89889168
2011-03-04,445.91,450.08,445.91,448.58,87438266
2011-03-07,448.58,451.56,445.65,446.33,90232026
2011-03-08,446.33,447.13,443.34,447.09,91992418
2011-03-09,447.09,447.51,443.13,444.26,105055146
2011-03-10,444.26,444.26,434.89,435.72,112474048
2011-03-11,435.72,435.72,428.75,431.91,119714673
2011-03-14,431.91,432.67,426.62,428.1,120756580
2011-03-15,428.1,428.1,409.63,420.23,206907744
2011-03-16,420.23,428.2,419.69,421.03,150502422
2011-03-17,421.03,431.33,421.03,431.11,137004470
2011-03-18,431.11,436.99,431.11,434.55,119861243
2011-03-21,434.55,441.41,434.55,440.22,88761246
2011-03-22,440.22,441.79,436.18,437.89,84024342
2011-03-23,437.89,438.96,435.8,438.96,105092949
2011-03-24,438.96,442.73,438.52,442.6,91452447
2011-03-25,442.6,445.57,442.52,445.57,112442840
2011-03-28,445.57,445.65,443.82,444.64,93981711
2011-03-29,444.64,444.76,440.48,444.09,90249089
2011-03-30,444.09,447.5,444.09,446.34,114248811
2011-03-31,446.34,448.51,445.05,445.41,102459258
2011-04-01,445.41,451.92,445.39,451.41,110405892
2011-04-04,451.41,454.62,451.28,454.3,103835145
2011-04-05,454.3,454.76,451.17,454.56,97804772
2011-04-06,454.56,456.71,454.14,454.91,99858467
2011-04-07,454.91,456.08,449.91,450.58,92152313
2011-04-08,450.58,454.45,450.58,453.27,78990045
2011-04-11,453.27,453.57,451.74,452.87,63733364
2011-04-12,452.87,452.87,442.99,444.09,109910171
2011-04-13,444.09,448.23,444.09,446.16,90327191
2011-04-14,446.16,446.55,438.09,439.66,133370026
2011-04-15,439.66,442.01,436.84,437.92,117511427
2011-04-18,437.92,437.92,427.46,428.25,108303933
2011-04-19,428.25,434.38,428.25,433.32,74125249
2011-04-20,433.32,442.23,433.32,442.23,48274436
2011-04-26,442.23,443.67,439.8,443.67,118086806
2011-04-27,443.67,444.96,441.25,443.39,97987934
2011-04-28,443.39,447.09,442.64,444.2,90035556
2011-04-29,444.2,447.74,443.36,447.74,88486724
2011-05-02,447.74,449.69,446.68,446.68,65156187
2011-05-03,446.68,446.71,438.81,439.73,89464451
2011-05-04,439.73,440.19,429.15,429.69,138580673
2011-05-05,429.69,434.6,425.71,430.34,134037781
2011-05-06,430.34,434.27,423.24,434.27,134438866
2011-05-09,434.27,437.01,432.22,433.98,85847622
2011-05-10,433.98,437.88,433.52,436.81,101184736
2011-05-11,436.81,441.09,435.97,436.34,101245153
2011-05-12,436.34,436.5,428.73,431.61,110847569
2011-05-13,431.61,436.21,431.46,434.26,87264509
2011-05-16,434.26,436.01,429.3,436.01,106733524
2011-05-18,436.01,438.4,433.32,435.35,117948991
2011-05-19,435.35,439.73,434.97,438.09,164606426
2011-05-20,438.09,441.27,434.48,435.19,203557309
2011-05-23,435.19,435.19,427.12,427.62,118359232
2011-05-24,427.62,434.13,427.41,429.52,194073815
2011-05-25,429.52,431.78,426.05,431.73,159662417
2011-05-26,431.73,434.85,429.25,429.84,223528353
2011-05-27,429.84,435.26,429.56,434.99,207392052
2011-05-30,434.99,436.72,434.72,436.55,105893666
2011-05-31,436.55,442.11,436.52,440.91,146128465
2011-06-01,440.91,441.46,436.43,437.39,120011258
2011-06-03,437.39,437.4,428.63,432.17,93270221
2011-06-06,432.17,434.19,429.65,431.24,104081948
2011-06-07,431.24,432.61,428.82,429.68,101454663
2011-06-08,429.68,429.95,420.86,422.5,113135684
2011-06-09,422.5,426.55,422.31,425.88,98171415
2011-06-10,425.88,426.44,418.39,419.72,116621419
2011-06-14,419.72,424.3,419.72,423.56,111420478
2011-06-15,423.56,423.67,412.8,413.89,119603932
2011-06-16,413.89,413.91,405.04,408.94,150905523
2011-06-17,408.94,411.99,401.21,409.88,119591460
2011-06-20,409.88,409.88,404.94,406.78,90719875
2011-06-21,406.78,418.15,406.78,418.13,103570998
2011-06-22,418.13,419.44,414.46,414.46,89174784
2011-06-23,414.46,414.46,403.15,403.91,109328324
2011-06-24,403.91,410.9,400.77,401.55,113998755
2011-06-27,401.55,403.15,400.16,402.21,67645845
2011-06-28,402.21,407.0,402.21,406.14,82672502
2011-06-29,406.14,417.0,406.14,416.97,99833837
2011-06-30,416.97,421.33,415.78,421.33,107931940
2011-07-01,421.33,427.26,418.29,426.12,103394785
2011-07-04,426.12,428.66,424.44,427.55,78290770
2011-07-05,427.55,428.07,425.31,427.57,129993336
2011-07-06,427.57,428.03,422.46,424.59,114580061
2011-07-07,424.59,430.11,424.59,429.06,115033179
2011-07-08,429.06,432.31,421.16,421.46,139842010
2011-07-11,421.46,421.6,414.74,416.42,104932941
2011-07-12,416.42,416.42,404.98,413.66,143993639
2011-07-13,413.66,419.45,411.54,419.43,132901671
2011-07-14,419.43,419.43,414.86,414.91,80404120
2011-07-15,414.91,417.49,411.96,417.48,107650864
2011-07-18,417.48,417.5,410.82,411.28,95951462
2011-07-19,411.28,416.45,410.3,416.07,104528624
2011-07-20,416.07,423.24,416.07,422.89,197198100
2011-07-21,422.89,427.6,420.49,426.38,119088920
2011-07-22,426.38,430.71,425.37,427.17,115311294
2011-07-25,427.17,428.92,423.3,427.22,78021959
2011-07-26,427.22,429.72,425.29,427.66,131645329
2011-07-27,427.66,427.69,419.76,421.12,87457640
2011-07-28,421.12,422.37,417.5,421.89,91621221
2011-07-29,421.89,421.91,413.48,417.65,77316547
2011-08-01,417.65,423.96,411.71,411.71,96669825
2011-08-02,411.71,412.17,401.95,402.37,122442785
2011-08-03,402.37,402.75,392.74,394.42,152961486
2011-08-04,394.42,399.36,375.36,375.36,185763550
2011-08-05,375.36,378.91,361.21,365.03,217761505
2011-08-08,365.03,366.59,341.97,344.39,192040061
2011-08-09,344.39,348.61,324.75,348.05,238261669
2011-08-10,348.05,361.01,341.27,344.28,178315514
2011-08-11,344.28,356.15,338.54,356.0,154680398
2011-08-12,356.0,366.31,350.49,366.31,160085505
2011-08-15,366.31,374.09,366.31,371.58,106099263
2011-08-16,371.58,372.64,365.1,370.93,115705030
2011-08-17,370.93,378.65,368.2,375.54,140088772
2011-08-18,375.54,375.54,352.36,353.12,176409280
2011-08-19,353.12,357.16,339.22,351.44,173436518
2011-08-22,351.44,358.07,345.5,350.89,98878923
2011-08-23,350.89,359.07,348.13,351.28,110025807
2011-08-24,351.28,363.5,351.28,361.64,102062714
2011-08-25,361.64,366.95,355.95,357.57,101133567
2011-08-26,357.57,360.13,349.15,360.13,93505993
2011-08-29,360.13,370.51,360.13,368.73,78562624
2011-08-30,368.73,373.18,366.98,370.1,95853220
2011-08-31,370.1,379.79,370.08,378.47,102590422
2011-09-01,378.47,382.64,372.43,380.16,96996595
2011-09-02,380.16,380.16,367.27,369.63,84073066
2011-09-05,369.63,369.89,353.06,353.06,91554633
2011-09-06,353.06,357.48,347.59,350.93,122679026
2011-09-07,350.93,364.22,350.93,364.22,96593512
2011-09-08,364.22,367.85,360.51,367.35,105082798
2011-09-09,367.35,367.63,358.13,358.13,112532384
2011-09-12,358.13,358.22,346.75,350.28,102828099
2011-09-13,350.28,355.87,345.47,349.52,122280480
2011-09-14,349.52,357.47,347.83,357.46,119578229
2011-09-15,357.46,367.31,357.46,365.73,138270348
2011-09-16,365.73,370.64,363.7,367.07,129389817
2011-09-19,367.07,367.08,358.62,359.25,90249338
2011-09-20,359.25,367.0,357.37,366.88,94300779
2011-09-21,366.88,366.88,361.69,363.39,96009777
2011-09-22,363.39,363.39,346.21,346.21,132077930
2011-09-23,346.21,349.6,335.1,342.05,85118878
2011-09-26,342.05,346.06,332.86,339.74,125103698
2011-09-27,339.74,351.73,339.74,351.49,125279896
2011-09-28,351.49,352.26,345.67,347.67,93982328
2011-09-29,347.67,352.33,344.29,349.44,98964450
2011-09-30,349.44,353.08,345.14,348.28,104713141
2011-10-03,348.28,348.28,334.75,334.75,123323512
2011-10-04,334.75,334.83,321.53,323.94,171310865
2011-10-05,323.94,337.17,323.94,337.14,118110756
2011-10-06,337.14,345.54,337.14,345.52,124328517
2011-10-07,345.52,351.33,344.6,345.43,99777373
2011-10-10,345.43,360.41,345.4,360.41,99369376
2011-10-11,360.41,360.74,353.22,355.64,85374813
2011-10-12,355.64,366.07,354.44,366.07,106418835
2011-10-13,366.07,368.35,359.59,360.38,101096895
2011-10-14,360.38,370.68,360.38,370.35,103521103
2011-10-17,370.35,377.14,364.78,367.52,121822655
2011-10-18,367.52,371.23,362.84,369.72,121609018
2011-10-19,369.72,373.35,368.36,368.88,117070823
2011-10-20,368.88,369.01,364.12,366.3,108428482
2011-10-21,366.3,377.88,366.0,377.88,110244269
2011-10-24,377.88,385.33,376.32,385.33,123914763
2011-10-25,385.33,387.73,379.1,381.98,132549517
2011-10-26,381.98,388.78,380.27,383.38,117735533
2011-10-27,383.38,394.97,383.36,394.92,151423542
2011-10-28,394.92,396.23,388.34,390.25,130473231
2011-10-31,390.25,390.28,384.22,384.22,104377923
2011-11-01,384.22,384.22,366.25,367.94,149574021
2011-11-02,367.94,376.35,364.63,374.95,112502026
2011-11-03,374.95,384.79,367.43,384.79,151746482
2011-11-04,384.79,388.96,380.5,382.84,132444233
2011-11-07,382.84,390.99,378.98,387.26,103735187
2011-11-08,387.26,393.76,386.88,388.21,114933515
2011-11-09,388.21,394.16,377.42,381.08,142192890
2011-11-10,381.08,382.89,373.23,377.82,104242088
2011-11-11,377.82,387.71,377.82,387.65,111035512
2011-11-14,387.65,391.97,383.66,385.9,107671632
2011-11-15,385.9,386.87,380.2,384.66,118940887
2011-11-16,384.66,390.57,383.18,386.34,103667548
2011-11-17,386.34,386.65,378.31,378.31,96629669
2011-11-18,378.31,379.64,374.11,375.85,106636825
2011-11-21,375.85,376.37,364.28,364.28,91483843
2011-11-22,364.28,369.26,360.19,360.19,94291784
2011-11-23,360.19,360.82,348.73,348.73,159406839
2011-11-24,348.73,356.51,346.77,347.74,111869883
2011-11-25,347.74,353.55,344.77,352.74,79836090
2011-11-28,352.74,366.39,352.37,366.39,87284239
2011-11-29,366.39,368.63,361.79,365.91,94732637
2011-11-30,365.91,380.85,360.18,380.85,195639657
2011-12-01,380.85,382.23,376.08,378.59,102754660
2011-12-02,378.59,383.23,377.51,378.98,96321547
2011-12-05,378.98,383.58,378.94,382.29,71594965
2011-12-06,382.29,385.27,378.72,384.78,79204926
2011-12-07,384.78,387.9,378.7,379.92,102955049
2011-12-08,379.92,384.08,373.21,373.56,126279525
2011-12-09,373.56,380.34,369.84,378.18,118124082
2011-12-12,378.18,378.32,367.46,367.77,91988008
2011-12-13,367.77,373.41,364.8,370.05,99099821
2011-12-14,370.05,371.08,358.54,358.54,99879457
2011-12-15,358.54,367.42,358.54,365.01,99490198
2011-12-16,365.01,368.48,364.4,366.98,100454702
2011-12-19,366.98,369.41,363.21,363.73,71895026
2011-12-20,363.73,374.72,363.06,374.72,85746191
2011-12-21,374.72,377.76,371.61,372.59,90601586
2011-12-22,372.59,379.02,372.51,379.01,87321762
2011-12-23,379.01,383.07,378.81,383.06,57119513
2011-12-27,383.06,385.65,382.05,383.75,28862032
2011-12-28,383.75,384.82,379.58,379.88,45417433
2011-12-29,379.88,383.67,378.74,383.26,40631173
2011-12-30,383.26,385.39,382.51,384.95,32894361
2012-01-02,384.95,389.51,383.73,389.48,49531723
2012-01-03,389.48,394.35,388.92,394.09,91982315
2012-01-04,394.09,394.11,389.89,391.13,109194551
2012-01-05,391.13,395.0,391.07,393.25,94774126
2012-01-06,393.25,394.69,391.64,392.51,89597309
2012-01-09,392.51,394.9,388.94,389.09,86025827
2012-01-10,389.09,396.35,389.09,396.23,127374366
2012-01-11,396.23,397.64,392.76,394.39,103189941
2012-01-12,394.39,400.6,394.3,398.7,158669660
2012-01-13,398.7,401.11,391.86,394.45,130121554
2012-01-16,394.45,395.61,389.44,395.57,100375233
2012-01-17,395.57,400.52,395.57,397.51,122133879
2012-01-18,397.51,399.33,394.04,396.53,98761248
2012-01-19,396.53,399.26,394.86,398.67,132978494
2012-01-20,398.67,400.08,394.43,396.19,97383823
2012-01-23,396.19,400.33,395.5,398.2,103207496
2012-01-24,398.2,398.21,391.76,394.27,121551248
2012-01-25,394.27,397.4,393.52,395.17,77536193
2012-01-26,395.17,400.24,395.17,399.71,129758509
2012-01-27,399.71,401.8,397.82,399.51,88549802
2012-01-30,399.51,399.58,393.98,394.67,75062368
2012-01-31,394.67,398.71,394.67,397.36,100607836
2012-02-01,397.36,404.66,397.17,404.6,101007735
2012-02-02,404.6,405.51,401.46,405.11,115824961
2012-02-03,405.11,409.91,401.75,409.91,116436758
2012-02-06,409.91,411.19,406.33,410.76,98340592
2012-02-07,410.76,413.65,405.43,408.51,125683285
2012-02-08,408.51,414.33,408.24,411.39,192349877
2012-02-09,411.39,417.34,411.39,416.07,173282790
2012-02-10,416.07,417.03,413.42,417.02,129491209
2012-02-13,417.02,419.97,415.49,415.81,107819119
2012-02-14,415.81,417.51,413.72,414.83,139451032
2012-02-15,414.83,421.39,414.83,419.84,147307982
2012-02-16,419.84,421.07,417.37,420.86,134237436
2012-02-17,420.86,425.1,419.88,420.48,124013836
2012-02-20,420.48,426.32,420.48,426.03,86167746
2012-02-21,426.03,426.66,423.44,425.1,85650683
2012-02-22,425.1,426.44,422.5,425.86,88118288
2012-02-23,425.86,427.53,421.83,423.21,99713208
2012-02-24,423.21,428.29,423.21,427.64,86521507
2012-02-27,427.64,428.87,425.26,428.87,80342031
2012-02-28,428.87,430.6,427.23,430.54,87734788
2012-02-29,430.54,432.33,428.7,429.85,79329762
2012-03-01,429.85,430.22,426.53,428.37,75519774
2012-03-02,428.37,429.7,427.68,429.1,64520273
2012-03-05,429.1,429.1,423.12,423.36,88404016
2012-03-06,423.36,423.37,410.77,410.77,127354399
2012-03-07,410.77,415.88,410.24,415.88,112227493
2012-03-08,415.88,424.23,415.88,423.56,130096707
2012-03-09,423.56,426.58,422.79,425.8,86507948
2012-03-12,425.8,425.94,422.43,422.43,72157773
2012-03-13,422.43,427.84,422.43,427.44,104203424
2012-03-14,427.44,433.31,427.44,432.35,138682349
2012-03-15,432.35,434.24,431.49,431.88,127923534
2012-03-16,431.88,435.18,431.84,434.45,111383785
2012-03-19,434.45,436.34,433.55,436.24,97925236
2012-03-20,436.24,436.26,428.65,429.08,94654133
2012-03-21,429.08,432.11,425.71,427.96,114355677
2012-03-22,427.96,428.36,422.44,423.73,107656586
2012-03-23,423.73,428.73,423.7,428.36,94557306
2012-03-26,428.36,434.5,428.05,434.5,116230684
2012-03-27,434.5,436.5,429.46,429.49,86766135
2012-03-28,429.49,429.99,425.74,426.47,96600045
2012-03-29,426.47,426.71,420.0,420.4,91672772
2012-03-30,420.4,426.61,420.39,426.61,113099882
2012-04-02,426.61,430.93,424.93,430.93,71149339
2012-04-03,430.93,431.36,426.86,426.92,57427772
2012-04-04,426.92,426.92,421.24,421.93,49428145
2012-04-10,421.93,421.93,408.73,408.73,134802433
2012-04-11,408.73,412.98,407.24,411.32,103830066
2012-04-12,411.32,417.85,410.27,417.84,80049812
2012-04-13,417.84,418.22,412.58,413.72,84527493
2012-04-16,413.72,416.4,410.51,413.38,86597142
2012-04-17,413.38,422.89,411.44,422.88,89021066
2012-04-18,422.88,424.76,419.42,421.55,145201768
2012-04-19,421.55,424.41,419.88,420.5,102706269
2012-04-20,420.5,421.94,418.71,421.26,74686792
2012-04-23,421.26,421.26,407.7,409.25,81785221
2012-04-24,409.25,416.03,409.25,416.03,86731564
2012-04-25,416.03,421.77,415.65,420.55,148922415
2012-04-26,420.55,424.02,419.26,422.44,82618197
2012-04-27,422.44,422.47,416.92,419.69,105735858
2012-04-30,419.69,422.77,419.34,421.21,63645465
2012-05-02,421.21,425.97,418.32,419.53,92146366
2012-05-03,419.53,424.14,419.53,422.06,84026336
2012-05-04,422.06,422.23,412.48,412.55,88598927
2012-05-07,412.55,413.66,406.51,413.65,67406159
2012-05-08,413.65,416.84,401.58,401.72,115990101
2012-05-09,401.72,406.41,397.81,402.2,136645573
2012-05-10,402.2,409.06,400.37,408.61,137350178
2012-05-11,408.61,409.24,403.0,408.92,93547413
2012-05-14,408.92,408.94,399.12,400.9,78131628
2012-05-15,400.9,405.12,400.71,402.84,86446961
2012-05-16,402.84,403.7,396.48,400.91,90810883
2012-05-18,400.91,400.93,388.59,388.59,106965285
2012-05-21,388.59,395.41,387.06,394.94,87009076
2012-05-22,394.94,402.12,394.94,402.12,94059955
2012-05-23,402.12,402.12,388.49,388.75,87394947
2012-05-24,388.75,393.09,387.83,391.81,100491570
2012-05-25,391.81,394.74,389.79,392.17,66673291
2012-05-28,391.81,394.74,389.79,392.17,66673291
2012-05-29,392.17,396.52,391.49,395.27,69678775
2012-05-30,395.27,395.27,387.85,388.6,86866530
2012-05-31,388.6,392.71,382.22,384.36,108792488
2012-06-01,384.36,386.97,374.46,377.66,91915812
2012-06-04,377.66,377.66,369.24,371.8,73607118
2012-06-05,371.8,377.54,371.68,375.45,61178786
2012-06-06,375.45,385.98,375.45,385.98,104545737
2012-06-07,385.98,392.17,385.01,389.48,107841872
2012-06-08,389.48,389.48,382.83,387.43,101905842
2012-06-11,387.43,395.54,385.54,385.54,88748985
2012-06-12,385.54,387.33,382.33,387.33,64796109
2012-06-13,387.33,388.56,380.79,381.25,80467024
2012-06-14,381.25,382.84,378.99,382.09,136715784
2012-06-15,382.09,391.76,381.98,391.71,140644287
2012-06-18,391.71,397.5,389.04,390.26,76247939
2012-06-19,390.26,396.34,390.21,396.02,314813632
2012-06-20,396.02,399.74,395.16,399.55,95049581
2012-06-21,399.55,399.55,392.6,392.6,102247388
2012-06-22,392.6,392.6,385.54,385.54,114705692
2012-06-25,385.54,386.39,380.68,381.91,85343537
2012-06-26,381.91,385.26,380.67,382.77,75399374
2012-06-27,382.77,392.5,382.77,392.5,89576165
2012-06-28,392.5,394.71,389.85,393.86,115520420
2012-06-29,393.86,407.5,393.86,407.09,102971128
2012-07-02,407.09,412.36,406.0,410.84,75612796
2012-07-03,410.84,419.15,410.73,419.15,77049657
2012-07-04,419.15,419.15,413.66,415.23,58696033
2012-07-05,415.23,415.85,408.94,412.04,68012453
2012-07-06,412.04,412.34,406.31,406.31,70359518
2012-07-09,406.31,407.61,403.43,404.22,51901377
2012-07-10,404.22,414.1,404.22,413.59,65953389
2012-07-11,413.59,413.59,410.15,411.95,50366949
2012-07-12,411.95,412.64,405.98,407.35,57187312
2012-07-13,407.35,416.51,407.35,416.09,68810219
2012-07-16,416.09,416.8,413.66,416.8,63895876
2012-07-17,416.8,420.55,416.8,419.06,67922441
2012-07-18,419.06,424.41,419.06,424.4,60236151
2012-07-19,424.4,427.37,424.32,427.13,87893038
2012-07-20,427.13,427.31,422.8,423.94,84582580
2012-07-23,423.94,423.94,411.04,412.8,69870760
2012-07-24,412.8,415.58,410.12,411.45,65637279
2012-07-25,411.45,415.64,409.11,412.86,75005479
2012-07-26,412.86,420.4,412.73,419.92,73202905
2012-07-27,419.92,425.2,418.91,425.2,75335828
2012-07-30,425.2,427.69,424.23,425.75,63109575
2012-07-31,425.75,427.17,422.67,423.31,65450387
2012-08-01,423.31,423.76,421.5,422.91,43701049
2012-08-02,422.91,424.28,416.26,417.62,75110282
2012-08-03,417.62,427.25,417.57,427.16,66780058
2012-08-06,427.16,429.54,426.43,428.95,51827939
2012-08-07,428.95,432.67,427.58,432.67,63842349
2012-08-08,432.67,432.75,427.16,427.85,64271036
2012-08-09,427.85,432.49,427.85,432.49,56133849
2012-08-10,432.49,432.49,429.42,430.31,49019270
2012-08-13,430.31,431.63,426.98,429.85,48945207
2012-08-14,429.85,434.12,429.85,433.53,58653784
2012-08-15,433.53,435.6,432.06,435.59,44252394
2012-08-16,435.59,438.02,435.36,436.31,50979120
2012-08-17,436.31,439.71,435.99,439.65,65299631
2012-08-20,439.65,439.82,435.73,435.74,48276560
2012-08-21,435.74,441.16,435.74,440.22,68712231
2012-08-22,440.22,440.22,434.32,436.51,83474094
2012-08-23,436.51,438.89,431.94,431.94,70559103
2012-08-24,431.94,433.12,429.47,431.51,83116705
2012-08-27,431.51,436.74,431.51,434.71,48027968
2012-08-28,434.71,435.0,432.17,432.99,67817360
2012-08-29,432.99,435.7,432.67,435.68,57758157
2012-08-30,435.68,435.68,430.16,430.54,58490190
2012-08-31,430.54,435.3,430.5,435.22,62788786
2012-09-03,435.22,439.43,434.39,439.43,61217596
2012-09-04,439.43,440.36,433.52,433.53,71149580
2012-09-05,433.53,435.43,431.3,435.43,89938163
2012-09-06,435.43,443.66,434.95,443.02,83391701
2012-09-07,443.02,446.82,443.02,444.86,81253389
2012-09-10,444.86,445.95,443.79,445.72,62498001
2012-09-11,445.72,446.46,443.53,446.18,76090137
2012-09-12,446.18,450.5,446.16,447.3,84736959
2012-09-13,447.3,449.17,446.2,447.95,65043488
2012-09-14,447.95,461.17,447.95,461.1,137281967
2012-09-17,461.1,461.1,457.29,459.76,116720342
2012-09-18,459.76,459.76,453.45,455.8,98530169
2012-09-19,455.8,459.1,453.37,453.37,90069201
2012-09-20,453.37,453.38,449.27,450.5,116607169
2012-09-21,450.5,456.94,450.4,456.69,88280472
2012-09-24,456.69,459.11,452.66,453.07,58626683
2012-09-25,453.07,456.34,452.54,455.73,117520228
2012-09-26,455.73,455.73,445.24,445.66,276581377
2012-09-27,445.66,448.74,445.57,447.32,73657222
2012-09-28,447.32,450.28,445.83,445.92,64403722
2012-10-01,445.92,452.23,444.95,452.23,64617317
2012-10-02,452.23,453.5,449.39,451.14,62106341
2012-10-03,451.14,451.14,448.27,449.4,64133858
2012-10-04,449.4,450.38,445.68,446.97,63579906
2012-10-05,446.97,453.84,446.96,453.84,87587994
2012-10-08,453.84,453.85,449.38,449.69,53194468
2012-10-09,449.69,451.97,448.78,450.15,87052287
2012-10-10,450.15,450.15,446.64,447.51,76232352
2012-10-11,447.51,450.64,445.93,450.11,73453214
2012-10-12,450.11,450.23,446.91,448.08,57145241
2012-10-15,448.08,451.28,447.4,448.25,53694000
2012-10-16,448.25,452.43,448.23,452.33,118787626
2012-10-17,452.33,454.04,449.7,451.83,77288639
2012-10-18,451.83,454.09,450.54,450.81,82370088
2012-10-19,450.81,452.35,448.53,448.56,69664524
2012-10-22,448.56,448.84,446.0,446.48,59265343
2012-10-23,446.48,446.48,434.41,434.42,74915355
2012-10-24,434.42,441.91,434.42,440.37,103069868
2012-10-25,440.37,445.23,440.27,445.03,109130038
2012-10-26,445.03,445.18,439.73,441.69,126910215
2012-10-29,441.69,442.42,440.14,442.17,54097565
2012-10-30,442.17,445.21,442.0,443.36,42272013
2012-10-31,443.36,446.54,441.79,442.18,59593310
2012-11-01,442.18,446.03,440.98,445.79,57180840
2012-11-02,445.79,447.46,443.54,443.65,69385933
2012-11-05,443.65,443.65,439.77,441.22,46860471
2012-11-06,441.22,443.76,441.21,443.34,61467773
2012-11-07,443.34,446.04,439.84,440.12,65218186
2012-11-08,440.12,441.66,437.44,437.85,57818678
2012-11-09,437.85,438.85,432.61,436.64,54915214
2012-11-12,436.56,437.56,435.07,435.6,88332089
2012-11-13,434.38,434.38,429.77,432.32,76835295
2012-11-14,432.55,434.61,431.75,433.6,59556197
2012-11-15,433.54,433.55,430.43,431.04,113479589
2012-11-16,430.87,431.61,428.27,429.73,97619017
2012-11-19,429.74,439.4,429.66,439.17,94778818
2012-11-20,439.18,439.79,437.22,439.78,78611605
2012-11-21,439.78,440.32,437.87,439.27,77490690
2012-11-22,439.28,444.26,439.28,444.26,65112609
2012-11-23,444.26,444.5,441.99,444.02,58876237
2012-11-26,444.02,444.02,439.78,440.45,55345241
2012-11-27,440.45,443.52,440.45,441.21,60609791
2012-11-28,441.21,441.23,432.92,434.1,69625862
2012-11-29,434.12,441.64,434.12,441.48,135193275
2012-11-30,441.49,442.81,440.36,442.08,101046788
2012-12-03,442.09,444.62,441.39,442.14,64992132
2012-12-04,442.14,442.14,436.34,437.16,67045244
2012-12-05,437.27,440.13,436.64,436.67,75013563
2012-12-06,436.66,441.59,435.94,441.58,89731550
2012-12-07,441.59,442.59,439.31,441.05,57183160
2012-12-10,441.04,441.83,439.61,441.19,77871683
2012-12-11,441.17,445.09,440.23,444.98,122188769
2012-12-12,444.99,448.34,443.99,447.33,122188769
2012-12-13,447.19,447.52,445.01,445.69,135853873
2012-12-14,445.42,447.46,443.87,445.16,131658912
2012-12-17,445.29,445.32,441.21,443.49,109549100
2012-12-18,443.51,446.7,443.51,445.73,122207923
2012-12-19,445.76,451.14,445.76,449.76,116227441
2012-12-20,449.75,449.75,446.47,446.64,111301045
2012-12-21,446.64,448.78,443.65,448.75,92725941
2012-12-27,448.73,449.55,447.46,447.55,44232148
2012-12-28,447.57,449.23,443.23,444.09,59832222
2013-01-02,444.11,454.52,444.11,454.5,89209175
2013-01-03,454.53,455.52,453.37,455.26,133602063
2013-01-04,455.16,457.03,454.07,456.97,164173340
2013-01-07,457.11,458.61,453.3,454.11,97506089
2013-01-08,454.11,457.56,454.01,456.04,91305194
2013-01-09,455.99,458.83,455.93,458.23,102129562
2013-01-10,458.25,460.04,457.84,458.84,95195564
2013-01-11,458.84,460.56,457.1,458.16,166816959
2013-01-14,458.18,461.18,458.16,459.95,72556571
2013-01-15,459.62,460.72,457.4,459.16,77900412
2013-01-16,459.16,461.55,457.37,461.34,154067164
2013-01-17,461.34,466.21,460.94,466.1,124901095
2013-01-18,466.1,468.61,465.01,467.57,83162175
2013-01-21,467.59,468.32,466.62,467.97,64498957
2013-01-22,467.98,468.31,464.3,465.25,78180044
2013-01-23,465.25,468.88,463.65,468.83,80915864
2013-01-24,468.8,470.33,467.52,469.35,87771447
2013-01-25,469.35,472.42,468.23,471.24,84344045
2013-01-28,471.38,471.97,467.37,467.38,64808202
2013-01-29,467.39,469.04,467.39,468.21,51980752
2013-01-30,468.15,468.72,465.85,467.61,392919810
2013-01-31,467.61,468.34,465.79,465.79,66371919
2013-02-01,466.02,470.69,464.33,470.69,76596573
2013-02-04,470.64,472.6,468.08,468.62,61814161
2013-02-05,468.32,468.33,463.61,467.0,90679140
2013-02-06,467.03,469.68,463.96,463.97,91762006
2013-02-07,463.96,471.34,463.95,469.24,90866897
2013-02-08,469.26,472.32,469.13,472.28,140695443
2013-02-11,472.25,472.25,468.12,468.12,122132919
2013-02-12,468.25,471.7,467.88,471.7,136039583
2013-02-13,471.7,472.73,470.22,472.6,100126590
2013-02-14,472.56,473.09,469.61,469.87,76728899
2013-02-15,469.94,471.3,468.86,471.1,93409206
2013-02-18,471.1,471.36,469.27,470.81,75500862
2013-02-19,470.81,475.04,470.8,474.92,87063395
2013-02-20,475.04,476.49,473.83,476.47,78469551
2013-02-21,476.42,476.42,468.69,469.78,81571721
2013-02-22,469.79,472.91,468.9,471.1,81503022
2013-02-25,471.12,475.64,471.12,474.73,109144240
2013-02-26,474.73,474.73,467.02,471.84,92128846
2013-02-27,471.84,474.81,470.62,472.55,110569012
2013-02-28,472.55,475.87,472.55,473.07,91644996
2013-03-01,473.07,475.59,471.38,471.86,66633522
2013-03-04,471.89,472.89,469.41,471.79,82479963
2013-03-05,472.57,479.27,472.57,479.04,87396905
2013-03-06,479.02,480.13,477.07,477.09,155126026
2013-03-07,477.09,479.3,475.88,475.88,157241800
2013-03-08,475.85,480.65,475.85,478.94,85132623
2013-03-11,478.96,479.37,476.79,479.37,75191608
2013-03-12,479.09,482.34,477.98,480.92,133726035
2013-03-13,480.92,481.62,478.37,478.51,111445208
2013-03-14,478.53,482.08,477.99,482.08,82992754
2013-03-15,482.09,483.83,479.05,480.45,154622664
2013-03-18,480.44,480.44,473.77,479.1,70035461
2013-03-19,479.14,480.85,477.45,477.49,89291431
2013-03-20,477.49,479.97,475.12,475.88,362418178
2013-03-21,475.88,478.28,472.49,474.13,107790627
2013-03-22,474.12,475.79,472.44,474.61,139270906
2013-03-25,474.6,477.94,471.33,471.34,73279715
2013-03-26,471.36,473.91,470.41,472.3,64878304
2013-03-27,472.33,474.19,470.1,471.21,39984713
2013-04-02,471.22,476.02,470.14,475.02,138545028
2013-04-03,475.03,478.49,473.7,476.41,123176465
2013-04-04,476.39,476.42,470.69,471.09,94383629
2013-04-05,471.12,472.61,461.83,463.1,122607272
2013-04-08,463.15,467.38,463.15,466.38,69240868
2013-04-09,466.63,470.21,466.56,468.09,134540577
2013-04-10,468.1,472.54,468.1,472.52,138858392
2013-04-11,472.52,475.8,472.52,473.54,139074526
2013-04-12,473.58,473.58,469.61,470.25,100411017
2013-04-15,470.25,470.83,462.85,463.16,90134501
2013-04-16,463.13,463.43,458.52,462.86,114806612
2013-04-17,462.95,465.61,457.23,457.23,91347138
2013-04-18,457.25,462.89,457.0,460.73,69314585
2013-04-19,460.76,466.98,460.76,465.99,85036527
2013-04-22,465.97,468.03,464.91,465.01,70067550
2013-04-23,465.22,471.37,464.87,471.37,84351383
2013-04-24,471.28,475.04,471.14,474.46,135719866
2013-04-25,474.54,480.33,473.83,480.33,151623494
2013-04-26,480.32,480.9,477.37,480.68,123538468
2013-04-29,480.67,481.19,476.51,477.93,113729153
2013-04-30,478.0,480.35,477.57,480.13,102279338
2013-05-02,480.02,480.02,474.35,476.5,532525949
2013-05-03,476.5,483.71,476.5,483.71,106645121
2013-05-06,483.7,485.86,482.83,485.11,72869590
2013-05-07,485.07,486.6,483.29,485.97,88256817
2013-05-08,485.98,489.34,485.93,487.83,100826509
2013-05-10,487.8,490.94,487.53,488.16,102841596
2013-05-13,488.17,489.86,487.95,489.46,127409802
2013-05-14,489.51,491.02,486.07,488.87,177736013
2013-05-15,488.98,489.8,486.45,488.5,167667171
2013-05-16,488.52,490.69,488.25,489.27,115660595
2013-05-21,489.31,494.49,489.28,494.36,200122533
2013-05-22,494.41,495.51,492.64,494.45,123135087
2013-05-23,494.22,494.22,483.41,486.12,161439688
2013-05-24,486.14,490.28,486.14,487.15,147105544
2013-05-27,487.15,491.26,487.15,491.26,75025742
2013-05-28,491.27,496.69,491.26,496.23,105212612
2013-05-29,496.24,496.24,491.65,491.75,101283552
2013-05-30,491.58,494.6,490.64,491.97,130380878
2013-05-31,492.86,493.75,488.89,491.71,123352951
2013-06-03,491.71,491.81,486.51,488.51,83750506
2013-06-04,488.71,491.85,486.14,486.57,112470814
2013-06-05,486.51,487.47,482.87,482.89,115874724
2013-06-06,482.89,484.04,479.41,479.7,92707146
2013-06-07,479.73,481.58,474.05,480.78,85065483
2013-06-10,480.78,482.73,477.9,478.35,80427715
2013-06-11,478.36,478.66,470.0,470.01,135704829
2013-06-12,470.03,476.7,469.97,474.03,81700928
2013-06-13,474.02,474.23,466.6,472.86,105151093
2013-06-14,472.89,477.99,472.89,474.03,80236349
2013-06-17,474.15,478.5,473.99,478.07,108938229
2013-06-18,478.07,481.25,476.49,481.21,102004202
2013-06-19,481.15,481.56,476.54,477.23,84107774
2013-06-20,477.11,477.11,470.45,471.35,89800907
2013-06-21,471.33,474.88,470.88,471.23,95610749
2013-06-24,470.9,471.34,457.98,457.98,127143347
2013-06-25,457.97,467.86,457.97,465.94,118875289
2013-06-26,466.01,472.91,465.72,470.77,108591805
2013-06-27,470.8,473.75,466.25,470.63,104284851
2013-06-28,470.97,473.98,467.76,468.79,78860132
2013-07-01,468.77,473.89,468.0,473.89,67796974
2013-07-02,473.89,476.95,472.7,476.86,82697663
2013-07-03,476.89,476.89,470.6,470.93,69155117
2013-07-04,471.32,478.55,471.32,478.55,56646572
2013-07-05,478.55,482.99,478.48,479.07,56832979
2013-07-08,479.05,483.12,479.03,482.18,74757627
2013-07-09,482.32,485.86,482.29,482.3,116555850
2013-07-10,482.34,485.69,481.75,485.68,82563057
2013-07-11,485.68,493.37,485.68,493.37,83522751
2013-07-12,493.41,494.04,491.3,491.9,73754463
2013-07-15,491.92,494.74,491.2,494.26,69710667
2013-07-16,494.31,494.53,492.22,493.56,93662722
2013-07-17,493.58,495.47,490.64,495.07,98908066
2013-07-18,495.05,495.11,489.7,491.75,212513623
2013-07-19,491.78,496.89,491.69,496.18,102478982
2013-07-22,496.15,497.23,495.4,496.29,90370883
2013-07-23,497.38,498.14,496.3,497.61,68557363
2013-07-24,497.61,499.34,495.62,498.03,66070041
2013-07-25,498.07,498.98,494.6,496.16,70576239
2013-07-26,496.16,497.29,493.75,494.22,86288952
2013-07-29,494.22,495.22,491.86,494.25,67383347
2013-07-30,494.25,495.89,491.86,493.46,66008324
2013-07-31,493.46,496.44,493.46,495.36,64528546
2013-08-01,495.41,497.77,493.61,497.77,89442139
2013-08-02,497.8,499.45,495.66,497.29,114725529
2013-08-05,497.26,499.89,496.47,497.18,95824007
2013-08-06,497.18,497.23,493.5,494.03,94680688
2013-08-07,494.08,495.4,491.38,494.57,142769906
2013-08-08,494.54,499.6,494.44,499.46,94499835
2013-08-09,499.55,502.23,499.49,500.51,81687036
2013-08-12,500.52,502.17,498.29,500.07,72574318
2013-08-13,500.07,501.48,499.61,500.36,77909954
2013-08-14,500.84,503.55,500.84,503.53,127918594
2013-08-15,503.45,504.01,498.42,499.8,89378088
2013-08-16,499.75,501.98,499.46,501.67,85240166
2013-08-19,501.76,503.58,500.7,503.51,77447268
2013-08-20,503.35,503.38,497.17,498.26,109129872
2013-08-21,498.45,499.8,497.38,498.25,124770875
2013-08-22,498.25,502.7,497.39,502.1,136940754
2013-08-23,502.14,502.56,500.55,501.24,146866429
2013-08-26,501.24,503.36,499.57,500.8,64047373
2013-08-27,500.8,500.8,495.99,496.78,114419238
2013-08-28,496.67,500.82,495.32,500.44,123687789
2013-08-29,500.44,502.9,500.0,502.01,80769129
2013-08-30,501.97,502.91,496.7,496.78,66378159
2013-09-02,496.78,503.58,496.77,502.97,58743148
2013-09-03,502.97,504.68,501.19,503.38,77375422
2013-09-04,503.41,503.81,500.84,503.12,67531231
2013-09-05,503.16,503.65,500.78,503.05,93808749
2013-09-06,502.88,504.22,500.9,502.8,103325898
2013-09-09,502.81,504.76,502.34,503.4,73235642
2013-09-10,503.42,506.46,503.42,505.0,96415517
2013-09-11,504.76,508.7,504.34,508.07,147617636
2013-09-12,508.09,508.1,505.73,505.73,96783935
2013-09-13,505.73,507.03,504.88,506.38,84769431
2013-09-16,506.41,509.08,505.23,506.55,111538412
2013-09-17,505.98,506.45,503.6,505.96,105663660
2013-09-18,506.0,507.25,504.61,506.32,98872949
2013-09-19,506.39,511.84,506.37,509.98,138176457
2013-09-20,509.98,512.25,509.03,511.3,176971017
2013-09-23,511.45,512.09,508.85,508.99,103671942
2013-09-24,508.98,510.27,508.44,508.74,181047022
2013-09-25,508.71,511.58,507.78,510.44,113549801
2013-09-26,510.44,512.67,509.19,509.97,132567521
2013-09-27,510.01,511.27,507.85,508.15,78074744
2013-09-30,508.15,508.15,501.74,501.76,77441651
2013-10-01,501.82,504.4,501.59,503.33,69853516
2013-10-02,503.33,504.95,502.14,504.66,58607788
2013-10-03,504.66,508.81,504.62,508.69,66219950
2013-10-04,508.69,508.8,506.34,507.46,101706789
2013-10-07,507.5,507.51,503.36,504.31,56501538
2013-10-08,504.33,504.66,498.11,498.27,75801576
2013-10-09,498.27,498.4,494.62,497.28,62074706
2013-10-10,497.35,504.55,497.35,504.52,92886269
2013-10-11,504.59,506.06,502.86,505.05,79398932
2013-10-14,505.06,507.87,505.05,507.01,71572932
2013-10-15,506.95,512.95,506.95,512.73,95953880
2013-10-16,512.73,513.01,510.56,512.98,85396915
2013-10-17,512.98,514.42,511.59,514.09,120497299
2013-10-18,514.14,519.52,514.12,519.41,116473396
2013-10-21,519.42,525.07,519.42,525.04,82493943
2013-10-22,525.02,528.94,524.06,528.69,106408395
2013-10-23,528.71,528.9,526.33,527.62,110493023
2013-10-24,527.77,532.92,527.2,532.92,117074017
2013-10-25,532.92,537.59,530.88,537.58,150149994
2013-10-28,537.59,539.54,534.23,534.23,89452350
2013-10-29,534.24,538.52,534.22,537.63,84816407
2013-10-30,537.65,541.0,535.01,536.05,339920594
2013-10-31,536.09,536.09,529.63,532.33,120492307
2013-11-01,532.29,535.83,531.29,534.98,123301575
2013-11-04,535.01,537.91,535.01,536.73,111587623
2013-11-05,536.73,538.63,533.3,534.28,110274598
2013-11-06,534.29,542.88,533.91,542.88,87216825
2013-11-07,542.88,543.32,539.14,539.53,114055564
2013-11-08,539.5,539.5,534.0,537.98,97173537
2013-11-11,538.0,542.43,537.92,542.34,67977212
2013-11-12,541.98,542.33,536.23,536.73,601026836
2013-11-13,536.72,536.72,532.8,535.18,154242390
2013-11-14,535.2,540.73,535.2,539.39,109636841
2013-11-15,539.39,543.97,539.39,543.74,88267658
2013-11-18,543.97,546.13,543.96,544.69,81019255
2013-11-19,544.67,544.76,542.15,543.11,104937559
2013-11-20,543.11,543.77,538.97,540.55,100819122
2013-11-21,540.55,540.55,536.81,536.81,103641679
2013-11-22,536.85,541.59,536.85,538.82,73426599
2013-11-25,538.89,541.97,538.09,538.61,68497653
2013-11-26,538.61,540.97,537.44,537.51,140608064
2013-11-27,537.58,541.99,537.58,541.53,109717045
2013-11-28,541.51,544.43,541.05,543.61,93658094
2013-11-29,543.73,545.37,542.78,542.79,124337960
2013-12-02,542.8,543.22,540.63,542.37,107668192
2013-12-03,542.34,543.45,537.18,538.07,137352805
2013-12-04,538.07,538.79,532.27,533.98,109886233
2013-12-05,533.99,534.1,530.38,533.44,95628736
2013-12-06,533.43,534.71,530.59,532.23,120315723
2013-12-09,532.21,536.47,532.21,534.16,66845768
2013-12-10,534.16,537.23,532.4,533.69,110367658
2013-12-11,533.68,534.82,530.27,530.27,108319538
2013-12-12,530.28,530.41,524.23,525.32,99933061
2013-12-13,525.33,528.98,525.33,527.68,96195324
2013-12-16,527.69,531.02,526.87,530.63,86627879
2013-12-17,530.63,531.09,527.95,530.6,106689309
2013-12-18,530.6,531.49,526.98,527.92,91410128
2013-12-19,527.92,533.6,527.92,531.53,134045189
2013-12-20,531.61,537.27,531.1,537.27,251789005
2013-12-23,537.3,544.78,537.3,544.24,71838051
2013-12-27,544.26,549.74,544.26,549.7,78213877
2013-12-30,549.71,551.7,548.43,548.86,75450333
2014-01-02,549.09,550.68,546.37,546.93,95256895
2014-01-03,546.93,548.55,544.61,547.79,127602512
2014-01-06,547.76,549.3,545.44,546.59,87843163
2014-01-07,546.51,547.04,543.9,547.04,131409396
2014-01-08,547.04,550.22,546.27,550.22,162435077
2014-01-09,550.22,553.63,549.9,553.63,120213505
2014-01-10,553.64,560.8,553.64,556.51,118795584
2014-01-13,556.53,559.1,556.33,558.28,125738902
2014-01-14,557.91,558.19,553.68,556.77,138850183
2014-01-15,556.77,563.03,556.77,562.95,160202969
2014-01-16,562.94,564.83,561.48,564.82,130390333
2014-01-17,564.51,566.1,562.52,563.19,183153830
2014-01-20,563.17,563.65,560.88,561.87,84958887
2014-01-21,561.87,565.91,561.44,565.16,79060707
2014-01-22,565.14,566.95,562.0,562.29,75783028
2014-01-23,562.29,563.05,556.72,556.72,97471994
2014-01-24,556.72,558.81,548.1,548.1,107994390
2014-01-27,548.08,548.08,540.98,544.34,116723241
2014-01-28,544.41,548.15,540.26,543.65,93191428
2014-01-29,543.79,547.03,534.61,537.22,125203362
2014-01-30,536.81,541.41,534.54,539.92,97037502
2014-01-31,539.9,541.97,533.74,535.73,95655962
2014-02-03,535.73,540.35,534.55,534.71,72495753
2014-02-04,534.69,535.52,530.39,534.61,89427444
2014-02-05,534.61,535.87,531.69,532.65,76735619
2014-02-06,532.67,538.75,532.67,537.77,84561782
2014-02-07,537.8,548.61,536.16,548.6,88633259
2014-02-10,548.59,550.45,546.22,547.24,71106853
2014-02-11,547.25,550.42,547.25,550.42,117243998
2014-02-12,549.5,550.25,546.19,548.21,257922691
2014-02-13,548.25,548.81,541.91,544.66,114595716
2014-02-14,544.66,547.58,544.54,547.28,93444838
2014-02-17,547.35,549.94,547.31,548.87,82235901
2014-02-18,548.89,549.39,545.36,548.04,101719860
2014-02-19,548.03,550.74,546.63,548.94,82640674
2014-02-20,548.9,551.39,545.22,551.37,92003028
2014-02-21,551.33,555.57,551.33,553.97,65109906
2014-02-24,553.98,556.52,553.16,556.52,62028402
2014-02-25,556.56,557.64,550.56,551.48,59669811
2014-02-26,551.51,553.53,550.62,552.33,267787299
2014-02-27,552.34,554.44,549.22,552.59,129369406
2014-02-28,552.63,556.23,552.63,555.72,91115612
2014-03-03,555.5,555.5,550.76,553.15,110347293
2014-03-04,553.15,558.72,552.11,558.6,110526023
2014-03-05,558.64,559.83,556.07,557.06,132257202
2014-03-06,557.05,559.58,557.03,558.21,109099091
2014-03-07,558.25,559.45,555.18,556.72,82040087
2014-03-10,556.72,556.72,551.14,552.4,86370952
2014-03-11,552.37,555.23,552.1,554.34,83516783
2014-03-12,554.34,554.36,544.3,546.23,125790869
2014-03-13,546.3,548.44,543.4,543.43,129116926
2014-03-14,543.41,543.41,536.0,539.72,107129843
2014-03-17,539.72,545.27,539.72,544.63,79373286
2014-03-18,544.62,548.03,540.31,546.96,100966274
2014-03-19,547.0,548.88,546.53,546.72,90840087
2014-03-20,546.73,548.79,544.59,548.54,70705676
2014-03-21,548.5,554.9,548.49,554.55,121325211
2014-03-24,554.55,556.05,551.38,552.47,78033716
2014-03-25,552.47,557.1,552.14,556.99,82653079
2014-03-26,557.02,562.12,557.02,562.0,85931668
2014-03-27,562.0,562.0,558.51,560.19,89621365
2014-03-28,560.19,563.01,560.08,560.66,98330467
2014-03-31,560.63,563.67,559.17,561.95,76480745
2014-04-01,561.95,563.86,558.71,560.14,78284605
2014-04-02,559.92,562.72,559.77,560.15,72993485
2014-04-03,560.22,561.62,557.34,559.04,60012520
2014-04-04,559.04,561.99,557.56,561.96,60172160
2014-04-07,561.93,561.93,551.79,553.32,55576586
2014-04-08,553.33,554.36,547.51,548.24,93506388
2014-04-09,548.43,556.44,548.43,554.22,95931072
2014-04-10,554.24,557.55,552.81,554.18,88287997
2014-04-11,554.14,554.17,541.82,541.85,108296720
2014-04-14,541.83,545.69,540.15,545.29,77880317
2014-04-15,545.29,549.21,543.97,545.82,99115001
2014-04-16,545.82,550.53,545.82,550.53,45675621
2014-04-22,550.53,561.19,550.53,561.13,114694477
2014-04-23,561.24,562.45,557.74,559.41,88198661
2014-04-24,559.84,565.65,559.84,562.89,95135307
2014-04-25,563.31,566.24,562.41,566.24,85928242
2014-04-28,566.21,567.14,564.55,566.82,77411979
2014-04-29,566.82,576.29,566.82,576.12,89579783
2014-04-30,576.25,580.93,575.56,578.37,108702367
2014-05-02,578.5,583.44,578.5,583.44,75359558
2014-05-05,583.49,584.11,579.28,582.04,65268160
2014-05-06,582.05,585.01,580.4,582.77,64506153
2014-05-07,583.15,586.1,579.6,583.78,90496001
2014-05-08,583.82,589.11,583.82,589.05,96308150
2014-05-09,589.06,589.45,586.11,589.37,150871761
2014-05-12,589.37,596.02,588.44,596.01,95984733
2014-05-13,595.99,597.15,593.49,595.47,136867564
2014-05-14,595.75,598.0,595.22,597.78,84873241
2014-05-15,597.8,600.75,594.4,595.49,94415939
2014-05-16,594.63,597.49,588.45,593.6,102231219
2014-05-19,593.6,595.95,591.57,594.43,63122843
2014-05-20,594.45,595.16,589.51,591.75,80992800
2014-05-21,591.71,595.35,591.5,595.18,77064956
2014-05-22,595.35,599.08,595.35,599.06,100324181
2014-05-23,599.06,601.85,597.25,601.82,88197881
2014-05-26,601.87,606.37,600.59,600.8,71576645
2014-05-27,600.86,604.97,600.86,603.98,104537700
2014-05-28,603.99,607.49,602.58,605.44,89385048
2014-05-30,605.45,607.56,604.24,605.26,121359614
2014-06-02,605.26,611.51,605.26,610.79,74540700
2014-06-03,610.85,612.01,608.76,612.01,76778021
2014-06-04,611.99,612.22,606.12,609.18,77922975
2014-06-05,609.16,619.63,609.16,616.68,102029964
2014-06-06,616.47,620.77,616.14,620.77,74639475
2014-06-10,620.79,623.82,618.41,621.56,74409277
2014-06-11,621.55,622.82,616.06,618.82,69608613
2014-06-12,618.81,622.54,616.22,622.52,66117302
2014-06-13,622.48,624.0,618.74,622.9,55914256
2014-06-16,622.93,622.93,618.57,620.7,70951919
2014-06-17,620.72,620.84,613.74,614.71,79406273
2014-06-18,614.83,623.75,614.83,623.75,72766750
2014-06-19,623.79,630.91,623.79,630.9,75074532
2014-06-20,630.86,631.37,627.88,629.46,79796667
2014-06-23,629.51,631.96,629.2,631.15,49059381
2014-06-24,631.08,632.37,626.66,627.42,52390495
2014-06-25,627.27,627.31,612.18,618.25,74546782
2014-06-26,618.32,620.86,614.67,616.48,61042364
2014-06-27,616.51,619.54,616.06,617.35,63347840
2014-06-30,617.39,620.24,616.0,617.88,57633990
2014-07-01,617.9,622.51,617.9,622.5,56078178
2014-07-02,622.51,625.98,621.43,622.65,60404536
2014-07-03,622.65,628.83,622.62,628.83,79396265
2014-07-04,628.8,629.8,626.62,627.97,40898984
2014-07-07,628.06,630.47,627.81,627.98,61502669
2014-07-08,627.99,627.99,619.38,619.53,60684789
2014-07-09,619.52,623.37,619.08,619.9,86772850
2014-07-10,619.9,619.9,605.31,606.82,85628388
2014-07-11,606.83,610.72,606.44,608.34,49028465
2014-07-14,608.37,616.31,608.3,616.19,48842994
2014-07-15,616.19,620.13,615.95,617.71,55281215
2014-07-16,617.68,624.46,617.68,624.4,64939899
2014-07-17,624.41,625.33,619.97,621.79,51991667
2014-07-18,621.71,621.71,615.56,615.56,118469924
2014-07-21,615.56,618.39,612.39,617.99,65332413
2014-07-22,617.99,624.7,617.99,624.7,83970759
2014-07-23,624.7,628.59,624.18,626.8,60343740
2014-07-24,626.8,628.82,625.32,626.26,63350478
2014-07-25,626.26,626.28,619.11,622.19,49904576
2014-07-28,622.15,622.15,616.48,616.94,44043733
2014-07-29,616.95,620.3,616.05,619.86,48546954
2014-07-30,619.86,619.87,615.97,616.29,57569828
2014-07-31,616.29,619.07,611.04,612.29,64723394
2014-08-01,612.27,612.27,603.33,606.16,77867472
2014-08-04,606.3,610.99,606.3,608.04,71684406
2014-08-05,608.1,613.02,607.09,608.73,70629808
2014-08-06,608.74,608.74,598.5,602.47,77403604
2014-08-07,602.45,602.45,594.28,594.79,110317512
2014-08-08,594.73,594.73,582.31,588.27,92818763
2014-08-11,588.28,601.86,588.28,601.16,71673812
2014-08-12,601.26,602.22,593.46,593.56,72557767
2014-08-13,593.61,596.61,593.61,594.53,65271828
2014-08-14,594.54,597.23,591.97,596.65,76586812
2014-08-15,596.66,601.34,595.49,600.94,178074624
2014-08-18,600.91,605.5,600.68,602.01,109251423
2014-08-19,602.11,605.31,601.03,603.82,98582774
2014-08-20,603.84,607.05,603.3,607.02,80140926
2014-08-21,607.04,608.8,605.37,608.28,67744562
2014-08-22,608.3,610.28,604.06,606.15,64119390
2014-08-25,606.15,610.93,606.15,610.09,33751220
2014-08-26,610.37,615.23,609.54,615.22,63956705
2014-08-27,615.22,617.3,613.92,616.02,64025908
2014-08-28,616.07,616.86,612.17,613.62,69771387
2014-08-29,613.64,614.99,609.84,610.17,73340349
2014-09-01,610.19,615.79,610.19,613.59,69474498
2014-09-02,613.61,616.61,613.07,615.26,134519251
2014-09-03,615.28,619.91,614.15,617.73,88318908
2014-09-04,617.74,622.02,615.01,621.02,84431554
2014-09-05,621.02,621.02,615.33,616.14,108695342
2014-09-08,616.19,618.17,614.65,615.5,47996986
2014-09-09,615.51,617.16,613.03,613.71,86298610
2014-09-10,613.7,614.53,610.74,612.81,57005132
2014-09-11,612.83,615.86,609.29,611.12,61009589
2014-09-12,611.12,615.53,611.08,613.87,56876070
2014-09-15,613.85,613.85,609.56,611.99,76397521
2014-09-16,612.0,612.95,609.23,612.91,76995382
2014-09-17,613.06,618.51,613.06,617.1,67756609
2014-09-18,617.1,620.99,617.07,618.97,72563203
2014-09-19,618.97,621.85,618.21,618.28,89660875
2014-09-22,618.28,618.34,613.92,615.65,70389544
2014-09-23,615.65,617.66,607.45,608.02,99012591
2014-09-24,608.04,610.74,603.47,608.55,65383781
2014-09-25,608.6,612.47,604.62,604.72,97806357
2014-09-26,604.67,607.26,599.43,606.85,70512235
2014-09-29,606.88,616.61,605.04,607.22,64955397
2014-09-30,607.22,610.98,607.22,609.38,69196420
2014-10-01,609.31,609.78,601.3,602.84,76462345
2014-10-02,602.59,602.59,585.67,585.81,109497870
2014-10-03,585.8,591.67,582.36,584.61,76889936
2014-10-06,584.41,586.69,580.39,584.49,70225323
2014-10-07,584.55,584.56,572.32,574.51,108178019
2014-10-08,574.45,574.45,567.14,570.89,113835990
2014-10-09,570.92,579.82,562.75,563.18,106759975
2014-10-10,563.17,563.17,550.39,552.65,124704233
2014-10-13,552.64,560.61,547.1,555.49,99771600
2014-10-14,555.48,562.37,552.33,558.21,104624750
2014-10-15,558.23,560.28,539.78,547.26,159129768
2014-10-16,547.27,552.46,528.36,532.82,148003639
2014-10-17,532.87,553.56,532.87,553.54,122156340
2014-10-20,553.55,555.67,545.13,548.58,93411544
2014-10-21,548.55,567.15,546.42,567.12,131113196
2014-10-22,567.15,574.58,562.58,574.58,110263999
2014-10-23,574.57,575.69,564.65,573.13,97972673
2014-10-24,573.13,575.01,571.21,573.58,86113460
2014-10-27,574.01,581.5,568.53,571.21,70137156
2014-10-28,571.23,579.29,571.23,579.2,68194046
2014-10-29,579.23,587.48,576.91,585.79,89619748
2014-10-30,585.79,586.5,572.85,581.06,113241118
2014-10-31,581.06,588.84,581.06,585.28,108237852
2014-11-03,585.34,590.0,584.4,585.2,80627975
2014-11-04,584.94,584.94,577.43,577.95,145886711
2014-11-05,578.01,585.48,577.02,585.24,108164570
2014-11-06,585.23,589.08,582.8,584.66,121413956
2014-11-07,584.66,590.64,584.66,587.68,103336959
2014-11-10,587.69,594.87,587.69,591.57,85662916
2014-11-11,591.8,594.16,590.8,593.66,91124027
2014-11-12,593.65,594.81,589.31,590.85,84139259
2014-11-13,590.84,592.9,585.37,587.22,82927132
2014-11-14,587.22,599.15,587.19,598.63,86198165
2014-11-17,598.64,599.86,592.48,598.34,72237220
2014-11-18,598.27,605.45,598.27,600.89,73307881
2014-11-19,600.89,604.63,599.46,602.34,74593648
2014-11-20,602.35,604.77,597.93,600.35,79070194
2014-11-21,600.35,608.56,600.3,606.57,123613025
2014-11-24,606.58,609.89,606.16,607.51,84988740
2014-11-25,607.51,607.95,602.6,606.12,85026999
2014-11-26,604.91,604.96,596.31,596.84,77451209
2014-11-27,596.8,596.8,581.39,582.23,99677587
2014-11-28,582.2,582.44,560.91,566.34,135391129
2014-12-01,566.32,566.52,556.38,564.17,121637034
2014-12-02,564.22,575.45,564.22,570.28,128076794
2014-12-03,570.29,575.32,570.29,574.87,108868570
2014-12-04,574.86,576.41,566.94,568.94,102752616
2014-12-05,569.65,570.02,565.92,567.72,78878757
2014-12-08,567.72,568.12,560.21,561.89,80164537
2014-12-09,561.8,561.8,551.02,553.46,127024210
2014-12-10,553.49,559.01,553.26,554.91,85802715
2014-12-11,554.87,556.55,550.42,553.33,96198395
2014-12-12,553.26,553.3,544.22,544.68,127817739
2014-12-15,544.68,551.01,540.89,542.28,118265401
2014-12-16,542.16,542.79,532.45,536.24,167987028
2014-12-17,536.28,552.12,536.06,552.01,224265163
2014-12-18,552.06,573.67,552.05,573.65,172998375
2014-12-19,573.66,579.16,567.13,577.6,196665674
2014-12-22,577.6,586.93,577.6,580.43,122486599
2014-12-23,581.35,583.04,578.76,582.81,73379369
2014-12-29,582.42,585.05,577.82,580.7,49470771
2014-12-30,580.54,580.67,574.26,576.04,67429340
2015-01-02,576.28,581.38,572.96,579.36,62941972
2015-01-05,579.28,582.93,564.97,565.45,100354785
2015-01-06,565.45,570.58,561.09,569.98,91382021
2015-01-07,569.98,575.49,565.99,573.36,94946957
2015-01-08,573.57,581.14,573.57,580.07,112132176
2015-01-09,579.64,584.38,578.9,580.44,91716322
2015-01-12,580.41,580.68,573.01,573.63,77164706
2015-01-13,573.63,584.58,572.69,582.7,119980179
2015-01-14,582.74,582.74,571.81,575.26,134517229
2015-01-15,575.26,581.96,567.23,579.65,179654779
2015-01-16,579.64,583.12,574.57,578.82,88411505
2015-01-19,579.05,592.79,579.05,592.79,73838858
2015-01-20,592.82,593.13,586.11,588.64,82870689
2015-01-21,588.7,593.9,587.02,593.85,80077301
2015-01-22,593.9,599.87,593.09,599.32,90991467
2015-01-23,599.31,604.52,599.31,603.28,105999170
2015-01-26,602.78,604.06,595.14,603.35,89647255
2015-01-27,603.35,605.04,595.9,597.43,89268902
2015-01-28,597.55,604.17,597.55,599.2,83932476
2015-01-29,599.15,599.25,594.43,596.59,72194438
2015-01-30,597.01,600.26,593.82,596.19,92713138
2015-02-02,596.39,604.4,594.69,601.8,101238265
2015-02-03,601.82,614.67,601.82,614.67,139258943
2015-02-04,614.47,615.86,602.86,605.51,198062714
2015-02-05,605.51,613.94,602.21,612.31,127927679
2015-02-06,612.31,616.17,609.83,615.71,102069784
2015-02-09,615.73,618.21,611.83,617.58,89850102
2015-02-10,617.56,618.88,612.57,615.17,98742460
2015-02-11,615.16,620.56,603.44,603.51,124855151
2015-02-12,603.53,613.77,603.53,611.35,117793416
2015-02-13,611.35,616.73,609.92,616.66,138241735
2015-02-16,616.65,621.45,616.65,621.01,94588022
2015-02-17,621.0,622.62,615.81,616.39,108020957
2015-02-18,616.41,622.9,616.37,620.68,98767286
2015-02-19,620.68,621.26,613.14,614.52,97736238
2015-02-20,614.52,617.32,612.69,614.03,85505091
2015-02-23,614.03,619.62,611.25,613.57,86289976
2015-02-24,613.63,615.49,609.46,614.54,92441399
2015-02-25,614.54,617.91,611.92,617.47,92387688
2015-02-26,617.57,619.98,617.07,619.44,65991933
2015-02-27,619.45,619.68,613.24,615.64,99804212
2015-03-02,615.66,619.54,610.95,613.25,79593980
2015-03-03,613.63,617.73,613.42,616.92,79292321
2015-03-04,616.89,616.91,606.84,609.25,105019271
2015-03-05,609.25,616.85,609.25,616.6,83207517
2015-03-06,616.47,621.46,616.46,618.31,114705324
2015-03-09,618.3,618.42,613.05,614.26,102206680
2015-03-10,614.26,615.31,601.31,603.5,189734930
2015-03-11,603.5,609.29,603.26,608.66,92029338
2015-03-12,608.69,617.56,608.69,612.36,113907444
2015-03-13,612.4,616.04,610.09,611.47,117940435
2015-03-16,611.42,612.14,606.78,610.76,89359746
2015-03-17,610.78,615.53,610.43,611.49,87840522
2015-03-18,611.49,617.71,611.49,617.61,87254484
2015-03-19,617.7,622.91,612.42,614.01,103189933
2015-03-20,614.0,623.19,613.19,623.16,145310063
2015-03-23,623.14,624.01,618.76,622.37,117761605
2015-03-24,622.3,622.81,618.16,620.95,80768485
2015-03-25,620.95,620.98,615.03,616.57,100837677
2015-03-26,616.68,619.04,608.42,611.36,102311185
2015-03-27,611.36,616.63,611.36,616.47,86997056
2015-03-30,616.48,621.18,616.11,619.54,56247714
2015-03-31,619.56,623.31,616.28,619.2,72936845
2015-04-01,619.2,623.41,615.31,622.16,39676043
2015-04-07,622.85,645.02,622.4,644.8,100371925
2015-04-08,644.8,648.62,641.76,642.83,93026284
2015-04-09,642.83,646.3,639.55,645.01,87222886
2015-04-10,645.05,656.39,645.05,656.31,101754488
2015-04-13,656.32,658.89,654.48,656.92,91514157
2015-04-14,656.92,659.73,653.18,656.32,68283308
2015-04-15,656.47,661.34,656.44,661.32,106573426
2015-04-16,661.41,666.68,659.66,660.01,99617115
2015-04-17,659.97,660.14,649.43,651.17,67824730
2015-04-20,650.96,654.73,649.48,651.41,61176679
2015-04-21,651.42,656.73,651.42,655.05,75233392
2015-04-22,655.04,655.08,645.01,646.01,80520874
2015-04-23,646.01,651.46,640.91,651.08,115767536
2015-04-24,651.08,654.5,648.06,651.37,81504998
2015-04-27,651.37,652.8,645.18,652.08,70179769
2015-04-28,652.05,652.05,644.49,644.85,82408844
2015-04-29,644.85,646.49,631.93,632.17,122597306
2015-04-30,632.17,640.54,631.87,639.36,113748191
2015-05-04,639.35,649.29,639.3,647.92,96328182
2015-05-05,647.92,650.23,644.06,648.98,108515680
2015-05-06,648.98,654.1,645.04,645.96,213373247
2015-05-07,645.93,646.89,640.22,640.98,195483778
2015-05-08,640.96,648.69,640.95,648.05,115735255
2015-05-11,648.07,655.85,648.07,654.32,99304023
2015-05-12,654.31,654.31,647.43,651.27,108123523
2015-05-13,651.27,659.98,651.27,657.93,102122265
2015-05-15,657.96,660.12,653.34,653.64,66373316
2015-05-18,653.7,657.57,651.7,653.08,81818016
2015-05-19,653.08,656.71,649.93,651.0,77602759
2015-05-20,651.02,652.11,648.03,651.05,105461469
2015-05-21,650.73,652.98,649.98,652.93,140725055
2015-05-22,652.93,656.71,649.23,652.43,80357887
2015-05-26,652.43,652.48,643.05,643.29,96618274
2015-05-27,643.3,646.95,640.9,646.45,70543473
2015-05-28,646.56,647.61,640.69,645.41,78934706
2015-05-29,645.56,647.28,642.13,645.68,92033650
2015-06-01,645.67,660.47,639.23,645.14,70411328
2015-06-02,645.07,650.58,641.39,650.58,105648872
2015-06-03,650.56,656.59,649.54,655.34,83343833
2015-06-04,654.96,654.96,647.43,649.28,59517874
2015-06-05,649.09,651.31,643.14,650.06,74486143
2015-06-08,650.08,651.7,647.08,651.7,87458789
2015-06-09,651.7,651.7,640.27,643.53,90714180
2015-06-10,643.51,644.28,641.23,643.68,66878233
2015-06-11,643.64,649.21,643.48,645.98,73127814
2015-06-12,645.96,645.96,636.55,636.55,81015247
2015-06-15,636.3,636.3,627.11,627.37,66961935
2015-06-16,627.4,628.95,620.9,628.62,71895519
2015-06-17,628.65,632.48,628.65,631.61,75777500
2015-06-18,631.52,631.58,625.07,628.62,99976229
2015-06-19,628.64,632.23,627.2,632.23,130605289
2015-06-22,632.23,640.01,632.2,639.81,63545231
2015-06-23,639.94,644.58,639.38,643.82,77483369
2015-06-24,643.82,647.4,643.46,646.59,59059297
2015-06-25,646.44,648.01,641.87,643.55,85971608
2015-06-26,643.57,644.43,637.72,642.6,77825258
2015-06-29,642.44,642.44,624.15,631.39,69204103
2015-06-30,631.1,631.22,624.67,629.11,74820144
2015-07-01,630.37,636.17,629.82,629.82,81205501
2015-07-02,629.91,633.18,629.08,632.52,64042702
2015-07-03,632.39,632.46,626.27,627.8,45085539
2015-07-06,627.59,627.59,619.4,620.33,50918755
2015-07-07,620.33,620.81,615.44,615.76,70379918
2015-07-08,615.81,619.73,613.52,618.1,86155180
2015-07-09,618.08,628.35,617.98,626.58,107153498
2015-07-10,627.33,638.64,627.33,634.87,95541263
2015-07-13,634.87,642.54,634.85,639.2,86913563
2015-07-14,639.1,644.08,636.44,644.04,70244770
2015-07-15,644.33,648.9,643.68,646.42,64071035
2015-07-16,647.05,651.43,646.64,649.66,183984146
2015-07-17,649.7,654.51,648.18,649.05,123593963
2015-07-20,649.0,655.49,647.62,648.56,87347358
2015-07-21,648.56,652.24,648.24,650.91,87347511
2015-07-22,650.93,650.93,643.67,644.57,77154430
2015-07-23,644.57,648.17,643.87,645.59,75478339
2015-07-24,645.64,646.18,641.8,641.81,51735448
2015-07-27,641.65,641.65,626.65,626.66,69641115
2015-07-28,626.68,632.98,626.68,628.52,69403896
2015-07-29,628.62,638.42,628.62,638.42,89906987
2015-07-30,638.52,644.46,638.52,641.78,86290851
2015-07-31,641.78,642.33,635.95,638.93,101257779
2015-08-03,638.92,643.18,637.67,639.73,97538823
2015-08-04,639.73,640.02,636.12,638.68,145212140
2015-08-05,638.93,644.79,638.69,644.06,115666926
2015-08-06,644.06,644.18,635.33,635.48,119909080
2015-08-07,635.53,639.92,635.52,636.2,79613034
2015-08-10,636.19,636.22,629.95,635.16,67910965
2015-08-11,635.16,638.03,624.6,624.84,90677722
2015-08-12,624.84,624.84,615.01,617.59,85381498
2015-08-13,617.98,625.64,617.98,620.98,83628832
2015-08-14,620.98,621.08,611.83,612.66,90766128
2015-08-17,612.63,617.14,611.22,612.6,82011264
2015-08-18,612.57,614.43,610.73,612.69,86274161
2015-08-19,612.71,612.75,606.1,606.43,74867401
2015-08-20,606.41,606.41,595.59,595.59,118221590
2015-08-21,595.57,595.57,583.6,585.64,104664914
2015-08-24,585.61,585.61,540.76,555.25,175647367
2015-08-25,555.24,576.98,555.18,570.99,140319137
2015-08-26,571.03,583.27,559.37,575.38,121367132
2015-08-27,576.02,588.66,576.02,586.17,125439403
2015-08-28,586.2,596.78,585.31,593.4,111956967
2015-08-31,593.16,594.15,587.65,594.1,75336752
2015-09-01,594.08,595.44,581.71,582.59,111662818
2015-09-02,582.59,588.14,577.78,582.21,97445778
2015-09-03,582.3,597.19,582.3,597.13,135463426
2015-09-04,596.95,596.95,582.21,582.23,107418715
2015-09-07,582.62,587.95,579.77,580.17,69853014
2015-09-08,580.17,592.5,580.17,590.26,79284925
2015-09-09,590.28,600.37,590.28,597.22,150062124
2015-09-10,597.24,597.24,584.16,585.23,130847023
2015-09-11,585.23,586.5,577.91,579.01,117413862
2015-09-14,579.02,582.23,572.78,574.89,74445293
2015-09-15,574.93,578.66,571.01,578.66,102131362
2015-09-16,578.71,588.05,578.71,587.73,119714382
2015-09-17,588.11,593.33,588.11,592.54,75637560
2015-09-18,592.56,592.56,582.29,584.33,130888615
2015-09-21,584.34,590.34,582.83,587.12,73129930
2015-09-22,587.11,587.68,576.14,579.29,141203295
2015-09-23,579.29,580.69,575.43,575.43,76118139
2015-09-24,575.48,578.77,566.24,566.67,119721894
2015-09-25,566.69,581.66,566.69,579.94,78047011
2015-09-28,579.68,581.22,570.49,570.53,80640029
2015-09-29,570.53,574.23,562.58,571.29,95357805
2015-09-30,571.33,581.88,571.33,581.79,109875393
2015-10-01,581.79,590.28,581.79,586.11,104058216
2015-10-02,586.1,590.27,579.96,581.48,90339358
2015-10-05,581.92,601.3,581.92,601.3,89245731
2015-10-06,601.35,614.76,599.36,613.01,91115752
2015-10-07,613.05,623.13,612.38,622.98,111445776
2015-10-08,622.94,622.94,611.32,614.66,97888312
2015-10-09,614.71,624.41,614.71,618.81,105688935
2015-10-12,618.81,622.02,611.74,612.86,77982073
2015-10-13,612.95,612.98,606.4,609.89,88985818
2015-10-14,609.89,611.18,605.29,608.0,70397239
2015-10-15,608.0,615.09,606.99,615.09,75777139
2015-10-16,615.15,619.93,614.02,614.02,73323002
2015-10-19,614.01,618.55,610.84,613.86,130310117
2015-10-20,613.27,613.89,608.41,613.33,72198971
2015-10-21,613.3,616.62,608.95,614.71,72407133
2015-10-22,614.71,615.63,608.07,615.63,79342556
2015-10-23,615.63,627.72,615.62,623.82,77077296
2015-10-26,623.83,628.61,621.32,623.53,74691083
2015-10-27,623.53,623.63,614.81,616.05,73859794
2015-10-28,616.05,624.12,612.48,622.76,96738820
2015-10-29,622.76,622.85,613.8,615.49,67944548
2015-10-30,614.98,620.35,613.13,615.24,69160034
2015-11-02,615.23,618.43,614.06,617.92,69363735
2015-11-03,617.93,623.62,617.35,623.61,75258477
2015-11-04,624.15,635.64,623.98,633.77,123317990
2015-11-05,633.9,634.24,627.87,628.63,73819276
2015-11-06,628.54,631.45,626.28,626.89,66663132
2015-11-09,626.91,632.77,626.81,628.52,86194939
2015-11-10,628.47,628.52,621.7,624.04,85627989
2015-11-11,623.98,627.69,623.49,623.52,73718526
2015-11-12,623.5,623.5,611.44,611.5,97946088
2015-11-13,611.28,616.41,608.04,608.87,66773441
2015-11-16,608.88,615.67,605.31,613.11,70892953
2015-11-17,613.23,623.21,613.19,622.06,65904097
2015-11-18,622.06,628.22,619.39,627.12,102427396
2015-11-19,627.18,633.98,627.17,628.15,85339060
2015-11-20,628.2,629.25,625.04,625.81,62049923
2015-11-23,625.8,630.33,620.97,624.96,94490699
2015-11-24,624.97,625.83,618.82,624.85,77183137
2015-11-25,624.86,627.92,622.42,624.49,70265747
2015-11-26,624.88,629.41,624.61,628.28,65495108
2015-11-27,628.35,628.48,623.35,625.42,60460267
2015-11-30,625.42,629.89,623.54,628.76,170391591
2015-12-01,628.78,633.39,628.4,632.46,97868911
2015-12-02,632.27,634.25,630.04,632.59,100021198
2015-12-03,632.59,635.85,623.56,623.56,109269464
2015-12-04,623.57,625.87,613.61,614.63,112943196
2015-12-07,614.73,621.57,614.73,617.0,105310193
2015-12-08,616.96,617.03,604.56,607.17,129154379
2015-12-09,607.25,611.4,601.31,610.95,108733824
2015-12-10,610.94,610.94,602.33,604.35,83223306
2015-12-11,604.4,605.43,594.65,594.81,81169285
2015-12-14,594.78,597.54,584.72,585.42,121164086
2015-12-15,585.47,602.01,585.47,601.94,92464000
2015-12-16,601.7,604.97,596.33,603.81,95222418
2015-12-17,603.87,609.02,600.11,600.85,128242450
2015-12-18,600.87,600.88,588.27,590.14,210676111
2015-12-21,590.15,594.55,584.16,591.14,119667131
2015-12-22,591.04,592.51,585.82,589.9,86205077
2015-12-23,590.08,605.47,590.08,605.26,88869913
2015-12-28,605.36,608.95,601.37,602.16,54196827
2015-12-29,602.2,609.82,601.65,609.48,50162570
2015-12-30,609.48,612.13,607.9,610.26,56618658
2016-01-04,610.26,610.26,596.66,600.61,89791363
2016-01-05,600.61,603.76,590.25,590.27,117998248
2016-01-06,590.29,591.38,579.1,581.75,105911018
2016-01-07,581.77,581.77,556.24,565.38,135623592
2016-01-08,565.4,573.33,562.61,563.75,101385433
2016-01-11,563.68,563.68,553.05,554.77,101385467
2016-01-12,554.77,560.76,544.58,554.51,127588616
2016-01-13,554.58,563.49,554.58,556.81,99589690
2016-01-14,556.77,556.77,536.15,542.17,132018762
2016-01-15,542.19,545.33,527.42,535.64,127149650
2016-01-18,535.64,537.25,527.55,528.47,114123320
2016-01-19,528.57,544.96,528.57,543.68,118331412
2016-01-20,543.69,543.69,517.96,518.05,132435214
2016-01-21,517.17,533.01,517.17,530.64,135860651
2016-01-22,530.65,552.62,530.65,552.62,124045365
2016-01-25,552.66,555.31,543.65,547.07,87179366
2016-01-26,547.01,551.02,533.64,551.02,93354251
2016-01-27,550.99,551.74,542.84,547.12,91696713
2016-01-28,547.12,560.44,547.07,552.32,123293314
2016-01-29,553.99,560.98,551.53,560.93,114651527
2016-02-01,560.97,563.0,554.04,556.7,113954744
2016-02-02,555.77,556.04,539.46,539.46,103442815
2016-02-03,539.48,549.56,538.85,540.47,99153896
2016-02-04,540.53,554.47,540.53,552.22,123982462
2016-02-05,552.23,563.6,550.71,560.74,125371418
2016-02-08,560.74,562.86,536.06,536.1,259727794
2016-02-09,536.12,540.6,527.28,531.48,148152998
2016-02-10,531.48,534.3,526.47,530.64,122789198
2016-02-11,530.59,530.59,513.31,515.23,111885729
2016-02-12,515.37,524.32,515.33,522.31,159365077
2016-02-15,522.64,539.83,522.64,539.15,141684734
2016-02-16,539.15,547.24,532.13,532.13,162192890
2016-02-17,532.13,554.82,532.03,554.82,158573245
2016-02-18,554.82,563.75,554.17,557.74,141427758
2016-02-19,557.66,557.99,548.91,550.24,159981899
2016-02-22,550.47,564.68,550.47,564.66,113245427
2016-02-23,564.89,566.09,559.55,561.78,111933523
2016-02-24,561.78,561.81,545.12,545.34,122126405
2016-02-25,545.39,558.46,545.39,556.45,102451607
2016-02-26,556.83,568.42,556.83,566.34,152968563
2016-02-29,566.32,572.5,562.85,572.5,171137736
2016-03-01,572.49,579.41,572.03,574.92,132130849
2016-03-02,575.03,581.11,568.64,571.13,134345622
2016-03-03,571.15,578.41,570.99,576.36,95653720
2016-03-04,576.58,588.05,576.56,588.05,114862726
2016-03-07,588.05,594.87,578.34,585.46,145718606
2016-03-08,585.46,590.31,580.88,586.15,166460871
2016-03-09,586.14,586.37,580.39,583.04,138894040
2016-03-10,583.19,591.29,579.29,582.35,148445299
2016-03-11,582.34,586.74,581.8,585.03,129871105
2016-03-14,585.03,590.79,583.78,589.54,91958491
2016-03-15,589.52,589.52,580.98,582.78,108504861
2016-03-16,582.79,586.3,581.96,586.0,82236149
2016-03-17,586.04,590.73,579.31,585.78,98828643
2016-03-18,585.79,591.25,583.04,590.28,171100924
2016-03-21,590.29,591.15,585.15,588.42,136879924
2016-03-22,588.22,589.86,583.04,589.0,107445199
2016-03-23,589.0,590.23,586.21,586.23,47752423
2016-03-29,586.2,587.63,569.51,569.75,150007158
2016-03-30,569.75,585.22,569.75,585.12,134692569
2016-03-31,585.12,585.15,575.77,577.75,112309654
2016-04-01,577.67,577.68,566.69,569.79,102513820
2016-04-04,569.79,572.05,565.19,566.85,88758266
2016-04-05,566.85,566.85,557.64,559.84,94448433
2016-04-06,559.79,564.93,559.74,562.89,104845665
2016-04-07,562.91,568.12,559.82,560.43,98970587
2016-04-08,560.43,566.76,559.36,566.24,94581367
2016-04-11,566.31,572.72,563.83,571.67,79352944
2016-04-12,571.68,576.05,571.51,574.34,139609883
2016-04-13,576.0,588.95,575.93,588.95,127536175
2016-04-14,588.99,591.92,584.05,589.14,126229685
2016-04-15,589.15,590.45,583.86,584.72,115499660
2016-04-18,584.72,585.46,573.64,585.46,99550196
2016-04-19,585.45,595.93,585.45,595.92,115011300
2016-04-20,595.92,601.13,592.22,597.27,125274834
2016-04-21,597.27,605.52,597.27,599.06,127173379
2016-04-22,599.04,599.16,591.8,595.23,85478093
2016-04-25,595.27,596.4,591.64,592.22,143207878
2016-04-26,592.48,596.93,592.48,594.86,100203802
2016-04-27,594.8,606.65,594.8,606.32,178684101
2016-04-28,606.3,612.0,603.79,610.96,123959141
2016-04-29,610.96,611.97,603.91,606.28,115153008
2016-05-02,606.28,606.68,600.11,601.41,78849381
2016-05-03,601.33,603.17,591.6,592.6,155351600
2016-05-04,592.6,596.76,590.73,595.61,199666899
2016-05-06,595.6,597.16,589.54,595.94,124130523
2016-05-09,595.94,599.49,592.88,593.58,138459622
2016-05-10,593.59,598.51,592.36,594.19,114483784
2016-05-11,594.19,599.25,594.19,599.02,105299994
2016-05-12,599.07,607.41,598.85,600.43,117786340
2016-05-13,600.44,601.62,596.32,597.31,94676205
2016-05-18,597.31,605.37,597.29,605.35,125178846
2016-05-19,605.35,605.71,594.65,594.65,120901966
2016-05-20,594.78,605.46,594.78,605.06,152474223
2016-05-23,605.07,607.92,602.14,605.38,128065494
2016-05-24,605.4,610.77,602.44,610.77,195696042
2016-05-25,611.31,619.62,611.31,619.62,116631704
2016-05-26,619.62,622.3,616.25,622.25,101955937
2016-05-27,622.26,622.26,616.78,618.82,88897471
2016-05-30,618.85,623.76,618.85,622.89,54973954
2016-05-31,622.89,624.05,617.05,617.31,123187718
2016-06-01,617.31,617.38,610.8,611.63,95450412
2016-06-02,611.63,616.48,610.02,611.31,72106897
2016-06-03,611.32,615.7,609.26,609.26,120193996
2016-06-06,609.26,615.11,609.26,615.11,118427175
2016-06-07,615.12,621.8,614.98,621.8,90707841
2016-06-08,621.83,624.41,618.97,622.7,101408500
2016-06-09,622.7,622.9,612.03,612.54,110194008
2016-06-10,612.54,612.65,603.82,604.78,119953467
2016-06-13,604.76,604.76,593.07,595.78,126941390
2016-06-14,595.78,595.78,587.34,587.34,111102693
2016-06-15,587.35,593.49,587.24,590.13,86869315
2016-06-16,589.98,589.98,574.99,575.25,147785935
2016-06-17,575.26,592.39,575.26,590.87,134940099
2016-06-20,591.04,605.38,591.04,603.76,79465539
2016-06-21,603.78,604.42,600.32,603.19,76149311
2016-06-22,603.16,608.4,602.81,606.92,89338960
2016-06-23,606.99,615.07,606.18,610.94,90923047
2016-06-24,609.1,609.1,573.35,592.16,157866786
2016-06-27,591.89,592.02,572.97,573.01,125766415
2016-06-28,573.35,588.7,573.35,587.35,100002663
2016-06-29,588.04,600.0,587.72,599.68,98652864
2016-06-30,599.73,605.87,597.79,602.86,97982021
2016-07-01,602.86,611.58,602.78,611.57,74524125
2016-07-04,611.57,615.35,608.59,608.59,78315480
2016-07-05,608.6,608.6,596.38,597.29,63839815
2016-07-06,597.29,602.56,592.13,592.22,90768402
2016-07-07,592.21,608.17,592.14,608.08,109260001
2016-07-08,608.08,610.57,600.96,610.32,99995059
2016-07-11,610.31,620.89,610.31,620.06,86824017
2016-07-12,620.05,620.3,614.07,617.29,97215896
2016-07-13,617.3,620.35,614.54,619.49,74990728
2016-07-14,619.48,623.35,618.19,621.05,123167822
2016-07-15,620.68,623.31,618.88,622.36,68333270
2016-07-18,620.85,623.08,618.35,619.31,71718002
2016-07-19,619.44,625.5,619.37,624.9,68778118
2016-07-20,624.9,627.29,623.27,624.58,83013539
2016-07-21,624.61,632.62,624.61,631.73,157335153
2016-07-22,631.73,631.78,624.88,625.25,107041379
2016-07-25,625.56,627.53,618.54,618.56,59984198
2016-07-26,618.56,620.4,615.88,620.3,47330554
2016-07-27,620.3,623.5,615.0,623.08,54143325
2016-07-28,623.09,623.1,615.52,615.63,59239032
2016-07-29,615.64,617.25,612.26,612.63,69372080
2016-08-01,612.63,618.88,608.68,610.55,66730907
2016-08-02,610.48,610.48,603.79,604.73,68921217
2016-08-03,604.71,604.98,599.52,601.45,75608076
2016-08-04,601.69,609.83,601.67,608.22,67076927
2016-08-05,608.2,613.02,608.15,612.78,62518741
2016-08-08,612.78,615.35,612.76,614.8,73023327
2016-08-09,614.81,622.81,613.24,622.81,91713595
2016-08-10,622.09,622.47,618.07,619.96,108311695
2016-08-11,619.96,621.37,616.92,621.37,74638041
2016-08-12,621.37,626.02,620.68,621.25,89731316
2016-08-15,621.25,622.56,617.54,619.06,77520549
2016-08-16,619.06,620.11,615.42,617.73,82113867
2016-08-17,617.63,618.95,606.92,606.95,84868878
2016-08-18,608.57,612.87,606.87,609.64,84023966
2016-08-19,609.64,613.98,609.49,612.53,79017782
2016-08-22,612.58,614.85,609.76,612.41,85226038
2016-08-23,612.4,618.35,611.34,618.02,118746603
2016-08-24,618.02,621.06,615.68,619.28,126346423
2016-08-25,619.07,619.42,613.43,616.68,70616313
2016-08-26,616.72,618.41,614.08,618.41,52673484
2016-08-29,618.29,618.5,613.58,616.68,84335936
2016-08-30,616.68,623.09,616.44,622.09,83961094
2016-08-31,622.13,622.15,618.68,618.93,114387027
2016-09-01,618.93,621.2,615.6,616.28,94272741
2016-09-02,616.26,623.32,614.29,623.11,83159275
2016-09-05,623.33,629.33,623.31,627.05,164207946
2016-09-06,627.05,628.1,622.39,622.41,99971376
2016-09-07,622.47,626.41,622.47,626.4,108640108
2016-09-08,626.44,630.24,624.07,624.93,123619294
2016-09-09,625.04,627.0,618.86,619.53,149724010
2016-09-12,619.53,619.53,602.65,608.49,105268188
2016-09-13,608.47,611.72,602.62,603.1,78619710
2016-09-14,603.11,606.26,600.92,602.58,92495029
2016-09-15,601.75,601.75,596.72,596.82,125824294
2016-09-16,596.82,602.43,596.79,601.25,114081695
2016-09-19,601.36,607.57,601.3,607.36,84037674
2016-09-20,607.36,609.61,604.65,609.16,99330113
2016-09-21,609.2,612.8,608.01,610.06,85700959
2016-09-22,610.08,621.12,610.08,618.32,151053042
2016-09-23,618.34,618.34,613.72,617.79,238882725
2016-09-26,617.73,617.73,608.43,609.04,131843683
2016-09-27,609.05,611.6,602.13,604.79,126854275
2016-09-28,604.79,610.44,604.79,609.43,80209261
2016-09-29,609.6,623.08,609.6,623.08,127762931
2016-09-30,623.01,623.15,614.47,622.69,178006506
2016-10-03,622.69,626.01,622.3,622.64,136032060
2016-10-04,622.64,630.85,622.64,630.85,154978545
2016-10-05,630.87,632.52,626.23,631.72,135619541
2016-10-06,631.8,634.01,630.0,633.17,119563369
2016-10-07,633.2,636.43,628.14,629.39,89446721
2016-10-10,629.39,639.55,629.19,639.55,103139360
2016-10-11,639.51,642.17,636.47,638.55,98695812
2016-10-12,638.55,640.04,635.06,635.09,97273128
2016-10-13,634.82,635.05,629.13,630.63,92538644
2016-10-14,630.58,637.52,630.58,637.52,88327504
2016-10-17,637.51,637.53,630.03,632.11,136294757
2016-10-18,632.05,635.4,631.34,633.7,103045002
2016-10-19,633.7,638.25,633.49,638.14,118298124
2016-10-20,638.14,641.76,636.48,638.31,121922465
2016-10-21,638.3,642.51,638.22,641.53,110320520
2016-10-24,641.72,644.88,640.91,642.04,109614233
2016-10-25,642.02,646.06,642.02,645.92,85326801
2016-10-26,645.92,646.12,633.41,633.44,99685786
2016-10-27,633.46,644.7,632.15,642.77,120437796
2016-10-28,642.73,643.65,638.13,642.24,90262353
2016-10-31,642.22,643.6,638.2,638.2,82549147
2016-11-01,638.21,643.52,637.3,639.6,82193018
2016-11-02,639.84,639.84,626.67,626.7,206571337
2016-11-03,626.7,632.34,626.67,630.06,119899090
2016-11-04,630.1,631.54,623.86,625.9,117328645
2016-11-07,626.55,634.65,626.48,633.1,80151352
2016-11-08,633.12,637.85,632.83,635.45,78243793
2016-11-09,635.4,639.77,616.75,637.84,161645530
2016-11-10,637.86,648.24,637.83,645.99,114633497
2016-11-11,646.0,648.75,638.38,640.28,93632397
2016-11-14,640.28,644.85,636.32,638.83,78208201
2016-11-15,638.83,646.72,638.83,646.6,95521193
2016-11-16,646.6,649.43,643.1,645.25,140325830
2016-11-17,645.25,648.97,644.86,647.8,121233465
2016-11-18,647.81,649.38,644.44,647.68,95428840
2016-11-21,647.68,653.83,647.68,653.38,71923804
2016-11-22,653.43,658.33,653.38,657.06,94053108
2016-11-23,657.04,660.3,654.12,656.96,93204745
2016-11-24,656.96,659.55,656.53,658.55,80553680
2016-11-25,657.92,659.77,657.53,658.44,75912431
2016-11-28,658.45,658.5,651.48,654.86,68137150
2016-11-29,654.09,656.95,648.85,649.8,71698569
2016-11-30,649.81,660.51,647.66,656.63,149436181
2016-12-01,656.7,663.07,656.32,662.79,92396177
2016-12-02,662.81,663.01,656.06,657.55,98492452
2016-12-05,657.56,664.63,657.02,663.65,96130378
2016-12-06,663.58,664.13,661.67,663.1,171761540
2016-12-07,663.11,669.47,663.07,669.47,142410764
2016-12-08,669.37,677.86,669.23,677.86,173391450
2016-12-09,677.8,683.11,676.13,683.03,102282409
2016-12-12,683.06,692.27,683.05,686.1,113949404
2016-12-13,686.08,686.08,681.03,683.53,97300914
2016-12-14,683.55,683.55,679.1,680.92,108948125
2016-12-15,680.92,682.03,674.48,675.27,115628410
2016-12-16,675.27,682.15,675.12,680.37,133088349
2016-12-19,680.37,681.26,678.63,678.69,109637235
2016-12-20,678.75,680.25,674.81,678.1,130560153
2016-12-21,678.14,680.11,675.61,675.61,141352223
2016-12-22,675.61,678.04,674.03,678.04,71815602
2016-12-23,678.15,679.86,677.6,679.74,47593877
2016-12-27,679.75,684.69,679.49,683.65,35587021
2016-12-28,683.65,686.44,683.65,685.61,48158567
2016-12-29,685.61,686.45,682.67,686.36,42343119
2016-12-30,686.4,686.53,683.45,683.87,54994068
2017-01-02,683.87,691.6,683.87,691.51,58161867
2017-01-03,691.54,694.95,690.9,693.98,131395922
2017-01-04,693.93,694.33,690.34,692.13,87332340
2017-01-05,692.13,696.34,691.23,696.22,91909337
2017-01-06,696.22,696.6,692.57,694.57,164205377
2017-01-09,694.78,698.39,689.05,689.52,127705845
2017-01-10,689.56,691.95,687.36,690.24,117464193
2017-01-11,690.23,694.91,685.74,694.91,94589781
2017-01-12,694.84,696.1,690.98,692.93,209115222
2017-01-13,692.93,696.39,692.93,696.24,91270705
2017-01-16,696.25,696.62,690.96,691.5,64350773
2017-01-17,691.52,691.82,688.3,689.87,74225916
2017-01-18,689.89,695.39,689.87,693.25,83491174
2017-01-19,693.25,699.39,693.25,698.78,108743031
2017-01-20,698.83,701.77,698.24,700.85,116558459
2017-01-23,700.88,700.88,696.51,697.17,73232963
2017-01-24,697.17,701.98,696.81,701.48,113932834
2017-01-25,701.49,708.93,701.49,708.88,114815701
2017-01-26,708.88,711.21,706.24,709.47,81872685
2017-01-27,709.17,710.46,704.07,707.98,101581067
2017-01-30,708.08,708.17,697.92,698.0,83087026
2017-01-31,697.99,699.89,692.82,693.12,95941014
2017-02-01,693.12,702.99,692.97,701.78,72522864
2017-02-02,701.78,701.88,693.43,694.05,83113821
2017-02-03,694.05,702.36,694.05,702.0,80882145
2017-02-06,702.01,702.65,699.03,701.58,81190569
2017-02-07,701.58,702.23,696.6,701.53,69865316
2017-02-08,701.53,701.53,696.7,697.69,94351152
2017-02-09,697.69,699.69,690.06,694.51,82803314
2017-02-10,694.51,697.9,693.33,696.2,69911386
2017-02-13,696.24,702.99,696.22,702.92,97861298
2017-02-14,702.95,702.95,699.36,701.06,79462971
2017-02-15,701.06,702.95,694.07,694.35,114010504
2017-02-16,694.35,694.49,690.23,692.78,218534296
2017-02-17,692.71,692.71,684.87,687.63,113560635
2017-02-20,687.63,692.67,687.63,691.5,70051871
2017-02-21,691.51,699.59,690.28,699.59,75117323
2017-02-22,699.51,700.96,694.57,694.59,87322328
2017-02-23,694.72,698.02,693.19,693.29,70945693
2017-02-24,693.23,693.23,685.35,687.25,78519421
2017-02-27,687.22,690.6,686.85,687.73,59187101
2017-02-28,687.73,690.66,687.06,690.27,113103451
2017-03-01,690.26,696.89,690.26,696.84,117785837
2017-03-02,696.91,702.77,696.76,699.57,101362237
2017-03-03,699.59,699.6,690.95,691.95,124651159
2017-03-06,691.89,693.49,688.97,690.91,119717353
2017-03-07,690.76,694.42,689.71,692.93,75307281
2017-03-08,692.82,692.85,690.25,691.39,95808803
2017-03-09,691.39,691.39,684.41,689.51,84766246
2017-03-10,689.51,699.9,689.51,698.64,65777683
2017-03-13,698.66,700.57,696.82,700.15,68207112
2017-03-14,700.19,702.28,692.83,694.65,91219446
2017-03-15,694.63,699.32,694.57,697.62,89188570
2017-03-16,698.37,706.95,698.28,702.89,98831059
2017-03-17,702.89,706.39,702.53,703.89,144543319
2017-03-20,703.89,704.75,701.59,703.56,59509847
2017-03-21,703.57,708.54,702.23,702.96,85838682
2017-03-22,702.96,702.96,690.77,693.57,85617994
2017-03-23,693.61,694.58,690.51,693.96,71788585
2017-03-24,693.93,694.64,691.8,693.6,87585064
2017-03-27,693.57,693.57,677.65,679.76,94160875
2017-03-28,679.84,686.08,679.47,685.64,83143106
2017-03-29,685.64,690.72,684.69,686.39,112603917
2017-03-30,686.4,691.72,686.4,691.7,86157356
2017-03-31,691.72,692.6,685.5,687.85,83555395
2017-04-03,687.85,694.2,687.83,692.01,84324340
2017-04-04,692.01,692.09,685.57,687.04,83767591
2017-04-05,687.18,693.25,687.18,693.09,83589916
2017-04-06,693.13,693.35,684.13,691.98,83489240
2017-04-07,692.03,694.52,689.91,692.45,89701277
2017-04-10,692.62,694.49,691.97,694.49,56541975
2017-04-11,694.46,694.5,691.7,692.9,57953814
2017-04-12,692.99,697.49,692.99,696.87,31907508
2017-04-18,696.87,699.42,683.31,685.38,72997950
2017-04-19,685.34,685.46,681.06,682.45,67403884
2017-04-20,682.41,684.04,680.13,683.46,125062274
2017-04-21,683.39,686.41,681.38,683.02,82534057
2017-04-24,683.02,693.46,683.02,691.44,77188258
2017-04-25,691.5,698.52,691.5,698.52,75622807
2017-04-26,698.53,699.89,695.34,698.5,145708155
2017-04-27,698.48,701.36,696.66,698.73,113905588
2017-04-28,698.8,700.24,696.06,697.66,91339138
2017-05-02,697.69,704.89,696.94,704.89,92264421
2017-05-03,704.94,705.21,700.62,703.79,126536892
2017-05-04,703.8,708.87,699.06,699.97,93397873
2017-05-05,699.99,709.97,696.4,709.61,87768349
2017-05-08,709.62,712.95,707.03,712.95,75457787
2017-05-09,712.93,719.99,712.81,719.5,78534237
2017-05-10,719.51,720.27,716.58,719.18,83564987
2017-05-11,719.18,724.11,717.39,718.13,136976152
2017-05-12,718.13,722.58,718.11,721.14,69349185
2017-05-15,721.17,726.8,721.17,724.66,80954171
2017-05-16,724.81,728.33,723.12,728.29,84786603
2017-05-18,728.28,728.28,708.04,712.67,133438765
2017-05-19,712.67,722.84,712.67,722.7,69392967
2017-05-22,722.71,726.11,721.21,723.76,52641164
2017-05-23,723.82,723.92,719.49,721.49,51992162
2017-05-24,721.62,725.95,721.02,725.95,70587544
2017-05-26,725.87,725.91,716.73,718.74,63665666
2017-05-29,718.73,718.9,716.63,718.2,35536775
2017-05-30,718.01,719.64,713.87,718.32,62764708
2017-05-31,718.32,718.49,709.24,710.34,121149979
2017-06-01,710.34,715.18,710.34,713.19,71579309
2017-06-02,713.15,716.09,710.55,712.08,163960901
2017-06-06,712.08,712.1,705.37,709.37,71658959
2017-06-07,709.38,713.54,707.79,711.06,74689287
2017-06-08,711.06,711.18,703.0,704.95,77797373
2017-06-09,704.99,706.79,701.19,706.68,68688282
2017-06-12,706.68,711.98,704.47,711.91,68965619
2017-06-13,711.97,713.21,708.2,710.06,64294513
2017-06-14,710.05,713.01,707.88,708.31,99535664
2017-06-15,708.31,708.31,695.39,696.79,102257275
2017-06-16,696.82,700.48,696.74,699.16,102931501
2017-06-19,699.15,705.7,699.11,705.14,77117153
2017-06-20,705.12,708.98,703.5,704.07,79391870
2017-06-21,704.08,704.28,696.85,699.68,73052723
2017-06-22,699.64,699.68,691.72,693.74,64171936
2017-06-23,693.79,695.5,691.13,693.32,61493188
2017-06-26,693.37,698.28,693.02,693.17,52874254
2017-06-27,693.17,695.23,690.98,693.76,58619622
2017-06-28,693.76,698.87,690.8,698.87,68029795
2017-06-29,698.86,704.66,694.93,695.01,61021751
2017-06-30,695.35,699.07,693.74,698.58,66607246
2017-07-03,698.64,705.37,698.64,705.06,49362610
2017-07-04,705.08,708.29,704.15,707.52,44466277
2017-07-05,707.54,707.56,701.2,701.85,63372481
2017-07-06,701.93,706.03,699.98,701.8,72296277
2017-07-07,701.83,701.83,696.22,696.64,76842014
2017-07-10,696.7,702.33,696.7,702.25,56837776
2017-07-11,702.26,704.47,698.92,702.38,56495419
2017-07-12,702.38,716.81,701.69,716.81,112231969
2017-07-13,717.33,722.59,716.12,722.0,76053664
2017-07-14,722.0,723.06,719.09,721.22,59658699
2017-07-17,721.22,730.43,721.22,729.18,57372476
2017-07-18,729.14,730.05,725.18,725.89,59548922
2017-07-19,725.93,728.46,723.74,728.25,87327567
2017-07-20,728.26,735.15,728.12,734.09,141766252
2017-07-21,734.12,734.19,721.53,723.24,98655132
2017-07-24,723.23,724.41,720.18,723.05,58385189
2017-07-25,723.05,726.28,719.41,724.49,66037680
2017-07-26,724.64,733.43,724.54,732.54,78538907
2017-07-27,732.52,737.22,731.71,732.82,66169353
2017-07-28,732.82,734.42,727.71,734.42,67565376
2017-07-31,734.48,735.33,731.44,732.51,71927107
2017-08-01,732.53,738.51,732.25,737.36,105573558
2017-08-02,737.34,737.35,732.51,735.45,96522928
2017-08-03,735.48,736.98,732.21,736.06,77092854
2017-08-04,736.06,738.45,734.93,738.06,60216142
2017-08-07,738.07,742.57,737.99,742.37,67993586
2017-08-08,742.26,743.31,739.54,742.51,58415320
2017-08-09,742.27,744.36,738.52,741.54,73173554
2017-08-10,741.65,741.65,735.58,735.76,60543928
2017-08-11,735.75,735.76,725.4,727.8,76849064
2017-08-14,727.8,736.15,727.8,735.75,145860193
2017-08-15,735.77,735.96,729.62,730.54,110775862
2017-08-16,730.53,736.86,730.53,736.47,114590713
2017-08-17,736.46,736.49,726.71,726.71,86374252
2017-08-18,726.43,727.23,723.05,726.46,64287522
2017-08-21,726.5,731.7,724.71,725.72,58862128
2017-08-22,725.66,730.61,725.58,730.54,55388572
2017-08-23,730.54,731.78,728.23,729.16,72149669
2017-08-24,729.17,731.53,725.36,730.5,119403415
2017-08-25,730.64,732.32,728.04,730.42,109652379
2017-08-28,730.43,730.45,727.06,728.6,71797835
2017-08-29,728.6,728.6,718.03,723.18,93470879
2017-08-30,723.18,730.38,723.17,730.06,101737144
2017-08-31,729.95,740.27,729.36,739.87,108827994
2017-09-01,740.2,747.27,739.64,747.27,115297515
2017-09-04,747.19,747.19,742.44,745.87,66043592
2017-09-05,745.87,749.73,744.58,748.81,129318991
2017-09-06,748.8,748.8,742.41,745.41,159528763
2017-09-07,745.65,749.69,745.32,747.4,107045696
2017-09-08,747.41,748.4,743.97,745.42,109296776
2017-09-11,745.38,751.77,745.28,751.68,78363337
2017-09-12,751.69,756.57,751.62,756.34,133507146
2017-09-13,756.34,761.92,755.08,761.44,134770101
2017-09-14,761.47,763.47,759.51,762.71,128468650
2017-09-15,762.69,762.69,758.78,758.88,119161067
2017-09-18,758.93,764.89,758.93,762.49,94202414
2017-09-19,762.47,763.65,760.32,763.53,101819307
2017-09-20,763.53,765.73,762.87,765.38,111514159
2017-09-21,765.38,771.91,765.22,771.91,151930474
2017-09-22,771.91,773.75,769.1,773.22,82930368
2017-09-25,773.22,778.37,772.0,777.92,79041768
2017-09-26,777.96,778.97,772.95,773.96,102711105
2017-09-27,774.26,779.16,774.26,778.98,78542370
2017-09-28,778.98,782.9,778.29,782.6,86241768
2017-09-29,782.59,783.86,777.78,783.09,88320674
2017-10-02,783.06,787.54,782.58,784.71,99376528
2017-10-03,784.71,789.43,784.71,788.82,87411661
2017-10-04,788.82,789.07,783.55,783.95,82400599
2017-10-05,784.08,789.92,782.96,789.24,73001011
2017-10-06,789.22,790.6,783.55,784.79,90807127
2017-10-09,784.91,787.4,783.81,785.8,113828836
2017-10-10,785.8,789.7,784.08,788.03,70852584
2017-10-11,788.09,789.76,785.63,788.38,91203614
2017-10-12,788.3,791.27,785.83,790.39,64821952
2017-10-13,790.39,792.98,788.37,792.44,72730707
2017-10-16,792.4,793.76,790.87,790.87,105078411
2017-10-17,790.94,791.97,786.75,788.67,96616935
2017-10-18,788.71,789.62,786.28,788.08,94328566
2017-10-19,788.08,792.62,785.81,787.46,115441875
2017-10-20,787.7,794.97,787.59,794.88,91378184
2017-10-23,794.9,795.35,791.83,791.83,116520266
2017-10-24,791.83,792.63,789.06,790.87,125521425
2017-10-25,790.88,799.25,790.21,798.1,115714162
2017-10-26,798.1,799.56,791.2,795.49,82132371
2017-10-27,795.47,802.51,795.47,801.53,93848837
2017-10-30,801.53,809.86,799.62,809.85,193462175
2017-10-31,809.85,810.55,806.57,806.95,206468923
2017-11-01,807.09,816.26,807.08,815.41,160653889
2017-11-02,815.43,815.51,807.0,809.02,122795689
2017-11-03,809.01,816.2,808.94,815.85,80858473
2017-11-06,820.62,820.62,815.2,817.85,108998125
2017-11-07,818.0,821.45,818.0,819.4,112174859
2017-11-08,819.4,822.17,817.03,822.17,108997012
2017-11-09,822.13,822.19,808.93,811.19,127197156
2017-11-10,811.21,812.97,807.29,808.2,92211514
2017-11-13,808.2,810.0,801.23,805.95,71077534
2017-11-14,805.92,805.92,800.86,801.85,84424544
2017-11-15,801.73,801.76,793.64,795.02,95324134
2017-11-16,795.12,802.24,795.08,802.2,84170002
2017-11-17,802.22,803.6,794.77,796.14,72594122
2017-11-20,795.98,800.35,793.79,800.22,54448671
2017-11-21,800.22,808.48,799.58,808.46,72152940
2017-11-22,808.46,808.86,803.81,807.07,82460764
2017-11-23,807.06,807.17,801.2,803.95,102304555
2017-11-24,803.92,804.37,799.31,800.32,62425322
2017-11-27,800.32,801.32,792.91,792.93,78848699
2017-11-28,792.93,795.46,790.91,795.19,66662921
2017-11-29,795.03,799.39,794.96,797.18,69272307
2017-11-30,797.19,798.66,789.29,796.83,141451219
2017-12-01,796.78,798.65,791.25,798.41,110445478
2017-12-04,798.73,803.25,798.67,800.37,67504929
2017-12-05,800.41,800.41,791.33,792.07,92739583
2017-12-06,792.07,792.13,784.34,786.3,75430555
2017-12-07,786.31,787.83,781.73,782.59,101570875
2017-12-08,782.59,787.9,782.59,786.69,97577403
2017-12-11,786.69,792.01,784.87,791.88,88280676
2017-12-12,791.88,800.96,791.87,800.93,91985689
2017-12-13,800.93,801.67,798.13,798.13,89684126
2017-12-14,798.14,798.14,793.21,795.5,123292648
2017-12-15,795.53,797.67,789.94,790.76,110662680
2017-12-18,790.76,799.28,790.75,799.22,127134421
2017-12-19,799.22,803.94,798.74,800.35,137158511
2017-12-20,800.32,801.67,798.21,799.13,173679051
2017-12-21,799.15,807.93,799.06,807.93,209903867
2017-12-22,807.93,810.93,806.35,806.68,87356143
2017-12-27,806.67,815.01,806.67,815.01,87317613
2017-12-28,814.96,818.87,812.66,818.03,61402438
2017-12-29,818.05,819.66,814.44,814.45,58727773
2018-01-02,814.51,819.15,812.05,815.22,137168960
2018-01-03,815.23,819.1,815.23,817.59,137925491
2018-01-04,817.6,825.91,817.6,825.9,136465473
2018-01-05,825.9,832.69,825.58,832.67,144287604
2018-01-08,833.42,836.07,831.22,834.73,116078032
2018-01-09,834.76,843.74,834.51,840.64,111348536
2018-01-10,840.64,841.63,836.37,840.22,91975060
2018-01-11,840.22,841.65,835.68,839.04,96102543
2018-01-12,839.04,840.38,835.35,839.78,100344591
2018-01-15,839.78,843.39,837.33,839.79,91930265
2018-01-16,839.82,842.62,837.73,839.88,93959681
2018-01-17,839.88,839.89,833.1,835.05,114945084
2018-01-18,834.99,836.08,831.92,832.67,93897678
2018-01-19,832.76,836.66,829.49,835.33,104538102
2018-01-22,835.31,840.14,834.89,840.13,128900667
2018-01-23,840.16,843.49,837.67,839.47,124109804
2018-01-24,839.48,840.75,835.69,836.7,124000566
2018-01-25,836.71,837.05,827.04,828.67,97711134
2018-01-26,828.67,829.05,823.12,823.12,90552644
2018-01-29,823.24,827.12,817.67,817.67,90836366
2018-01-30,817.66,817.75,807.06,808.99,94923332
2018-01-31,808.39,816.86,808.32,811.01,89431239
2018-02-01,811.04,820.29,811.03,818.15,189697259
2018-02-02,818.17,821.56,808.14,809.86,146111966
2018-02-05,809.61,809.61,796.32,803.05,114879175
2018-02-06,802.97,802.97,770.76,784.79,219154570
2018-02-07,784.79,801.19,784.79,798.91,122888827
2018-02-08,798.91,800.74,792.63,796.85,145087395
2018-02-09,796.83,796.83,779.26,787.54,177864562
2018-02-12,787.49,801.36,787.49,798.4,191852772
2018-02-13,798.48,802.41,795.12,799.12,162973337
2018-02-14,799.14,803.37,787.83,794.49,145151692
2018-02-15,794.51,808.05,794.5,801.65,134378770
2018-02-16,801.68,809.95,801.67,809.9,105030014
2018-02-19,809.91,814.29,807.48,807.58,77338122
2018-02-20,807.63,810.42,805.59,809.96,82262469
2018-02-21,809.96,812.3,805.44,812.28,99577490
2018-02-22,812.23,814.08,802.79,812.39,120183373
2018-02-23,812.4,822.81,812.4,822.48,93056082
2018-02-26,822.42,827.81,819.92,820.08,92799229
2018-02-27,820.29,821.55,816.45,818.88,112666625
2018-02-28,818.89,821.14,813.39,819.77,83893970
2018-03-01,819.78,819.78,806.17,810.11,117724343
2018-03-02,809.99,809.99,793.95,793.98,139303055
2018-03-05,793.98,802.16,793.29,801.36,99191395
2018-03-06,801.63,816.73,801.63,816.73,102375705
2018-03-07,816.72,816.72,809.24,811.89,90730465
2018-03-08,811.89,816.4,810.89,815.38,82153733
2018-03-09,815.35,818.69,812.16,818.29,198947817
2018-03-12,818.61,822.85,816.68,817.31,101855891
2018-03-13,817.32,822.12,816.4,816.98,83195815
2018-03-14,816.98,819.19,810.63,810.63,72749662
2018-03-15,810.63,815.03,805.21,806.71,90171468
2018-03-16,806.72,807.35,803.07,806.72,134823544
2018-03-19,806.77,807.3,797.88,798.08,85252733
2018-03-20,798.1,803.17,797.39,802.48,76967672
2018-03-21,802.49,805.07,797.86,805.07,109002063
2018-03-22,805.07,805.07,794.32,795.08,102127889
2018-03-23,794.81,801.04,783.15,800.29,107884466
2018-03-26,800.27,803.11,797.94,798.85,66003245
2018-03-27,799.04,807.89,799.04,805.99,78576586
2018-03-28,805.93,805.95,796.82,805.32,72676156
2018-04-03,804.9,815.26,799.67,811.58,126789447
2018-04-04,811.54,814.99,795.42,800.7,102609528
2018-04-05,800.79,817.16,800.79,817.16,83842863
2018-04-06,817.16,817.16,809.79,813.47,84857732
2018-04-09,813.43,817.22,811.03,815.01,100853518
2018-04-10,815.13,829.85,815.09,829.83,123024372
2018-04-11,829.75,832.11,825.42,831.61,103252578
2018-04-12,831.61,835.15,829.27,834.42,105223314
2018-04-13,834.7,840.51,834.65,838.58,87683511
2018-04-16,838.54,839.13,832.22,836.17,71955686
2018-04-17,836.29,838.49,833.76,837.79,89921305
2018-04-18,837.81,851.91,837.29,849.31,129514204
2018-04-19,849.31,856.88,849.31,850.86,133315893
2018-04-20,851.04,852.01,845.53,846.17,113802710
2018-04-23,846.17,855.7,846.09,851.21,96988992
2018-04-24,851.24,857.05,849.96,852.36,89682820
2018-04-25,852.36,852.36,839.93,840.67,101320491
2018-04-26,840.63,864.4,840.5,863.02,164966481
2018-04-27,863.08,869.35,861.65,862.73,92381628
2018-04-30,862.72,862.86,856.17,859.96,153020680
2018-05-02,859.96,869.53,859.21,869.5,119851795
2018-05-03,869.54,870.39,864.18,864.56,108738886
2018-05-04,864.56,867.6,862.52,864.77,93355180
2018-05-07,864.85,873.67,864.36,873.66,67432786
2018-05-08,873.42,875.27,868.61,875.27,117281378
2018-05-09,875.26,882.19,874.84,878.57,112917086
2018-05-11,878.63,884.43,878.55,878.81,139765607
2018-05-14,878.82,880.02,873.18,876.05,76708256
2018-05-15,876.12,882.41,874.75,880.57,92601211
2018-05-16,880.56,885.15,877.95,883.89,107737781
2018-05-18,883.95,892.36,883.95,891.68,128874398
2018-05-22,891.96,895.43,886.13,888.21,109284570
2018-05-23,888.18,888.18,876.82,879.87,85969419
2018-05-24,879.89,882.99,872.36,873.29,79299519
2018-05-25,873.29,875.15,863.03,863.98,76033888
2018-05-28,863.95,873.99,860.76,868.46,66007667
2018-05-29,868.46,869.07,857.24,867.58,75759092
2018-05-30,867.46,872.63,862.46,870.62,94976684
2018-05-31,870.65,880.32,870.65,875.52,174130078
2018-06-01,875.73,883.44,875.59,880.53,96667710
2018-06-04,880.53,885.35,879.46,882.09,114243493
2018-06-05,882.82,884.81,877.76,879.0,110458129
2018-06-06,879.02,888.51,879.02,882.99,103122012
2018-06-07,882.99,892.83,882.99,892.05,146302916
2018-06-08,892.0,895.74,887.75,893.87,120959964
2018-06-11,894.2,900.64,894.2,899.91,110462324
2018-06-12,900.08,902.29,896.49,898.17,92416509
2018-06-13,898.17,900.57,895.22,896.0,85945163
2018-06-14,896.0,898.79,891.36,898.23,105705625
2018-06-15,898.22,898.81,891.87,895.41,179746272
2018-06-18,895.39,895.39,885.23,888.66,84030102
2018-06-19,888.6,888.6,881.43,884.99,72784395
2018-06-20,885.01,889.08,880.1,880.91,88786800
2018-06-21,880.98,882.72,871.39,871.57,74291317
2018-06-22,871.57,882.2,868.53,881.72,88492451
2018-06-25,881.71,882.25,869.57,869.62,85884289
2018-06-26,869.68,874.32,868.61,870.66,125259960
2018-06-27,870.66,883.86,868.45,882.52,102774626
2018-06-28,882.53,884.16,874.86,875.19,159394257
2018-06-29,875.22,884.23,875.22,879.14,180269698
2018-07-02,879.16,879.16,869.15,872.73,195051700
2018-07-03,872.73,880.58,872.21,877.98,198499606
2018-07-04,877.98,881.77,875.32,879.43,173002241
2018-07-05,879.45,886.32,878.21,883.39,102454636
2018-07-06,883.4,884.21,875.44,877.34,105279104
2018-07-09,877.38,888.81,877.38,888.66,88337661
2018-07-10,888.64,899.5,888.61,899.13,98455429
2018-07-11,899.13,899.14,887.48,891.04,79345013
2018-07-12,891.01,891.07,881.63,884.99,77025761
2018-07-13,884.92,886.45,872.86,874.36,75447328
2018-07-16,874.63,875.58,868.03,868.03,65008220
2018-07-17,867.95,877.34,866.59,871.47,70402489
2018-07-18,871.47,874.96,869.93,874.1,74324064
2018-07-19,874.11,877.56,870.49,875.7,130855880
2018-07-20,875.69,877.27,871.49,876.82,79728692
2018-07-23,876.82,882.0,875.08,878.3,65676031
2018-07-24,878.31,884.02,877.61,882.7,77642139
2018-07-25,882.72,885.95,881.39,885.2,73097572
2018-07-26,885.2,888.21,883.35,883.35,76484144
2018-07-27,883.35,892.82,883.35,892.82,73428665
2018-07-30,892.81,893.61,890.22,891.5,63676797
2018-07-31,891.39,897.93,891.26,896.4,124702909
2018-08-01,896.41,898.16,891.65,894.47,76331048
2018-08-02,894.5,894.64,888.04,892.46,73395259
2018-08-03,892.46,896.22,891.16,891.83,59977872
2018-08-06,891.84,896.93,891.57,892.64,51846497
2018-08-07,892.66,905.36,892.66,905.36,62469264
2018-08-08,905.36,907.59,903.54,906.86,75565820
2018-08-09,906.86,908.99,903.87,908.71,64842701
2018-08-10,908.71,908.71,897.56,898.23,67766612
2018-08-13,897.79,897.79,891.24,897.17,51386943
2018-08-14,897.17,899.56,895.61,895.81,63267561
2018-08-15,895.83,897.45,882.47,882.73,73015568
2018-08-16,882.72,891.03,882.72,887.97,77847698
2018-08-17,887.98,893.65,885.84,889.88,146369302
2018-08-20,889.81,903.03,889.81,902.33,109015492
2018-08-21,902.33,904.97,898.97,904.31,83189724
2018-08-22,904.28,907.27,897.05,906.99,100583945
2018-08-23,906.99,910.05,905.3,906.37,92947289
2018-08-24,906.28,909.19,902.72,907.41,82541116
2018-08-27,907.4,913.88,907.27,912.45,69913312
2018-08-28,912.45,916.77,911.74,914.51,91204147
2018-08-29,914.51,916.6,911.19,915.09,94317128
2018-08-30,915.08,915.75,908.89,912.41,73202793
2018-08-31,912.39,912.6,906.68,906.69,92899279
2018-09-03,906.63,911.62,905.94,908.59,88088992
2018-09-04,908.59,908.98,903.04,904.9,84868657
2018-09-05,904.89,904.91,897.45,897.91,101607849
2018-09-06,897.93,903.5,897.16,899.22,108036164
2018-09-07,898.93,901.33,887.55,892.97,93361628
2018-09-10,892.96,899.84,892.77,897.11,71372215
2018-09-11,897.07,900.43,895.96,899.96,76636234
2018-09-12,899.96,908.76,899.96,906.2,75702802
2018-09-13,906.17,909.31,905.54,905.82,168337060
2018-09-14,905.82,910.51,905.27,906.89,124576235
2018-09-17,906.8,910.79,904.3,910.02,96911262
2018-09-18,909.99,917.14,906.95,915.81,92803916
2018-09-19,915.78,917.92,912.19,913.02,104792004
2018-09-20,913.0,920.57,912.99,917.97,114077334
2018-09-21,917.99,925.29,917.97,923.94,211123095
2018-09-24,923.94,932.11,923.77,931.96,99828597
2018-09-25,931.99,946.43,931.98,946.43,122486428
2018-09-26,946.43,947.46,939.8,941.54,98624541
2018-09-27,941.54,943.81,937.63,941.6,103079291
2018-09-28,941.23,942.33,933.71,938.26,107264170
2018-10-01,938.27,945.35,938.27,942.11,108434160
2018-10-02,942.23,946.31,941.36,944.56,129795757
2018-10-03,944.59,948.48,938.93,940.3,126011478
2018-10-04,940.3,942.59,929.58,929.95,153406583
2018-10-05,929.96,935.38,926.25,927.22,139901513
2018-10-08,927.22,928.4,916.51,920.28,107861328
2018-10-09,920.33,927.7,918.28,923.91,142345549
2018-10-10,923.91,927.97,912.71,914.2,128192238
2018-10-11,914.15,914.15,880.31,890.91,197723263
2018-10-12,890.93,896.83,886.84,893.54,129899531
2018-10-15,893.55,900.64,890.2,893.81,88916718
2018-10-16,893.82,904.42,893.42,904.42,100508925
2018-10-17,904.46,913.17,902.62,903.39,137605562
2018-10-18,903.39,903.71,889.94,890.53,103768193
2018-10-19,890.52,901.99,887.42,900.55,115133524
2018-10-22,900.61,906.94,882.97,882.97,86378822
2018-10-23,882.94,882.97,863.77,863.83,132405485
2018-10-24,863.78,878.57,863.77,869.73,177534450
2018-10-25,869.68,874.92,850.99,873.48,228744931
2018-10-26,873.5,875.77,856.86,862.8,129698420
2018-10-29,862.8,881.87,862.8,875.78,98027455
2018-10-30,875.87,879.37,863.97,868.85,111213595
2018-10-31,869.06,891.21,869.06,889.66,141682277
2018-11-01,889.62,889.63,881.17,884.96,137834391
2018-11-02,884.95,895.71,884.95,889.02,106598376
2018-11-05,889.1,897.69,885.52,893.59,315263259
2018-11-06,893.8,895.5,886.93,890.91,181966377
2018-11-07,890.92,901.7,890.19,895.61,147086651
2018-11-08,895.61,900.74,891.5,892.49,129147445
2018-11-09,892.49,892.58,884.16,886.44,90697791
2018-11-12,886.48,892.64,885.44,886.62,78015634
2018-11-13,886.6,887.95,875.17,875.43,109525619
2018-11-14,875.43,876.72,865.1,871.08,118490625
2018-11-15,871.08,874.91,863.65,864.74,126848591
2018-11-16,864.77,877.85,864.77,872.61,107587216
2018-11-19,872.63,877.65,865.3,865.36,87483206
2018-11-20,865.36,865.98,838.79,841.26,130314616
2018-11-21,841.23,855.15,841.23,854.87,95480519
2018-11-22,854.98,856.65,848.62,849.04,61408109
2018-11-23,849.02,849.03,832.87,837.14,81187233
2018-11-26,837.14,853.21,837.14,852.84,70948347
2018-11-27,852.83,859.69,849.44,856.77,80661969
2018-11-28,856.77,860.91,850.06,854.46,91863747
2018-11-29,853.94,863.82,851.59,861.78,86357696
2018-11-30,861.8,863.77,855.37,860.98,183564023
2018-12-03,861.54,881.32,861.44,874.42,119686537
2018-12-04,874.39,876.93,868.84,870.0,80846295
2018-12-05,869.98,869.98,855.41,858.14,69061791
2018-12-06,857.92,857.94,825.96,825.96,104863328
2018-12-07,825.92,848.79,825.91,844.15,74461128
2018-12-10,844.12,844.12,821.73,823.61,71769502
2018-12-11,823.61,837.73,822.48,834.81,78318106
2018-12-12,834.85,845.17,834.85,844.6,75800872
2018-12-13,844.62,844.62,832.87,838.67,71295973
2018-12-14,838.2,838.23,828.65,830.76,94846202
2018-12-17,830.78,833.18,819.83,819.83,88359476
2018-12-18,819.76,820.01,803.0,816.65,116698736
2018-12-19,816.54,825.39,809.45,824.99,102566095
2018-12-20,823.73,823.98,801.46,804.24,100152715
2018-12-21,804.22,804.64,793.75,803.96,154929268
2018-12-27,804.02,810.37,783.58,783.61,83082355
2018-12-28,783.67,803.66,783.67,799.46,85460943
2019-01-02,799.48,803.9,786.54,803.42,86678867
2019-01-03,803.42,815.19,799.43,808.68,95749844
2019-01-04,810.42,829.67,809.84,829.67,150032487
2019-01-07,829.72,840.28,827.28,829.93,108011288
2019-01-08,829.52,838.41,828.17,836.4,110516430
2019-01-09,836.47,845.66,836.47,844.58,101008107
2019-01-10,844.09,845.68,834.21,841.66,88423702
2019-01-11,841.79,848.85,839.77,841.4,76251625
2019-01-14,841.36,841.4,831.54,836.72,69146544
2019-01-15,836.72,845.96,834.25,838.51,68829924
2019-01-16,838.55,844.71,836.06,840.21,74450973
2019-01-17,840.21,841.37,836.68,839.58,95918913
2019-01-18,839.7,853.94,838.53,853.84,107816982
2019-01-21,853.74,855.79,851.76,854.98,135790110
2019-01-22,854.99,854.99,846.56,846.94,94724287
2019-01-23,846.94,847.09,841.91,842.52,77193805
2019-01-24,842.66,843.32,834.17,839.36,94522796
2019-01-25,839.31,845.66,835.64,836.96,77842579
2019-01-28,837.0,837.34,826.26,828.11,78301694
2019-01-29,828.11,835.16,826.33,834.86,78567396
2019-01-30,835.36,838.18,831.06,834.73,81299371
2019-01-31,834.7,846.09,834.49,835.31,117121122
2019-02-01,835.29,838.24,834.56,837.32,69445313
2019-02-04,837.32,845.07,837.32,839.02,66434893
2019-02-05,839.0,853.65,839.0,853.64,69065574
2019-02-06,853.61,853.61,846.31,849.13,59522086
2019-02-07,849.14,851.27,844.02,846.87,111439053
2019-02-08,846.87,847.1,831.17,831.17,74261438
2019-02-11,831.2,841.7,831.19,836.27,60983769
2019-02-12,836.53,847.86,836.53,847.53,84105015
2019-02-13,847.53,859.13,847.08,859.13,70588005
2019-02-14,859.13,863.25,850.54,852.67,83811941
2019-02-15,852.57,866.21,852.0,865.5,71719908
2019-02-18,865.52,870.13,862.48,866.25,56360057
2019-02-19,866.22,867.57,862.46,864.73,74876974
2019-02-20,864.67,864.67,858.24,862.38,71599276
2019-02-21,862.39,871.43,862.29,867.44,156321223
2019-02-22,867.43,875.42,866.48,872.0,129499504
2019-02-25,872.01,881.29,872.01,875.01,116618159
2019-02-26,875.0,876.47,868.59,874.43,96209207
2019-02-27,874.46,876.15,870.67,870.71,72857199
2019-02-28,870.72,871.25,865.16,865.28,111603940
2019-03-01,865.36,870.93,865.36,866.56,99056404
2019-03-04,866.59,872.08,865.46,869.97,87985533
2019-03-05,869.98,872.66,867.53,870.6,80824014
2019-03-06,870.72,875.6,870.01,873.79,87571538
2019-03-07,873.95,875.21,866.76,867.83,75814469
2019-03-08,866.44,866.67,860.07,863.7,93160143
2019-03-11,863.72,867.92,859.23,863.84,92308401
2019-03-12,863.87,868.56,863.87,866.5,84637450
2019-03-13,866.52,874.03,864.68,874.0,78038039
2019-03-14,874.02,884.19,874.02,881.6,101720515
2019-03-15,881.6,882.28,877.62,880.4,112461766
2019-03-18,880.39,885.73,879.48,885.68,99669614
2019-03-19,885.71,893.65,885.67,890.03,72994975
2019-03-20,889.22,889.89,884.19,886.34,65824747
2019-03-21,886.34,889.15,883.47,888.69,92179674
2019-03-22,888.69,889.65,873.78,873.83,129878668
2019-03-25,873.76,873.76,864.03,865.4,89806282
2019-03-26,865.48,871.27,865.04,867.77,88178051
2019-03-27,867.65,872.41,863.47,867.21,103111031
2019-03-28,867.21,872.61,866.17,866.93,89511160
2019-03-29,867.15,873.03,863.11,863.11,86040048
2019-04-01,863.12,873.45,863.12,873.06,73124237
2019-04-02,873.13,879.78,873.13,879.14,68963823
2019-04-03,879.14,884.91,878.8,884.91,80005321
2019-04-04,884.91,885.19,878.13,879.86,72225965
2019-04-05,879.86,885.77,879.23,884.79,161149465
2019-04-08,884.8,890.25,883.14,890.24,117896635
2019-04-09,890.24,890.29,879.62,881.3,97500577
2019-04-10,881.31,887.22,880.73,884.94,404782405
2019-04-11,885.16,888.17,883.19,884.13,99144682
2019-04-12,884.14,889.89,881.96,885.29,138641956
2019-04-15,885.29,890.07,885.29,890.03,69550424
2019-04-16,890.03,894.09,887.63,889.19,79984999
2019-04-17,889.13,892.64,884.24,890.35,63701354
2019-04-23,890.5,897.0,890.14,894.29,111381925
2019-04-24,894.3,895.75,891.99,892.3,97019601
2019-04-25,892.41,892.94,885.43,885.65,90793532
2019-04-26,885.72,887.41,881.54,883.52,104295662
2019-04-29,883.52,886.54,881.23,883.84,99159517
2019-04-30,883.84,883.84,879.35,880.91,114919076
2019-05-02,880.83,880.85,872.6,876.46,119498945
2019-05-03,876.44,885.0,873.28,880.77,122336862
2019-05-06,880.76,880.76,866.45,873.51,122179937
2019-05-07,873.51,880.56,866.67,870.21,98010423
2019-05-08,870.21,876.17,867.25,871.79,153653212
2019-05-09,871.78,871.78,859.09,859.15,137446571
2019-05-10,859.18,871.66,859.18,870.98,336622020
2019-05-13,870.98,873.39,860.19,861.0,209368383
2019-05-14,860.93,864.74,857.73,864.4,142177853
2019-05-15,864.72,869.33,859.48,866.55,119518304
2019-05-16,866.59,882.49,866.57,882.49,122572796
2019-05-20,882.45,891.52,879.27,885.09,95639038
2019-05-21,885.09,891.35,885.09,889.76,74707224
2019-05-22,889.71,890.52,885.15,888.74,79616060
2019-05-23,888.75,888.77,869.09,869.11,93557180
2019-05-24,869.11,877.7,869.11,875.95,80478073
2019-05-27,875.96,878.78,872.26,876.47,77108233
2019-05-28,876.47,880.27,868.23,872.86,159885343
2019-05-29,872.86,872.86,850.52,853.12,123327769
2019-05-31,852.99,853.0,838.44,852.09,152888763
2019-06-03,852.01,863.15,842.59,863.15,94742605
2019-06-04,863.15,863.15,855.01,859.75,290515236
2019-06-05,859.76,865.96,859.15,861.09,129465047
2019-06-06,861.09,867.98,860.23,862.28,127555004
2019-06-07,862.28,870.61,862.28,868.84,120177623
2019-06-11,868.79,876.3,867.83,874.89,197097775
2019-06-12,874.8,874.8,858.84,859.85,136239614
2019-06-13,859.92,861.59,854.98,859.19,256000858
2019-06-14,859.19,863.02,853.91,861.17,116170156
2019-06-17,861.19,863.24,856.25,856.46,102812731
2019-06-18,856.46,868.05,854.54,866.63,99155797
2019-06-19,866.53,869.7,862.23,865.52,141846318
2019-06-20,865.58,873.48,865.58,870.51,107851782
2019-06-21,870.51,875.68,869.32,871.75,150380325
2019-06-24,871.81,879.21,868.99,869.52,78470740
2019-06-25,869.5,869.54,861.01,861.59,61132293
2019-06-26,861.61,866.68,860.65,860.73,80684785
2019-06-27,860.75,866.57,860.69,864.2,93450143
2019-06-28,864.2,866.69,862.96,864.63,145265232
2019-07-01,864.67,879.57,864.58,878.93,135078175
2019-07-02,878.93,880.28,875.16,877.45,110669257
2019-07-03,877.48,880.04,872.87,879.99,91063348
2019-07-04,879.99,889.1,879.99,888.56,99627912
2019-07-05,888.56,889.76,883.99,885.7,74826226
2019-07-08,885.7,892.97,885.7,891.17,84968959
2019-07-09,890.51,890.55,881.35,883.18,95103479
2019-07-10,882.99,884.81,881.36,883.08,86684930
2019-07-11,883.1,885.31,879.43,883.5,85717317
2019-07-12,883.5,885.64,878.78,881.77,61670283
2019-07-15,881.85,884.89,877.55,880.5,48551001
2019-07-16,880.49,880.69,871.38,874.11,51940654
2019-07-17,874.16,874.34,867.26,867.84,47378235
2019-07-18,867.84,867.84,859.59,861.89,55771004
2019-07-19,861.97,863.65,859.34,863.22,53007119
2019-07-22,863.21,867.82,863.12,865.27,54507017
2019-07-23,865.27,875.32,865.0,874.74,62013547
2019-07-24,874.74,877.28,869.57,871.88,53736573
2019-07-25,871.66,876.24,862.09,863.8,61902125
2019-07-26,863.81,870.45,862.14,867.4,45614740
2019-07-29,867.4,869.26,864.23,865.08,55896552
2019-07-30,865.08,865.68,851.98,852.4,62320898
2019-07-31,852.4,860.89,852.4,859.14,60740154
2019-08-01,859.04,864.95,854.82,863.26,55367690
2019-08-02,863.25,863.25,848.54,853.58,62370682
2019-08-05,853.56,853.56,832.4,834.21,64610604
2019-08-06,833.53,842.7,832.12,837.49,57999664
2019-08-07,837.54,842.47,827.08,830.34,61143330
2019-08-08,830.36,843.69,830.36,842.64,63682589
2019-08-09,842.66,846.8,837.63,837.82,45931304
2019-08-12,837.82,843.09,833.82,834.98,45800379
2019-08-13,834.67,843.11,829.63,842.78,67011274
2019-08-14,842.8,843.32,820.77,822.67,84383719
2019-08-15,822.95,827.31,806.24,817.93,106459358
2019-08-16,817.97,827.08,817.94,827.08,92508689
2019-08-19,827.08,840.76,827.08,840.76,87179460
2019-08-20,840.69,845.86,837.74,839.74,63288015
2019-08-21,839.75,847.76,835.39,844.63,62489364
2019-08-22,844.63,847.5,839.98,845.04,68418062
2019-08-23,845.08,850.13,832.86,840.32,68801124
2019-08-26,840.31,840.31,829.13,833.73,59329465
2019-08-27,833.66,841.19,833.1,841.18,67048715
2019-08-28,841.18,844.47,837.53,840.08,69902238
2019-08-29,840.11,853.72,840.11,852.65,76136204
2019-08-30,852.65,862.55,852.62,861.29,78642652
2019-09-02,861.15,862.87,859.05,859.24,72863150
2019-09-03,859.52,860.21,850.17,850.61,76473401
2019-09-04,850.6,861.23,850.59,858.51,71054081
2019-09-05,858.72,877.85,858.71,876.31,112849221
2019-09-06,876.31,876.56,865.52,868.21,75827871
2019-09-09,868.21,873.45,866.49,867.46,55134486
2019-09-10,867.46,871.71,865.28,871.71,68339895
2019-09-11,871.76,884.86,871.76,884.85,73983492
2019-09-12,884.85,885.67,874.62,882.63,69632750
2019-09-13,882.63,888.44,882.62,888.32,58495998
2019-09-16,888.3,900.18,888.29,899.55,85442567
2019-09-17,899.56,901.29,888.28,890.41,88509548
2019-09-18,890.41,899.49,887.58,899.49,96372556
2019-09-19,899.5,901.63,895.4,898.51,75588403
2019-09-20,898.9,904.99,898.77,904.91,70593414
2019-09-23,904.91,905.25,895.31,897.85,64496136
2019-09-24,897.64,900.05,889.65,890.84,66905240
2019-09-25,890.83,890.85,876.86,880.16,63593358
2019-09-26,880.16,887.71,879.23,880.7,58475996
2019-09-27,880.7,888.43,880.7,884.26,55326144
2019-09-30,884.26,888.56,881.57,886.6,54622366
2019-10-01,886.6,891.46,885.54,886.97,50611768
2019-10-02,886.93,886.93,867.02,867.66,70637834
2019-10-03,867.68,867.68,854.72,856.05,78271085
2019-10-04,856.09,869.62,856.08,869.1,68643154
2019-10-07,869.21,883.85,869.21,883.85,55684568
2019-10-08,883.9,886.43,870.85,872.78,52672652
2019-10-09,872.8,875.16,867.7,871.51,66588982
2019-10-10,871.51,879.08,868.11,878.73,71337379
2019-10-11,878.75,887.99,878.75,886.03,77615508
2019-10-14,886.01,886.01,873.33,874.99,61127239
2019-10-15,875.05,882.02,874.89,880.25,62228037
2019-10-16,879.84,888.13,875.18,887.31,64932797
2019-10-17,887.29,896.22,882.09,893.65,80493756
2019-10-18,893.64,896.32,890.84,893.12,95433738
2019-10-21,893.13,901.06,892.56,899.45,66540447
2019-10-22,899.44,901.39,896.19,898.91,66033569
2019-10-23,898.92,901.28,888.28,891.89,91968743
2019-10-24,891.67,907.49,891.67,906.56,75684324
2019-10-25,906.58,907.19,899.05,902.56,62420755
2019-10-28,902.56,912.84,902.49,911.43,59339866
2019-10-29,911.51,911.55,901.69,907.67,70981775
2019-10-30,907.67,912.85,905.11,906.5,80582392
2019-10-31,906.45,906.87,896.54,898.05,95462243
2019-11-01,897.98,904.47,896.7,903.64,58972098
2019-11-04,903.64,909.11,902.86,908.11,70235347
2019-11-05,908.17,911.25,906.19,908.3,86734215
2019-11-06,908.32,910.41,904.56,910.41,124334165
2019-11-07,910.41,918.13,908.36,918.13,121313531
2019-11-08,918.14,918.41,912.45,916.02,88134698
2019-11-11,916.0,917.82,910.59,917.82,71635922
2019-11-12,917.83,920.05,912.52,915.5,71826677
2019-11-13,915.86,915.86,904.9,909.03,91513013
2019-11-14,909.02,911.78,906.79,907.82,75321767
2019-11-15,907.85,908.49,898.85,903.58,72717263
2019-11-18,903.58,907.97,899.51,902.64,84143694
2019-11-19,902.67,907.55,901.93,903.49,122114372
2019-11-20,903.47,903.5,893.63,900.83,98489022
2019-11-21,900.81,900.85,895.86,900.08,61218059
2019-11-22,900.14,909.93,900.14,909.8,67767560
2019-11-25,909.79,915.56,909.78,914.52,47086737
2019-11-26,915.11,916.31,909.78,910.97,90285356
2019-11-27,910.97,913.13,908.7,912.28,73594590
2019-11-28,912.12,912.26,908.11,908.36,57819613
2019-11-29,908.34,908.35,900.6,902.45,85219296
2019-12-02,902.45,906.01,890.79,890.81,81931042
2019-12-03,890.82,894.38,882.47,884.21,119840191
2019-12-04,884.21,898.64,884.11,898.64,74383930
2019-12-05,898.66,901.96,896.88,897.65,61646226
2019-12-06,897.65,906.76,896.78,906.47,69903323
2019-12-09,906.52,908.47,901.56,908.0,64074747
2019-12-10,907.95,907.96,899.16,904.12,69555110
2019-12-11,904.22,904.22,897.77,900.22,50275950
2019-12-12,900.23,907.12,899.73,905.15,59620282
2019-12-13,905.2,913.67,905.2,911.39,76187163
2019-12-16,911.39,916.78,911.36,916.15,71762093
2019-12-17,916.14,917.51,913.62,914.03,73312563
2019-12-18,914.04,916.82,910.44,916.51,58111898
2019-12-19,916.52,922.56,914.66,922.56,80120855
2019-12-20,922.57,930.03,922.57,928.21,99976708
2019-12-23,928.25,935.2,928.25,935.2,53487657
2019-12-27,935.2,940.64,932.16,933.89,47820856
2019-12-30,933.9,935.62,931.39,931.45,53684207
2020-01-02,931.45,943.98,931.31,941.27,65254139
2020-01-03,941.39,944.56,937.75,942.68,73797420
2020-01-06,942.7,945.3,934.56,940.06,92425731
2020-01-07,940.07,946.64,937.01,937.4,70050484
2020-01-08,937.28,939.95,935.42,938.49,60566387
2020-01-09,938.49,941.25,935.32,938.29,67318670
2020-01-10,938.57,941.58,935.85,939.38,59430301
2020-01-13,939.38,944.18,938.17,940.63,69181692
2020-01-14,940.63,946.19,937.52,938.61,66328997
2020-01-15,938.58,941.2,935.96,937.01,67484617
2020-01-16,936.99,938.84,933.03,936.59,69666881
2020-01-17,936.6,947.88,936.6,946.63,59551406
2020-01-20,946.63,949.01,943.58,946.21,62977756
2020-01-21,946.22,946.22,936.02,941.68,69782009
2020-01-22,941.68,948.07,941.52,943.9,98894227
2020-01-23,943.92,943.96,927.11,930.29,84489926
2020-01-24,930.33,942.27,930.33,939.99,62768302
2020-01-27,939.95,939.95,915.93,921.31,130661854
2020-01-28,921.3,925.7,914.33,925.7,83398941
2020-01-29,925.7,932.13,923.35,925.32,78706666
2020-01-30,925.31,925.31,914.3,915.87,67649332
2020-01-31,915.85,924.35,913.64,913.81,80639029
2020-02-03,913.83,916.21,907.7,913.99,82196788
2020-02-04,914.0,923.08,914.0,917.33,72810640
2020-02-05,917.35,931.73,915.75,930.92,76368897
2020-02-06,930.72,943.47,930.72,936.26,137885857
2020-02-07,936.34,938.45,919.28,920.82,129840565
2020-02-10,920.82,922.87,908.06,912.25,125544384
2020-02-11,913.2,925.94,913.1,925.66,111560954
2020-02-12,925.74,933.44,923.98,930.77,97494680
2020-02-13,930.76,930.76,917.97,926.25,97325155
2020-02-14,926.25,931.98,926.03,929.24,68989940
2020-02-17,929.24,933.93,925.84,927.98,113158858
2020-02-18,927.98,927.98,921.04,926.68,75046650
2020-02-19,926.65,934.94,926.46,934.93,96915275
2020-02-20,934.93,943.5,934.92,942.89,155189415
2020-02-21,942.89,942.89,932.48,936.7,108712453
2020-02-24,936.45,936.45,896.15,898.4,154261083
2020-02-25,898.52,909.54,888.99,894.98,142049143
2020-02-26,894.94,894.94,863.75,886.48,175968343
2020-02-27,886.45,886.45,843.19,843.19,184336080
2020-02-28,840.67,844.62,814.75,830.26,233516978
2020-03-02,830.26,861.13,825.54,833.83,182339116
2020-03-03,833.92,867.9,833.92,859.17,167306707
2020-03-04,859.15,868.37,849.91,858.59,301018038
2020-03-05,858.58,866.28,835.17,838.47,149280726
2020-03-06,838.43,838.43,801.34,801.34,180914168
2020-03-09,801.26,801.26,701.48,736.08,271257634
2020-03-10,736.09,770.81,736.09,739.68,209333662
2020-03-11,739.63,750.01,713.12,713.12,175999087
2020-03-12,711.09,711.09,640.59,650.6,225147066
2020-03-13,650.71,698.39,650.71,675.08,244994997
2020-03-16,675.05,675.05,605.28,639.05,247660376
2020-03-17,639.32,662.93,630.63,645.07,214384617
2020-03-18,645.05,645.08,624.39,637.75,212900004
2020-03-19,637.74,667.33,637.73,667.32,233224952
2020-03-20,668.46,704.07,662.39,668.77,269575246
2020-03-23,667.05,667.52,635.93,635.93,182667594
2020-03-24,637.94,672.48,637.94,671.59,187605426
2020-03-25,671.6,692.76,659.19,682.47,244069322
2020-03-26,682.39,692.04,665.9,692.04,166299493
2020-03-27,692.04,692.04,662.26,666.86,154967765
2020-03-30,666.85,686.93,647.62,686.93,147162981
2020-03-31,687.11,709.02,687.11,707.13,193348344
2020-04-01,702.94,719.58,688.17,719.58,182206549
2020-04-02,719.67,731.89,705.05,713.01,196715000
2020-04-03,713.24,718.33,705.31,712.21,200112183
2020-04-06,712.26,728.72,710.97,728.51,153116500
2020-04-07,730.78,750.15,730.78,744.39,187415682
2020-04-08,744.33,744.35,729.73,734.38,112531824
2020-04-14,734.38,755.4,734.38,755.4,230637905
2020-04-15,755.37,755.55,733.86,737.47,174930709
2020-04-16,737.45,743.08,726.94,727.68,170822608
2020-04-17,727.73,749.19,727.73,748.45,176685015
2020-04-20,748.5,751.68,729.01,740.9,174991186
2020-04-21,740.89,740.89,721.29,726.7,170664023
2020-04-22,726.67,740.32,716.04,738.12,149525245
2020-04-23,738.11,750.14,736.12,750.14,166599674
2020-04-24,750.16,750.17,735.66,738.13,131267477
2020-04-27,738.16,746.6,738.16,743.42,120499015
2020-04-28,743.21,760.12,742.2,757.53,155059841
2020-04-29,757.57,773.58,757.57,772.15,198213291
2020-04-30,772.17,780.16,765.46,775.11,219191806
2020-05-04,775.05,775.05,750.07,751.27,235208276
2020-05-05,751.27,763.02,751.27,757.81,174162511
2020-05-06,757.86,758.1,747.46,747.58,158796604
2020-05-07,747.56,757.04,746.35,756.59,217487251
2020-05-08,756.6,769.62,756.6,769.62,358161460
2020-05-11,769.69,777.01,761.34,764.08,206363842
2020-05-12,764.06,773.34,761.37,770.02,282450971
2020-05-13,770.1,770.15,754.8,758.14,253067606
2020-05-14,757.69,757.69,736.34,737.25,172329102
2020-05-15,737.43,755.32,737.43,753.61,138490270
2020-05-18,753.59,771.58,753.59,771.58,206797633
2020-05-19,771.67,784.56,771.01,780.37,208410611
2020-05-20,780.39,789.34,775.05,789.33,535649644
2020-05-22,789.32,789.32,770.74,776.65,465586174
2020-05-25,776.77,793.12,776.77,793.12,288124032
2020-05-26,793.55,805.26,793.03,804.86,383441283
2020-05-27,804.84,812.73,802.05,806.2,309823490
2020-05-28,806.37,810.13,802.96,806.19,215365735
2020-05-29,806.19,806.31,793.08,796.77,240180949
2020-06-02,796.96,815.33,796.96,815.08,225688905
2020-06-03,815.08,830.43,815.08,830.43,200832204
2020-06-04,830.42,834.09,822.05,833.31,219488734
2020-06-05,833.34,851.58,833.34,849.66,257925294
2020-06-08,849.69,861.37,849.41,856.83,322606326
2020-06-09,856.84,860.04,837.77,839.09,275620876
2020-06-10,839.09,848.14,834.83,839.68,251139892
2020-06-11,839.64,839.64,812.17,813.72,272855034
2020-06-12,813.72,824.63,797.55,820.32,245962510
2020-06-15,819.29,819.29,790.38,802.9,307709814
2020-06-16,803.3,825.61,803.3,824.45,363539658
2020-06-17,824.54,829.06,818.61,819.44,374998429
2020-06-18,819.28,821.53,812.38,813.4,212882208
2020-06-19,813.37,822.53,813.34,815.14,199593701
2020-06-22,815.14,815.16,804.9,805.97,148029694
2020-06-23,805.99,820.32,805.99,813.42,129286320
2020-06-24,813.42,815.01,803.74,804.15,134592834
2020-06-25,804.14,804.14,789.48,801.21,163237728
2020-06-26,801.12,806.28,794.63,794.72,169036055
2020-06-29,794.7,800.51,790.11,800.06,213518764
2020-06-30,800.06,802.62,792.85,795.22,137523031
2020-07-01,795.19,803.41,793.36,802.77,123392238
2020-07-02,802.78,809.58,799.27,807.28,116387660
2020-07-03,807.28,809.18,800.74,801.68,91192218
2020-07-06,801.75,812.59,801.75,810.0,1031096506
2020-07-07,809.87,811.32,802.37,808.92,398003583
2020-07-08,808.92,811.25,803.48,811.01,232739361
2020-07-09,811.02,812.64,800.77,800.96,256499706
2020-07-10,800.99,802.97,791.61,801.59,208392332
2020-07-13,801.59,822.43,801.59,821.0,214915845
2020-07-14,820.99,823.82,816.11,823.65,222736863
2020-07-15,823.65,840.82,823.65,840.82,228966137
2020-07-16,840.82,840.82,832.37,836.14,258260592
2020-07-17,836.26,844.24,836.26,843.63,390668407
2020-07-20,843.63,849.43,840.44,847.91,219597105
2020-07-21,847.92,866.25,847.9,856.21,251758950
2020-07-22,856.24,860.51,843.21,849.85,299211678
2020-07-23,849.85,852.86,843.13,843.55,611638998
2020-07-24,843.43,843.45,829.82,839.97,334071457
2020-07-27,839.97,845.05,834.0,839.97,221815850
2020-07-28,839.97,842.7,836.82,839.08,227042325
2020-07-29,839.25,841.96,833.96,841.72,267101663
2020-07-30,841.73,841.75,819.74,819.75,260943029
2020-07-31,819.75,833.72,819.71,826.23,333719411
2020-08-03,826.24,842.25,825.48,842.19,209414056
2020-08-04,842.45,847.77,839.74,847.75,212983698
2020-08-05,847.75,855.68,847.51,854.94,277519075
2020-08-06,854.94,856.9,848.9,854.88,399922244
2020-08-07,854.86,856.38,848.9,854.63,382684555
2020-08-10,854.65,859.95,850.28,856.19,297126541
2020-08-11,856.19,875.3,856.19,870.64,388836483
2020-08-12,870.64,875.97,867.96,875.94,525532715
2020-08-13,875.79,880.19,872.39,878.04,473368022
2020-08-14,878.04,878.04,863.5,871.91,384639149
2020-08-17,871.83,874.86,868.8,871.93,210517509
2020-08-18,871.93,873.73,865.37,866.69,251765705
2020-08-19,866.68,869.9,864.16,868.28,302551913
2020-08-20,868.28,868.28,861.25,862.0,225842539
2020-08-21,861.99,866.8,855.37,860.7,206693398
2020-08-24,860.67,876.02,860.08,875.98,184306587
2020-08-25,875.99,882.35,872.19,872.79,185092130
2020-08-26,872.81,872.81,865.03,870.12,233216141
2020-08-27,870.12,871.9,865.45,867.14,188949626
2020-08-28,867.14,868.45,858.76,862.93,199232140
2020-08-31,862.93,870.4,857.95,859.26,196076393
2020-09-01,859.27,863.09,854.65,859.59,189692754
2020-09-02,859.55,863.96,852.87,854.88,194466557
2020-09-03,854.91,860.16,851.63,852.11,175638190
2020-09-04,852.04,854.18,837.65,845.67,196622145
2020-09-07,845.67,854.88,844.99,854.85,252557754
2020-09-08,854.85,857.71,839.56,842.58,252617219
2020-09-09,842.57,857.96,840.14,857.53,211543550
2020-09-10,857.99,860.6,852.83,854.19,138149562
2020-09-11,854.21,858.54,850.6,857.45,141244472
2020-09-14,857.45,864.43,854.6,854.62,246693676
2020-09-15,854.62,864.79,854.27,862.78,171506314
2020-09-16,862.82,868.38,862.47,865.63,173336549
2020-09-17,865.63,865.91,858.2,865.89,128204205
2020-09-18,865.89,866.69,860.62,866.16,221370559
2020-09-21,866.2,866.39,834.69,834.69,318202771
2020-09-22,834.68,848.94,834.58,845.09,170849024
2020-09-23,844.93,854.08,844.8,846.8,190399292
2020-09-24,846.58,846.58,832.94,838.88,232521416
2020-09-25,838.89,846.67,836.17,838.14,215868060
2020-09-28,838.14,851.58,838.08,851.55,317209795
2020-09-29,851.58,852.59,846.28,850.34,182859167
2020-09-30,850.34,856.6,843.44,856.09,159271802
2020-10-01,856.09,858.81,852.61,852.73,158013593
2020-10-02,852.07,853.44,844.15,852.97,147278087
2020-10-05,852.97,867.94,852.97,867.94,137283711
2020-10-06,867.94,879.09,867.94,877.61,339742079
2020-10-07,877.63,878.84,871.71,872.1,383750576
2020-10-08,872.53,880.0,872.53,879.2,207911124
2020-10-09,879.25,882.68,875.52,876.28,423921852
2020-10-12,876.28,882.26,876.28,878.13,696467491
2020-10-13,878.05,880.47,874.43,875.37,859992352
2020-10-14,875.38,879.53,872.92,877.63,1539242026
2020-10-15,877.63,878.53,861.79,862.96,568200581
2020-10-16,863.06,877.99,863.06,872.52,413056795
2020-10-19,872.54,877.08,871.68,873.5,436073236
2020-10-20,873.46,878.48,868.42,868.42,402214592
2020-10-21,868.58,874.62,854.75,857.55,512693265
2020-10-22,857.35,857.65,845.65,848.5,266757416
2020-10-23,848.5,861.92,848.5,858.9,305786726
2020-10-26,858.85,858.85,832.38,832.41,301421639
2020-10-27,832.34,836.22,823.34,826.0,303004230
2020-10-28,825.98,825.98,799.68,799.68,293794845
2020-10-29,799.67,811.49,796.24,810.04,236885964
2020-10-30,810.03,812.0,803.11,811.85,384714812
2020-11-02,811.97,823.82,810.3,823.55,267377679
2020-11-03,823.58,834.37,823.46,829.36,241247335
2020-11-04,829.35,841.73,820.26,841.57,624504756
2020-11-05,841.59,846.26,838.25,845.03,423838876
2020-11-06,845.04,847.57,839.14,845.72,216487695
2020-11-09,845.82,883.72,845.82,883.14,724743571
2020-11-10,883.16,883.2,871.93,878.93,722975759
2020-11-11,878.94,890.85,878.94,889.43,772148273
2020-11-12,889.43,891.53,883.76,889.95,550745561
2020-11-13,889.92,894.18,884.23,892.01,767796293
2020-11-16,892.18,912.23,892.07,908.96,798268573
2020-11-17,908.96,912.88,906.21,908.25,900829121
2020-11-18,908.25,913.27,905.86,912.15,520384596
2020-11-19,912.15,912.33,900.82,902.94,626614874
2020-11-20,902.94,913.2,902.68,908.44,489187283
2020-11-23,908.53,921.13,908.53,917.27,680242280
2020-11-24,917.29,935.55,917.29,935.09,1051419969
2020-11-25,935.3,939.24,927.73,933.78,791000064
2020-11-26,933.88,937.06,932.5,935.81,544645226
2020-11-27,935.81,946.35,933.06,946.3,397335662
2020-11-30,946.29,946.29,930.39,930.39,830059459
2020-12-01,930.39,940.86,926.64,934.91,830814916
2020-12-02,934.91,935.16,924.28,928.1,1059866586
2020-12-03,928.14,933.38,924.47,927.09,802513804
2020-12-04,927.16,935.44,926.33,935.41,574868931
2020-12-07,936.0,938.97,930.92,932.99,0
2020-12-08,933.0,936.94,931.67,933.51,1000639448
2020-12-09,933.44,942.93,933.44,942.93,1123852699
2020-12-10,942.49,945.38,935.35,942.58,2167005197
2020-12-11,942.59,943.23,933.45,937.58,1540564226
2020-12-14,937.58,945.54,933.95,936.64,744250359
2020-12-15,936.64,939.53,931.36,936.66,809422191
2020-12-16,936.77,942.63,936.77,939.89,888841056
2020-12-17,939.89,947.95,939.89,942.2,868128001
2020-12-18,942.19,951.52,940.3,950.5,408501472
2020-12-21,950.47,950.47,922.13,928.23,521688177
2020-12-22,928.25,939.02,928.25,938.83,256796949
2020-12-23,938.85,953.68,938.85,953.65,232871868
2020-12-28,953.69,966.67,953.69,966.67,439943153
2020-12-29,966.67,975.9,966.67,970.3,515841672
2020-12-30,970.29,974.76,968.51,973.97,260151769
2021-01-04,973.94,983.72,965.95,965.95,394788956
2021-01-05,965.97,968.92,962.26,964.13,733762911
2021-01-06,964.14,977.32,964.14,975.86,861028774
2021-01-07,975.9,991.47,975.9,991.22,651693118
2021-01-08,991.23,1005.78,991.23,1001.16,576402291
2021-01-11,1001.16,1001.16,986.88,990.91,338999730
2021-01-12,991.01,1000.2,991.01,998.56,625288434
2021-01-13,998.53,1008.32,990.3,990.4,1358036459
2021-01-14,990.41,999.24,990.41,998.77,698059625
2021-01-15,998.64,998.64,987.71,987.92,358063725
2021-01-18,987.95,993.8,979.22,993.8,319721178
2021-01-19,994.02,1004.69,993.9,1004.69,378631727
2021-01-20,1004.69,1009.93,1002.01,1002.69,241388838
2021-01-21,1002.72,1008.85,999.44,1001.54,234253705
2021-01-22,1001.54,1001.54,991.61,994.21,277100724
2021-01-25,993.92,997.92,972.57,983.99,465286374
2021-01-26,983.92,986.96,972.07,977.01,364442580
2021-01-27,977.02,981.74,958.96,962.56,349834581
2021-01-28,962.79,968.83,943.42,965.73,381000427
2021-01-29,963.91,967.8,951.86,966.9,661483103
2021-02-01,966.95,974.74,965.02,971.83,253148918
2021-02-02,971.91,985.94,971.91,984.56,333659294
2021-02-03,984.62,994.62,984.62,992.83,98880634
2021-02-04,992.83,1001.69,991.76,997.7,89239598
2021-02-05,997.72,1003.16,995.79,996.54,93623804
2021-02-08,996.56,1004.22,996.56,1000.49,102208218
2021-02-09,1000.44,1002.28,992.53,992.53,114218841
2021-02-10,993.49,997.0,989.43,991.27,128571905
2021-02-11,992.05,996.35,986.84,995.65,94458393
2021-02-12,995.66,999.0,988.52,991.78,109267746
2021-02-15,991.83,1000.23,990.73,995.59,114909409
2021-02-16,995.74,999.92,993.76,999.65,134074721
2021-02-17,999.66,1002.02,994.55,995.78,163406873
2021-02-18,995.7,998.91,981.12,981.17,181056656
2021-02-19,981.16,994.26,979.17,993.62,117427804
2021-02-22,993.72,1004.18,989.1,1003.3,123530674
2021-02-23,1003.3,1013.23,987.24,1007.47,163983877
2021-02-24,1012.97,1015.55,1004.07,1013.63,110614363
2021-02-25,1013.64,1027.66,1013.64,1027.16,123093799
2021-02-26,1027.24,1027.24,1005.15,1007.07,131376095
2021-03-01,1007.09,1028.6,1007.09,1028.34,108730445
2021-03-02,1028.3,1033.05,1023.59,1032.56,85122300
2021-03-03,1032.56,1038.52,1026.83,1030.79,105850233
2021-03-04,1030.97,1032.82,1026.02,1028.89,111764638
2021-03-05,1028.88,1045.17,1028.69,1042.08,130591762
2021-03-08,1042.09,1050.44,1041.05,1050.22,130642983
2021-03-09,1050.22,1060.64,1050.19,1057.67,143406939
2021-03-10,1057.66,1064.86,1055.07,1063.89,148133923
2021-03-11,1063.99,1069.66,1060.0,1064.29,115930438
2021-03-12,1065.03,1065.03,1057.0,1062.37,93922337
2021-03-15,1062.41,1069.84,1062.41,1064.91,96602106
2021-03-16,1064.91,1067.05,1060.63,1061.36,89711591
2021-03-17,1061.34,1065.1,1052.83,1057.94,126530677
2021-03-18,1058.01,1061.95,1056.26,1057.8,94738142
2021-03-19,1057.5,1060.78,1049.78,1050.54,169672802
2021-03-22,1050.4,1057.0,1045.99,1053.87,89430884
2021-03-23,1053.82,1053.87,1037.07,1041.51,94976101
2021-03-24,1041.5,1045.0,1034.1,1043.23,84237580
2021-03-25,1044.27,1044.8,1026.16,1032.33,98898833
2021-03-26,1032.59,1052.07,1032.59,1050.7,89898430
2021-03-29,1050.71,1060.71,1046.79,1056.89,73106239
2021-03-30,1056.98,1062.9,1055.38,1056.1,81476354
2021-03-31,1056.15,1063.55,1056.06,1058.86,51818005
2021-04-06,1058.86,1074.56,1058.86,1071.73,122562157
2021-04-07,1071.68,1071.75,1064.3,1066.12,82978035
2021-04-08,1066.13,1071.61,1062.41,1063.45,75296841
2021-04-09,1064.63,1067.72,1060.89,1062.9,93416593
2021-04-12,1062.19,1062.19,1054.03,1056.74,83723531
2021-04-13,1056.74,1066.2,1053.89,1064.38,83751286
2021-04-14,1064.38,1068.05,1062.76,1065.69,76645863
2021-04-15,1065.92,1075.88,1065.92,1072.04,67769504
2021-04-16,1073.57,1085.41,1072.28,1085.41,111455428
2021-04-19,1085.44,1089.54,1076.25,1077.71,61928896
2021-04-20,1077.71,1082.25,1060.41,1061.97,78441150
2021-04-21,1062.31,1064.06,1049.2,1055.94,85059224
2021-04-22,1056.31,1070.35,1056.23,1069.13,85195643
2021-04-23,1069.14,1073.6,1065.85,1073.31,87621468
2021-04-26,1073.5,1085.0,1070.35,1085.0,72521512
2021-04-27,1085.02,1088.25,1080.47,1084.14,141767357
2021-04-28,1084.61,1093.5,1082.92,1092.33,74540595
2021-04-29,1092.52,1102.77,1090.12,1090.68,79151999
2021-04-30,1090.84,1091.56,1075.15,1076.45,86703411
2021-05-03,1076.65,1085.59,1071.45,1085.14,59133103
2021-05-04,1083.83,1089.73,1074.47,1077.01,136590679
2021-05-05,1077.69,1087.41,1077.58,1082.12,98842152
2021-05-06,1082.84,1089.42,1068.21,1073.85,137246393
2021-05-07,1078.11,1092.43,1074.75,1092.39,101810607
2021-05-10,1092.39,1097.99,1084.81,1088.73,10560796
2021-05-11,1088.71,1088.73,1063.64,1070.84,114462298
2021-05-12,1070.89,1074.01,1057.44,1065.76,127528901
2021-05-14,1065.83,1070.21,1053.4,1069.82,97004228
2021-05-18,1069.82,1085.05,1069.82,1078.85,95389668
2021-05-19,1078.95,1078.99,1057.56,1060.43,83845899
2021-05-20,1060.48,1077.55,1060.48,1077.22,84155293
2021-05-21,1077.44,1096.98,1077.44,1096.96,94675369
2021-05-25,1097.06,1102.23,1090.32,1090.97,104835426
2021-05-26,1091.04,1094.41,1085.28,1089.67,116080337
2021-05-27,1090.09,1099.32,1088.53,1098.87,223363720
2021-05-28,1101.52,1115.35,1099.63,1112.86,116868871
2021-05-31,1112.91,1116.32,1106.5,1106.6,81300723
2021-06-01,1106.59,1124.44,1106.59,1122.89,133373475
2021-06-02,1123.01,1131.99,1122.71,1124.04,90525542
2021-06-03,1124.05,1132.92,1116.53,1124.54,85842644
2021-06-04,1124.61,1133.48,1124.61,1133.48,79274499
2021-06-07,1133.24,1134.86,1127.13,1131.25,74751617
2021-06-08,1131.28,1134.21,1126.81,1129.01,77876966
2021-06-09,1129.57,1132.49,1126.24,1128.53,87988729
2021-06-10,1128.55,1129.68,1121.99,1126.89,81091997
2021-06-11,1127.09,1130.67,1124.9,1128.64,79890682
2021-06-14,1128.66,1139.48,1128.66,1137.91,85251650
2021-06-15,1137.91,1140.84,1125.64,1128.03,87075200
2021-06-16,1128.23,1130.98,1125.61,1128.6,65582128
2021-06-17,1128.45,1128.45,1119.97,1120.65,80098190
2021-06-18,1120.63,1123.22,1104.86,1106.74,119149523
2021-06-21,1106.73,1116.61,1090.69,1116.61,86691174
2021-06-22,1116.72,1124.35,1115.83,1124.33,89073312
2021-06-23,1124.33,1135.62,1124.33,1133.14,104337732
2021-06-24,1133.13,1135.97,1130.07,1132.47,71874009
2021-06-25,1132.24,1140.03,1132.24,1140.03,77308532
2021-06-28,1140.1,1141.44,1129.13,1129.33,81000797
2021-06-29,1129.34,1136.3,1128.86,1130.09,81053153
2021-06-30,1130.09,1133.41,1119.6,1120.96,87569304
2021-07-01,1120.96,1133.45,1120.81,1131.51,81121231
2021-07-02,1131.52,1139.27,1129.42,1137.06,114783117
2021-07-05,1137.15,1143.67,1135.56,1143.09,93759519
2021-07-06,1143.09,1146.77,1139.15,1142.38,80930747
2021-07-07,1142.38,1148.43,1140.15,1140.65,72550267
2021-07-08,1140.65,1140.83,1120.25,1120.96,98721926
2021-07-09,1121.17,1136.55,1121.17,1133.96,77068229
2021-07-12,1133.95,1145.21,1133.71,1145.07,62111340
2021-07-13,1145.06,1147.76,1138.86,1145.71,51864841
2021-07-14,1145.7,1154.27,1144.05,1153.11,60617504
2021-07-15,1153.12,1153.12,1139.17,1144.44,80973900
2021-07-16,1144.45,1148.2,1131.03,1131.03,85695697
2021-07-19,1131.02,1131.02,1102.52,1104.02,99918925
2021-07-20,1104.56,1124.46,1103.59,1119.5,67505792
2021-07-21,1119.53,1133.29,1119.39,1131.88,63214004
2021-07-22,1132.27,1136.45,1129.69,1132.45,54050381
2021-07-23,1132.59,1136.85,1128.88,1131.88,54324072
2021-07-26,1131.88,1138.06,1124.28,1137.58,60702297
2021-07-27,1137.52,1137.63,1127.67,1133.37,55172422
2021-07-28,1133.4,1133.78,1124.64,1131.84,60037588
2021-07-29,1133.08,1141.6,1133.08,1138.38,59536514
2021-07-30,1138.37,1138.37,1125.86,1134.28,80907516
2021-08-02,1134.26,1144.22,1134.26,1142.78,58917581
2021-08-03,1142.78,1145.5,1138.05,1141.88,50422848
2021-08-04,1141.89,1150.33,1141.89,1149.05,75700999
2021-08-05,1149.05,1150.65,1145.34,1148.33,71667890
2021-08-06,1148.32,1150.89,1143.7,1145.55,62983873
2021-08-09,1145.54,1147.8,1141.94,1147.45,60931126
2021-08-10,1147.46,1155.23,1147.46,1154.31,75333159
2021-08-11,1155.41,1158.21,1152.54,1154.53,62578184
2021-08-12,1154.53,1160.49,1153.95,1158.42,56699756
2021-08-13,1158.43,1160.23,1155.92,1159.0,50372554
2021-08-16,1158.45,1158.45,1146.86,1149.91,53936282
2021-08-17,1149.92,1152.81,1143.31,1151.73,60276631
2021-08-18,1151.69,1154.44,1149.23,1153.35,62850198
2021-08-19,1153.16,1153.16,1123.82,1132.56,93352347
2021-08-20,1132.46,1135.86,1124.18,1133.18,93502667
2021-08-23,1133.37,1149.01,1133.37,1149.01,64060377
2021-08-24,1149.02,1153.6,1146.49,1150.63,54948389
2021-08-25,1150.64,1157.18,1149.87,1155.74,52678082
2021-08-26,1155.86,1158.74,1147.19,1157.87,47655042
2021-08-27,1157.86,1164.59,1155.29,1164.58,86331384
2021-08-30,1164.59,1168.68,1157.81,1158.97,49664899
2021-08-31,1159.0,1164.17,1141.86,1141.86,106857314
2021-09-01,1142.07,1154.62,1141.98,1150.94,82069589
2021-09-02,1150.94,1168.75,1150.16,1168.75,179596421
2021-09-03,1169.03,1170.89,1159.43,1161.86,72245939
2021-09-06,1161.87,1175.03,1161.63,1175.03,65171942
2021-09-07,1174.99,1176.65,1164.99,1166.08,67300100
2021-09-08,1166.11,1166.39,1154.26,1162.44,67416727
2021-09-09,1162.68,1162.68,1150.34,1153.07,76546523
2021-09-10,1153.08,1158.28,1151.22,1152.02,50620654
2021-09-13,1152.03,1158.37,1149.84,1149.84,59430197
2021-09-14,1149.85,1153.94,1145.76,1147.02,67818357
2021-09-15,1146.97,1157.12,1146.85,1150.49,102327974
2021-09-16,1149.63,1158.96,1148.05,1149.67,79170596
2021-09-17,1149.66,1155.82,1140.96,1141.17,166488653
2021-09-20,1141.19,1141.19,1104.5,1114.32,131348507
2021-09-21,1114.37,1131.9,1114.37,1120.47,88954562
2021-09-22,1120.46,1142.18,1120.46,1141.51,75848511
2021-09-23,1141.53,1158.94,1141.53,1157.64,87427258
2021-09-24,1157.46,1157.63,1148.42,1155.0,81820445
2021-09-27,1155.02,1162.9,1154.04,1159.14,88848496
2021-09-28,1159.14,1161.17,1151.1,1151.14,88256954
2021-09-29,1151.15,1156.89,1147.63,1154.0,70393696
2021-09-30,1153.97,1172.46,1153.97,1163.32,83153580
2021-10-01,1163.35,1169.04,1143.03,1164.43,83681522
2021-10-04,1164.72,1173.36,1161.59,1168.12,78721881
2021-10-05,1167.76,1174.56,1156.39,1174.12,84966978
2021-10-06,1174.54,1175.32,1150.45,1154.81,91424670
2021-10-07,1156.65,1166.66,1150.02,1161.17,74834723
2021-10-08,1161.17,1167.78,1160.88,1167.35,89384429
2021-10-11,1167.36,1174.93,1166.67,1173.03,73406810
2021-10-12,1173.01,1177.09,1160.8,1175.47,60535935
2021-10-13,1175.49,1184.94,1167.83,1184.29,80346783
2021-10-14,1184.25,1200.38,1184.25,1200.02,84678558
2021-10-15,1200.04,1204.28,1192.9,1197.57,83927835
2021-10-18,1197.92,1210.38,1195.98,1204.17,65343779
2021-10-19,1204.7,1213.94,1202.4,1207.09,75291253
2021-10-20,1207.1,1217.47,1206.1,1217.47,88896395
2021-10-21,1217.46,1221.51,1206.7,1213.92,103692498
2021-10-22,1213.99,1218.49,1205.96,1217.71,78146378
2021-10-25,1217.86,1218.93,1212.72,1215.1,65472962
2021-10-26,1215.17,1217.79,1209.04,1215.74,83558583
2021-10-27,1215.67,1215.67,1199.08,1211.87,93186223
2021-10-28,1217.82,1218.13,1193.4,1202.09,97245909
2021-10-29,1202.07,1211.09,1192.38,1192.78,183677395
2021-11-01,1192.63,1210.83,1192.54,1210.83,136430712
2021-11-02,1211.09,1211.09,1198.15,1207.07,100433639
2021-11-03,1207.11,1216.99,1204.78,1216.25,98087435
2021-11-04,1216.37,1228.0,1216.37,1224.69,110115421
2021-11-05,1224.83,1232.48,1218.54,1232.48,84444093
2021-11-08,1232.68,1238.15,1230.13,1237.38,66263121
2021-11-09,1237.45,1239.88,1226.08,1227.03,80908089
2021-11-10,1227.29,1232.65,1222.84,1232.26,73701473
2021-11-11,1233.51,1234.91,1218.62,1234.83,105793905
2021-11-12,1234.97,1238.06,1227.94,1233.43,71781724
2021-11-15,1233.56,1234.0,1228.31,1233.24,64451063
2021-11-16,1233.23,1243.0,1231.33,1236.99,69545603
2021-11-17,1237.01,1237.35,1226.41,1235.61,69296533
2021-11-18,1235.59,1235.59,1220.04,1220.04,100200076
2021-11-19,1220.52,1233.5,1213.74,1222.8,113528502
2021-11-22,1222.8,1229.17,1220.27,1225.92,74688196
2021-11-23,1225.79,1225.79,1200.21,1217.85,71145438
2021-11-24,1218.14,1218.8,1202.77,1212.08,75784186
2021-11-25,1211.79,1214.99,1209.07,1213.72,59945556
2021-11-26,1211.97,1212.01,1170.13,1174.93,113091222
2021-11-29,1174.89,1192.57,1174.89,1188.29,82548071
2021-11-30,1188.29,1188.29,1166.87,1181.27,145434240
2021-12-01,1181.46,1193.66,1181.46,1189.68,73289154
2021-12-02,1189.71,1189.71,1167.4,1178.29,67837298
2021-12-03,1178.35,1189.19,1172.13,1174.74,75429236
2021-12-06,1174.76,1179.09,1166.18,1170.18,80137260
2021-12-07,1170.33,1199.91,1170.33,1199.44,76953654
2021-12-08,1200.0,1209.69,1197.09,1197.92,88063725
2021-12-09,1197.96,1201.99,1184.43,1188.32,78173890
2021-12-10,1187.99,1191.04,1183.03,1184.89,58488916
2021-12-13,1184.88,1197.32,1175.5,1175.56,73914647
2021-12-14,1175.53,1179.82,1155.74,1159.86,75576098
2021-12-15,1159.86,1166.07,1153.61,1153.61,58597087
2021-12-16,1154.89,1179.7,1154.89,1177.61,75639132
2021-12-17,1177.56,1177.56,1166.64,1168.46,93769187
2021-12-20,1168.25,1168.25,1148.73,1160.73,63314237
2021-12-21,1160.81,1185.48,1160.81,1185.26,65664501
2021-12-22,1185.32,1189.74,1177.72,1185.88,57560010
2021-12-23,1186.1,1195.93,1186.1,1195.42,68161168
2021-12-27,1195.42,1200.3,1190.93,1200.3,42629528
2021-12-28,1200.32,1206.34,1200.32,1204.76,45583923
2021-12-29,1204.91,1205.22,1195.01,1199.34,39163983
2021-12-30,1199.32,1202.05,1193.62,1201.43,47799110
2022-01-03,1201.47,1212.33,1198.84,1211.32,61745583
2022-01-04,1211.33,1219.09,1211.33,1213.54,85901667
2022-01-05,1213.53,1221.24,1211.61,1221.2,72662438
2022-01-06,1221.14,1221.14,1201.35,1204.44,94245734
2022-01-07,1205.14,1214.42,1202.7,1207.93,86839109
2022-01-10,1207.91,1212.59,1190.13,1190.13,84017279
2022-01-11,1190.75,1200.23,1190.75,1196.98,66143007
2022-01-12,1196.98,1216.98,1196.98,1216.04,69749058
2022-01-13,1216.07,1219.73,1214.61,1215.53,59161003
2022-01-14,1215.54,1223.91,1213.25,1218.95,65439899
2022-01-17,1218.95,1224.73,1215.62,1217.63,49682718
2022-01-18,1217.63,1220.77,1207.22,1215.43,74029632
2022-01-19,1215.37,1215.37,1201.59,1205.41,86737779
2022-01-20,1205.42,1210.87,1197.61,1205.03,80625196
2022-01-21,1205.03,1205.03,1182.73,1182.75,70418617
2022-01-24,1182.8,1188.41,1141.22,1142.0,107926899
2022-01-25,1142.04,1164.22,1142.04,1151.77,91369547
2022-01-26,1152.21,1188.24,1152.21,1184.23,90844436
2022-01-27,1184.14,1189.28,1165.64,1182.89,92615876
2022-01-28,1182.89,1183.65,1158.34,1170.08,78852793
2022-01-31,1170.39,1183.43,1169.83,1174.86,71804815
2022-02-01,1175.03,1190.83,1175.03,1190.83,68435917
2022-02-02,1190.9,1203.08,1190.9,1197.39,96810732
2022-02-03,1197.36,1198.2,1182.81,1185.9,64768113
2022-02-04,1185.9,1196.23,1177.91,1192.49,87379044
2022-02-07,1193.13,1204.55,1187.44,1204.2,63766321
2022-02-08,1204.22,1205.62,1185.51,1190.53,67998772
2022-02-09,1190.5,1211.16,1190.44,1203.64,79682693
2022-02-10,1203.64,1211.14,1198.33,1206.47,87263716
2022-02-11,1207.5,1216.91,1193.0,1213.67,66635413
2022-02-14,1213.67,1218.48,1195.58,1198.69,98059453
2022-02-15,1198.74,1202.21,1187.07,1191.11,72648001
2022-02-16,1191.11,1203.19,1191.11,1201.05,73072904
2022-02-17,1201.54,1206.13,1193.14,1193.66,94756191
2022-02-18,1193.7,1194.9,1180.83,1188.94,82537020
2022-02-21,1188.97,1190.16,1170.93,1183.35,85382157
2022-02-22,1183.35,1191.82,1166.4,1179.84,83672305
2022-02-23,1179.87,1190.45,1176.72,1188.36,65408853
2022-02-24,1188.24,1188.24,1159.05,1174.34,133502033
2022-02-25,1174.74,1188.35,1171.63,1185.91,103397461
2022-02-28,1185.92,1202.17,1181.36,1202.17,123367470
2022-03-01,1202.33,1227.22,1200.79,1222.77,123023288
2022-03-02,1223.34,1246.07,1221.15,1228.67,117746333
2022-03-03,1228.64,1244.49,1208.99,1213.17,104481195
2022-03-04,1213.25,1213.25,1182.33,1190.4,97232423
2022-03-07,1190.87,1197.7,1174.81,1181.14,136522742
2022-03-08,1180.8,1198.11,1173.42,1183.51,136623861
2022-03-09,1184.01,1198.75,1183.26,1191.74,146967923
2022-03-10,1192.03,1204.91,1187.55,1193.62,110932517
2022-03-11,1193.66,1215.06,1192.46,1194.29,114556369
2022-03-14,1194.38,1200.85,1188.31,1199.03,96903836
2022-03-15,1199.01,1199.39,1170.47,1180.15,110373868
2022-03-16,1180.49,1214.35,1180.49,1213.54,98156332
2022-03-17,1216.7,1231.36,1216.7,1226.58,84946835
2022-03-18,1226.59,1233.78,1225.53,1228.54,123958395
2022-03-21,1228.71,1258.76,1228.63,1258.6,90238982
2022-03-22,1258.69,1268.6,1254.37,1263.43,67853556
2022-03-23,1263.46,1271.29,1255.97,1261.45,101126474
2022-03-24,1261.64,1265.33,1253.59,1256.87,144255284
2022-03-25,1257.96,1264.83,1251.23,1261.53,78766160
2022-03-28,1261.79,1266.41,1256.71,1261.72,75417664
2022-03-29,1261.7,1273.76,1237.79,1246.57,99026529
2022-03-30,1246.41,1274.37,1246.41,1273.82,78180574
2022-03-31,1273.79,1273.79,1259.44,1261.35,81528656
2022-04-01,1261.32,1272.32,1254.89,1269.84,77937581
2022-04-04,1269.81,1274.11,1264.29,1264.57,68779920
2022-04-05,1264.56,1270.59,1260.86,1266.0,79959459
2022-04-06,1265.89,1268.27,1250.86,1259.26,95252997
2022-04-07,1260.63,1261.15,1249.52,1254.66,74375980
2022-04-08,1255.01,1280.29,1255.01,1276.62,103513781
2022-04-11,1276.63,1279.74,1262.64,1263.63,71723604
2022-04-12,1263.58,1272.89,1256.43,1265.1,69580793
2022-04-13,1265.98,1284.83,1265.93,1283.13,57033915
2022-04-19,1283.17,1291.21,1271.22,1279.07,81660850
2022-04-20,1279.07,1284.06,1272.31,1280.83,85338377
2022-04-21,1282.39,1287.43,1276.97,1285.21,71738565
2022-04-22,1285.34,1285.34,1262.26,1263.88,74057199
2022-04-25,1263.96,1263.96,1218.32,1226.11,85224855
2022-04-26,1226.23,1238.17,1217.52,1226.68,77039162
2022-04-27,1233.5,1244.3,1229.47,1239.41,91634284
2022-04-28,1240.24,1251.58,1231.47,1234.47,93945761
2022-04-29,1235.68,1251.16,1231.94,1239.82,83741116
2022-05-02,1240.33,1240.33,1179.97,1218.36,101765940
2022-05-03,1218.98,1231.9,1210.03,1231.9,70001817
2022-05-04,1232.05,1250.15,1223.21,1240.45,96988449
2022-05-05,1240.75,1259.63,1234.38,1234.41,75102042
2022-05-06,1234.01,1234.01,1206.04,1213.84,103687563
2022-05-09,1213.84,1213.96,1177.28,1177.41,91976243
2022-05-10,1177.45,1182.48,1156.9,1178.51,107220811
2022-05-11,1185.65,1194.4,1176.94,1193.27,109762472
2022-05-12,1197.72,1197.72,1169.49,1186.72,103654050
2022-05-13,1186.91,1216.17,1186.91,1214.73,135794831
2022-05-16,1215.02,1221.26,1209.72,1219.44,83748930
2022-05-18,1219.58,1244.39,1219.58,1238.55,112280394
2022-05-19,1238.48,1238.48,1212.4,1223.25,101784110
2022-05-20,1223.83,1241.42,1223.83,1238.12,87869606
2022-05-23,1238.19,1248.43,1234.17,1246.98,67571280
2022-05-24,1247.91,1251.83,1240.53,1244.12,70040288
2022-05-25,1244.33,1262.04,1244.33,1261.77,93522887
2022-05-27,1261.89,1281.27,1261.67,1276.54,99032063
2022-05-30,1276.66,1290.17,1271.4,1275.64,87718624
2022-05-31,1275.36,1290.95,1274.5,1287.39,162167580
2022-06-01,1287.41,1288.89,1267.93,1269.24,79182291
2022-06-02,1269.19,1269.19,1260.55,1266.18,86266069
2022-06-03,1266.26,1274.05,1260.36,1266.59,55366670
2022-06-07,1266.59,1270.71,1257.04,1270.71,83605558
2022-06-08,1270.71,1277.28,1264.1,1268.63,94471560
2022-06-09,1269.49,1271.98,1255.54,1261.0,82591452
2022-06-10,1260.99,1260.99,1230.82,1232.67,99111136
2022-06-13,1232.66,1232.66,1192.54,1194.04,99255632
2022-06-14,1194.15,1219.45,1189.12,1215.66,88572030
2022-06-15,1215.72,1225.69,1194.38,1223.43,90532542
2022-06-16,1223.54,1229.1,1189.91,1191.84,87151925
2022-06-17,1191.85,1216.75,1182.07,1195.93,127459114
2022-06-20,1195.94,1214.79,1185.81,1214.53,60208796
2022-06-21,1214.77,1223.9,1198.82,1198.82,69815973
2022-06-22,1198.58,1198.71,1159.96,1163.57,94924019
2022-06-23,1163.78,1172.12,1144.98,1154.27,83558493
2022-06-24,1154.5,1162.24,1150.15,1161.22,84213260
2022-06-27,1161.23,1185.16,1161.23,1182.1,77583305
2022-06-28,1182.1,1208.1,1182.1,1207.57,77461195
2022-06-29,1207.58,1211.08,1196.2,1197.48,77767750
2022-06-30,1196.91,1196.98,1168.52,1170.28,100663135
2022-07-01,1170.27,1179.18,1162.01,1163.57,72997747
2022-07-04,1163.57,1196.41,1163.57,1195.17,61507686
2022-07-05,1195.19,1198.62,1164.25,1168.55,79307376
2022-07-06,1168.55,1182.63,1159.55,1159.55,97560257
2022-07-07,1159.71,1200.7,1159.71,1195.33,73535679
2022-07-08,1195.28,1203.33,1182.37,1186.44,63531122
2022-07-11,1186.48,1203.74,1175.26,1193.39,62668038
2022-07-12,1193.44,1199.39,1188.47,1192.06,58584004
2022-07-13,1192.1,1201.41,1176.13,1178.74,60637621
2022-07-14,1178.8,1190.73,1149.54,1151.23,70087571
2022-07-15,1151.75,1162.87,1144.92,1159.96,71270613
2022-07-18,1160.0,1194.95,1159.93,1193.88,85715065
2022-07-19,1193.85,1196.75,1184.82,1196.75,81298823
2022-07-20,1196.73,1209.25,1196.73,1206.45,66559238
2022-07-21,1206.49,1206.49,1182.75,1185.12,64201253
2022-07-22,1185.17,1207.91,1185.17,1204.0,61290145
2022-07-25,1204.0,1204.0,1190.81,1202.36,48644868
2022-07-26,1202.36,1218.74,1202.36,1210.13,53843460
2022-07-27,1210.13,1222.66,1210.1,1217.13,44552641
2022-07-28,1217.28,1236.74,1217.13,1224.52,71009442
2022-07-29,1224.67,1253.19,1224.6,1253.18,77232397
2022-08-01,1253.18,1263.61,1238.86,1241.55,70762742
2022-08-02,1241.34,1253.17,1236.65,1248.45,61471838
2022-08-03,1248.47,1257.26,1243.92,1247.43,71831379
2022-08-04,1247.51,1254.67,1236.91,1241.18,70587564
2022-08-05,1241.2,1246.12,1227.91,1245.18,77286740
2022-08-08,1245.2,1253.21,1233.51,1243.8,68019637
2022-08-09,1243.77,1255.6,1238.87,1255.04,89281252
2022-08-10,1254.62,1255.06,1240.07,1248.47,78278573
2022-08-11,1250.1,1267.95,1250.1,1266.59,94290714
2022-08-12,1266.54,1270.25,1261.3,1261.75,100644461
2022-08-15,1266.13,1270.27,1243.72,1250.34,75421441
2022-08-16,1250.93,1267.29,1250.93,1266.18,74353239
2022-08-17,1266.24,1266.29,1249.61,1257.03,89094541
2022-08-18,1257.02,1267.61,1251.95,1265.69,109742124
2022-08-19,1265.63,1273.26,1260.81,1269.04,89320255
2022-08-22,1269.04,1271.94,1255.66,1262.57,86043075
2022-08-23,1262.58,1278.4,1261.56,1278.08,69691921
2022-08-24,1274.75,1282.72,1270.4,1280.19,65562909
2022-08-25,1280.24,1290.1,1276.0,1281.33,94958968
2022-08-26,1281.34,1288.51,1273.78,1276.1,92472177
2022-08-29,1275.58,1275.58,1245.0,1260.07,85197315
2022-08-30,1261.13,1269.7,1244.28,1244.63,67322881
2022-08-31,1244.62,1248.92,1230.6,1248.67,88851073
2022-09-01,1248.7,1248.7,1225.51,1234.61,80382982
2022-09-02,1235.32,1239.21,1224.23,1237.67,63108274
2022-09-05,1237.73,1252.05,1237.49,1247.7,59786525
2022-09-06,1248.02,1248.02,1205.88,1206.85,72974603
2022-09-07,1207.0,1207.0,1175.43,1179.27,80120385
2022-09-08,1179.32,1194.35,1176.37,1185.91,63533036
2022-09-09,1186.16,1213.99,1186.16,1207.61,84930436
2022-09-12,1207.62,1220.06,1205.42,1219.6,63401878
2022-09-13,1219.42,1228.85,1205.43,1217.47,79422439
2022-09-14,1217.39,1217.39,1201.81,1209.77,94987866
2022-09-15,1209.97,1218.14,1200.23,1204.39,59619937
2022-09-16,1204.41,1204.41,1172.23,1175.15,167077904
2022-09-19,1175.07,1175.09,1133.75,1166.66,90132775
2022-09-20,1166.66,1175.84,1152.96,1155.73,76103477
2022-09-21,1155.72,1181.54,1155.72,1163.23,76196189
2022-09-22,1163.74,1166.76,1149.59,1159.05,65155203
2022-09-23,1159.04,1159.57,1112.2,1112.2,140788454
2022-09-26,1111.96,1118.46,1094.86,1117.28,77560817
2022-09-27,1117.28,1129.54,1115.25,1128.07,75176251
2022-09-28,1128.08,1128.08,1081.45,1096.96,125987007
2022-09-29,1097.04,1103.24,1077.77,1079.64,98258379
2022-09-30,1079.6,1106.98,1079.6,1102.79,96058612
2022-10-03,1102.82,1133.55,1102.8,1130.71,84159237
2022-10-04,1130.8,1149.78,1130.76,1144.27,83908456
2022-10-05,1144.4,1147.33,1130.13,1135.54,69986562
2022-10-06,1137.48,1144.41,1129.42,1134.04,85835243
2022-10-07,1134.03,1140.59,1128.7,1136.43,73213923
2022-10-10,1136.43,1138.97,1117.95,1134.89,65931574
2022-10-11,1134.9,1134.9,1107.48,1117.46,89055551
2022-10-12,1117.53,1124.77,1103.24,1107.24,72285876
2022-10-13,1107.23,1127.2,1105.29,1121.56,113890781
2022-10-14,1121.68,1142.36,1113.2,1113.2,75436319
2022-10-17,1113.27,1126.99,1111.3,1125.46,74606637
2022-10-18,1125.53,1139.31,1125.53,1135.78,88267134
2022-10-19,1135.8,1138.27,1125.56,1133.61,71357976
2022-10-20,1133.59,1141.53,1125.23,1141.4,139863310
2022-10-21,1141.47,1141.72,1123.41,1131.55,94351034
2022-10-24,1131.56,1139.29,1119.41,1134.4,80201932
2022-10-25,1134.67,1140.26,1119.61,1139.47,86249037
2022-10-26,1139.52,1153.25,1128.83,1152.22,103112233
2022-10-27,1152.13,1165.81,1148.05,1165.06,94662305
2022-10-28,1165.04,1175.72,1149.21,1164.49,76136009
2022-10-31,1165.69,1177.78,1160.89,1175.45,75288848
2022-11-01,1175.41,1195.31,1175.41,1190.61,92100627
2022-11-02,1190.93,1200.93,1180.14,1185.42,95584895
2022-11-03,1185.53,1188.77,1171.97,1188.42,123943452
2022-11-04,1188.44,1205.25,1188.44,1199.27,81610095
2022-11-07,1199.29,1206.07,1193.76,1202.74,60747766
2022-11-08,1203.06,1203.25,1193.74,1197.13,71420247
2022-11-09,1197.2,1202.17,1187.36,1189.94,68986912
2022-11-10,1189.9,1193.67,1167.13,1190.01,102232629
2022-11-11,1191.78,1201.39,1190.93,1196.21,91619396
2022-11-14,1196.26,1200.74,1188.77,1199.72,57364875
2022-11-15,1194.85,1205.64,1189.35,1200.83,68510627
2022-11-16,1200.86,1211.37,1192.58,1194.57,94970619
2022-11-17,1194.31,1195.5,1174.27,1181.22,76995589
2022-11-18,1181.82,1190.23,1171.99,1176.51,69171360
2022-11-21,1176.66,1182.97,1167.83,1169.09,57780245
2022-11-22,1169.28,1194.71,1169.28,1193.23,60516484
2022-11-23,1193.5,1207.48,1190.63,1201.23,64719831
2022-11-24,1201.27,1214.57,1198.45,1214.37,63058261
2022-11-25,1214.89,1219.38,1211.01,1215.51,52501823
2022-11-28,1215.4,1215.4,1193.2,1200.96,52744959
2022-11-29,1201.09,1217.97,1201.09,1217.37,79513899
2022-11-30,1217.55,1223.49,1214.58,1220.76,140534958
2022-12-01,1220.76,1229.07,1219.81,1222.56,93085650
2022-12-02,1222.6,1222.6,1203.23,1210.04,58216028
2022-12-05,1209.98,1219.51,1206.27,1212.76,56103236
2022-12-06,1212.76,1212.76,1195.17,1202.32,48686277
2022-12-07,1202.3,1202.3,1179.47,1182.84,58719462
2022-12-08,1182.71,1193.32,1182.71,1190.02,48427911
2022-12-09,1190.04,1198.27,1180.98,1196.53,57059488
2022-12-12,1196.48,1197.61,1188.07,1196.14,60208690
2022-12-13,1196.11,1224.16,1196.11,1217.03,76418379
2022-12-14,1216.73,1216.76,1202.88,1202.88,63253421
2022-12-15,1202.74,1206.46,1191.18,1195.32,66256072
2022-12-16,1195.21,1195.59,1176.24,1180.79,105094098
2022-12-19,1180.98,1192.7,1180.98,1186.8,63020482
2022-12-20,1187.02,1188.61,1172.07,1185.59,73868997
2022-12-21,1185.45,1204.24,1184.88,1200.15,71641698
2022-12-22,1200.18,1215.1,1195.74,1196.5,58775916
2022-12-23,1196.5,1200.52,1193.3,1199.71,55438436
2022-12-27,1199.88,1211.23,1197.79,1199.95,38122793
2022-12-28,1197.99,1203.0,1190.03,1190.8,42876035
2022-12-29,1190.8,1198.2,1183.91,1197.77,41259037
2022-12-30,1197.69,1197.69,1187.66,1189.0,41728600
2023-01-02,1189.05,1201.69,1189.05,1197.1,36850841
2023-01-03,1197.1,1207.31,1182.47,1182.96,61285619
2023-01-04,1182.96,1183.28,1163.04,1165.22,81653015
2023-01-05,1165.24,1176.13,1165.05,1173.78,67045083
2023-01-06,1173.78,1189.5,1171.19,1185.82,68500263
2023-01-09,1187.46,1203.76,1187.46,1194.15,69399391
2023-01-10,1192.44,1192.98,1181.04,1184.78,77767643
2023-01-11,1184.81,1188.99,1179.53,1182.96,74535304
2023-01-12,1182.98,1197.29,1182.98,1194.4,90628614
2023-01-13,1194.42,1199.99,1189.74,1192.51,65877522
2023-01-16,1192.51,1196.1,1181.29,1186.62,58914865
2023-01-17,1186.62,1199.25,1181.53,1196.14,71266571
2023-01-18,1196.16,1203.45,1188.25,1200.01,72052511
2023-01-19,1199.97,1199.97,1179.42,1182.66,58967437
2023-01-20,1182.68,1193.43,1182.68,1189.32,64360958
2023-01-23,1189.36,1199.73,1188.39,1198.7,47754114
2023-01-24,1198.71,1206.19,1189.59,1191.89,55370169
2023-01-25,1191.89,1193.01,1179.85,1180.51,87343064
2023-01-26,1180.79,1193.63,1180.79,1182.66,56353695
2023-01-27,1182.64,1199.16,1182.44,1199.16,54261410
2023-01-30,1199.06,1199.3,1191.48,1195.09,57819082
2023-01-31,1195.03,1197.25,1188.58,1195.44,70404576
2023-02-01,1195.53,1209.43,1195.23,1206.83,118676019
2023-02-02,1206.84,1212.71,1197.47,1199.32,100543386
2023-02-03,1199.45,1212.12,1194.01,1211.35,79131310
2023-02-06,1211.3,1211.3,1198.11,1202.75,65419288
2023-02-07,1202.82,1215.12,1202.82,1209.57,84907926
2023-02-08,1209.69,1244.61,1209.69,1239.75,107491735
2023-02-09,1239.78,1247.49,1235.58,1236.66,85864502
2023-02-10,1236.66,1239.96,1229.27,1238.25,87302456
2023-02-13,1238.3,1241.75,1232.67,1236.7,81548132
2023-02-14,1234.43,1238.48,1228.78,1236.83,76872817
2023-02-15,1238.01,1240.17,1232.31,1234.8,72862499
2023-02-16,1234.92,1244.43,1234.56,1240.4,93779050
2023-02-17,1240.4,1240.4,1226.59,1229.49,80695991
2023-02-20,1229.7,1237.92,1226.69,1234.68,53129863
2023-02-21,1234.61,1234.89,1219.98,1227.02,52460005
2023-02-22,1227.18,1227.18,1213.53,1219.74,67544829
2023-02-23,1219.94,1236.63,1219.83,1235.65,64947320
2023-02-24,1236.52,1238.8,1224.81,1226.65,60341833
2023-02-27,1226.91,1242.18,1226.91,1237.19,55573718
2023-02-28,1237.21,1243.15,1233.71,1240.92,91557495
2023-03-01,1241.1,1248.24,1237.93,1242.54,74560754
2023-03-02,1242.58,1252.64,1239.57,1250.4,61903132
2023-03-03,1251.11,1258.5,1246.45,1255.92,57399422
2023-03-06,1255.92,1261.51,1251.4,1255.39,61689730
2023-03-07,1255.5,1260.55,1243.08,1245.34,77268225
2023-03-08,1245.31,1246.25,1235.3,1243.59,59754978
2023-03-09,1243.64,1244.1,1230.46,1233.56,57550405
2023-03-10,1233.56,1233.56,1214.09,1220.58,79555136
2023-03-13,1220.54,1223.53,1177.93,1188.94,91525923
2023-03-14,1188.97,1209.78,1177.58,1205.33,90773198
2023-03-15,1206.01,1206.01,1155.48,1160.25,105475201
2023-03-16,1160.6,1177.1,1147.4,1160.0,89852673
2023-03-17,1160.02,1192.96,1149.58,1153.0,150691121
2023-03-20,1151.91,1166.7,1123.13,1165.34,111885948
2023-03-21,1165.39,1186.02,1165.39,1176.5,98154498
2023-03-22,1176.65,1180.95,1170.54,1178.18,70802242
2023-03-23,1178.65,1178.96,1169.1,1176.41,74406461
2023-03-24,1177.68,1177.68,1138.62,1141.95,118804849
2023-03-27,1142.12,1163.15,1142.12,1158.81,84509223
2023-03-28,1158.76,1170.45,1154.34,1159.63,81560649
2023-03-29,1159.75,1168.72,1159.75,1168.59,67739247
2023-03-30,1168.61,1190.18,1167.69,1184.66,79618733
2023-03-31,1184.61,1194.79,1181.87,1193.57,75488787
2023-04-03,1194.29,1216.15,1194.29,1208.6,84930671
2023-04-04,1208.6,1213.76,1201.41,1201.41,64576257
2023-04-05,1201.5,1201.81,1187.32,1195.23,37347545
2023-04-11,1195.17,1209.83,1195.17,1209.83,70975966
2023-04-12,1209.88,1222.2,1209.81,1215.64,65690179
2023-04-13,1215.68,1219.24,1209.24,1216.15,73340387
2023-04-14,1219.98,1226.39,1213.62,1224.58,102048033
2023-04-17,1224.76,1234.42,1224.76,1227.25,67355644
2023-04-18,1227.26,1234.13,1225.19,1228.08,64728333
2023-04-19,1228.48,1228.48,1220.06,1220.72,70972350
2023-04-20,1220.85,1220.86,1211.09,1214.6,68768491
2023-04-21,1214.92,1215.11,1206.63,1210.24,73897725
2023-04-24,1210.32,1221.17,1201.83,1219.8,58671142
2023-04-25,1220.01,1220.01,1203.66,1204.62,61263855
2023-04-26,1212.8,1214.93,1202.88,1204.81,80331991
2023-04-27,1205.2,1217.46,1200.74,1213.16,110458325
2023-04-28,1213.64,1226.52,1203.98,1226.44,108155709
2023-05-02,1228.56,1229.18,1207.92,1208.41,82848227
2023-05-03,1210.02,1213.17,1194.92,1203.48,73902935
2023-05-04,1203.49,1207.63,1189.55,1189.72,71034698
2023-05-05,1189.72,1205.23,1189.72,1204.54,66626044
2023-05-08,1204.54,1216.88,1204.54,1213.09,55430297
2023-05-09,1213.07,1214.93,1196.27,1202.34,86145884
2023-05-10,1202.38,1211.7,1199.75,1204.02,75777187
2023-05-11,1214.79,1215.46,1198.69,1201.49,73814700
2023-05-12,1201.81,1213.59,1197.06,1213.11,69484193
2023-05-15,1213.28,1219.03,1205.55,1216.65,73908765
2023-05-16,1216.79,1219.93,1208.01,1210.96,67043447
2023-05-19,1211.59,1226.34,1211.59,1225.4,77812743
2023-05-22,1225.25,1225.25,1218.03,1220.66,62355555
2023-05-23,1220.69,1228.64,1218.33,1227.39,70936992
2023-05-24,1228.02,1228.05,1215.76,1221.23,67696462
2023-05-25,1221.98,1232.57,1216.07,1219.16,71131948
2023-05-26,1219.86,1223.07,1212.32,1215.57,56053284
2023-05-30,1215.67,1222.59,1208.18,1209.81,64731544
2023-05-31,1209.81,1209.81,1195.83,1198.54,129436429
2023-06-01,1198.61,1207.35,1197.67,1202.0,70941579
2023-06-02,1202.33,1226.37,1202.33,1226.27,74092396
2023-06-05,1226.41,1239.95,1226.41,1227.29,63446460
2023-06-06,1227.46,1227.46,1208.52,1213.72,58310299
2023-06-07,1213.66,1229.58,1213.66,1227.6,58983216
2023-06-08,1227.51,1232.26,1225.24,1227.77,54281026
2023-06-09,1228.86,1232.42,1224.76,1231.56,61018581
2023-06-12,1231.73,1231.79,1223.88,1225.87,97674357
2023-06-13,1232.4,1245.08,1227.63,1245.08,75519419
2023-06-14,1245.08,1246.52,1236.66,1238.09,78928630
2023-06-15,1239.03,1245.56,1234.59,1235.36,67820065
2023-06-16,1235.37,1248.21,1235.36,1246.02,121853698
2023-06-19,1245.96,1245.96,1229.74,1231.97,58051254
2023-06-20,1231.93,1235.65,1227.44,1234.07,65703317
2023-06-21,1234.47,1234.47,1222.93,1227.58,77536580
2023-06-22,1227.36,1227.36,1204.54,1208.1,64665988
2023-06-23,1208.13,1208.29,1191.36,1193.99,85621177
2023-06-26,1193.99,1198.62,1180.09,1195.7,62146397
2023-06-27,1195.71,1200.65,1181.76,1186.15,74867792
2023-06-28,1186.22,1200.15,1186.22,1198.67,71070475
2023-06-29,1198.67,1210.91,1198.6,1210.13,64975395
2023-06-30,1210.14,1218.43,1210.14,1214.12,82467032
2023-07-03,1214.2,1228.57,1214.2,1225.17,70894009
2023-07-04,1225.23,1229.54,1223.44,1227.34,41706460
2023-07-05,1227.36,1227.39,1215.9,1216.96,56122545
2023-07-06,1216.9,1217.05,1198.0,1198.34,79897341
2023-07-07,1198.38,1201.31,1190.84,1198.96,61388860
2023-07-10,1199.0,1203.02,1190.08,1201.66,78679537
2023-07-11,1201.67,1206.1,1196.29,1205.68,107918972
2023-07-12,1205.68,1219.03,1202.45,1216.21,85649903
2023-07-13,1216.33,1220.12,1210.83,1213.54,88232230
2023-07-14,1213.62,1214.73,1200.93,1201.04,68612946
2023-07-17,1200.85,1200.85,1183.63,1186.39,59918684
2023-07-18,1187.7,1204.11,1185.94,1201.88,60816455
2023-07-19,1201.75,1210.65,1197.41,1209.86,61172770
2023-07-20,1209.82,1225.06,1209.64,1223.29,108109707
2023-07-21,1223.28,1230.99,1223.28,1230.79,79809847
2023-07-24,1230.82,1237.55,1223.59,1237.18,56645389
2023-07-25,1237.2,1243.13,1235.4,1242.7,67577984
2023-07-26,1242.73,1242.73,1224.27,1231.07,63011022
2023-07-27,1230.92,1242.18,1230.92,1239.81,50999922
2023-07-28,1239.76,1239.76,1229.0,1234.57,58424254
2023-07-31,1234.58,1249.57,1234.05,1244.93,64717345
2023-08-01,1244.91,1247.59,1240.43,1245.5,55488207
2023-08-02,1245.56,1245.56,1228.4,1231.51,58663743
2023-08-03,1231.51,1235.12,1219.4,1232.5,57194309
2023-08-04,1232.87,1244.67,1232.22,1242.7,73125327
2023-08-07,1242.66,1245.62,1231.97,1234.03,64474573
2023-08-08,1233.95,1233.95,1219.9,1226.28,80063360
2023-08-09,1226.3,1256.7,1226.3,1256.06,79187173
2023-08-10,1256.25,1256.86,1250.01,1255.55,73890358
2023-08-11,1255.33,1260.92,1248.54,1260.92,70976767
2023-08-14,1263.39,1263.43,1253.33,1257.26,66156575
2023-08-15,1257.26,1265.88,1251.57,1252.67,76374964
2023-08-16,1252.64,1257.29,1248.49,1257.11,70544285
2023-08-17,1257.0,1257.0,1248.24,1254.93,92233292
2023-08-18,1254.24,1254.24,1231.18,1237.48,97029987
2023-08-21,1237.4,1251.71,1237.34,1242.16,76363283
2023-08-22,1242.36,1243.28,1235.98,1236.99,72316477
2023-08-23,1236.99,1239.22,1224.46,1229.09,91025349
2023-08-24,1229.59,1235.49,1226.25,1228.37,96510119
2023-08-25,1228.36,1236.7,1226.61,1231.94,75245450
2023-08-28,1232.08,1246.9,1232.08,1246.85,68501618
2023-08-29,1246.9,1250.4,1244.72,1247.21,70065339
2023-08-30,1247.31,1254.98,1247.31,1252.12,60497549
2023-08-31,1252.62,1258.64,1251.89,1255.6,86475439
2023-09-01,1256.73,1268.91,1256.29,1265.81,69593434
2023-09-04,1265.83,1274.36,1265.54,1266.79,70764711
2023-09-05,1266.77,1279.68,1261.23,1272.72,67028459
2023-09-06,1272.61,1276.97,1267.17,1269.78,72177401
2023-09-07,1269.97,1269.97,1260.63,1262.2,69774623
2023-09-08,1262.31,1269.26,1262.31,1266.34,60804299
2023-09-11,1266.31,1275.62,1266.31,1273.99,63373753
2023-09-12,1274.04,1278.25,1271.31,1275.79,71118214
2023-09-13,1275.76,1281.87,1272.9,1273.47,64080289
2023-09-14,1274.27,1298.9,1274.27,1297.2,83396169
2023-09-15,1297.19,1308.29,1297.19,1300.98,180448736
2023-09-18,1301.14,1303.41,1295.93,1300.03,155855087
2023-09-19,1300.0,1304.87,1296.53,1301.38,105520926
2023-09-20,1302.02,1308.36,1295.42,1306.18,94629453
2023-09-21,1306.1,1306.1,1288.27,1296.0,86555984
2023-09-22,1296.02,1300.23,1289.63,1299.66,255983352
2023-09-25,1299.7,1300.0,1280.7,1283.59,88478073
2023-09-26,1283.64,1285.68,1274.27,1278.97,99063358
2023-09-27,1278.97,1295.02,1278.97,1294.01,82305202
2023-09-28,1294.08,1299.5,1287.35,1289.1,96878998
2023-09-29,1289.1,1303.65,1289.1,1290.99,90499410
2023-10-02,1290.88,1301.74,1281.15,1281.21,91405901
2023-10-03,1280.99,1281.18,1263.04,1263.05,103920330
2023-10-04,1263.08,1265.04,1247.27,1247.68,107238384
2023-10-05,1247.69,1254.05,1242.05,1253.05,99094177
2023-10-06,1253.32,1258.57,1246.72,1251.27,82740776
2023-10-09,1251.33,1280.13,1251.21,1280.13,99790568
2023-10-10,1280.28,1295.87,1277.94,1295.77,100440049
2023-10-11,1295.77,1302.41,1291.69,1293.2,83515376
2023-10-12,1293.17,1312.78,1292.67,1308.55,85326675
2023-10-13,1308.55,1315.56,1306.04,1310.84,83946282
2023-10-16,1310.93,1318.39,1309.19,1312.0,73965957
2023-10-17,1312.02,1312.89,1303.86,1309.81,76347643
2023-10-18,1309.77,1314.68,1305.74,1312.26,77226841
2023-10-19,1314.34,1314.5,1289.83,1291.25,77693240
2023-10-20,1291.22,1292.69,1272.14,1272.14,109124173
2023-10-23,1272.02,1272.02,1251.85,1254.72,76111505
2023-10-24,1254.78,1265.37,1253.06,1264.85,77096224
2023-10-25,1264.86,1269.11,1258.22,1259.14,140965388
2023-10-26,1259.12,1261.91,1249.69,1252.38,115954085
2023-10-27,1252.47,1276.06,1252.47,1263.81,102683123
2023-10-30,1264.12,1280.08,1264.01,1268.48,83972432
2023-10-31,1268.54,1281.64,1268.54,1281.02,82741841
2023-11-01,1282.45,1282.9,1271.11,1281.17,96496127
2023-11-02,1281.33,1292.61,1280.59,1291.81,127536742
2023-11-03,1292.14,1298.46,1282.49,1284.91,111575250
2023-11-06,1284.98,1293.65,1284.87,1291.24,91506138
2023-11-07,1291.46,1291.46,1263.04,1264.53,83660185
2023-11-08,1264.45,1278.35,1259.76,1273.74,86504841
2023-11-09,1274.03,1289.17,1266.18,1288.59,97797942
2023-11-10,1288.34,1288.34,1283.07,1283.07,75106163
2023-11-13,1282.98,1294.2,1282.98,1293.99,57642736
2023-11-14,1296.61,1303.17,1290.27,1303.08,76132130
2023-11-15,1303.08,1308.01,1301.45,1306.4,103290697
2023-11-16,1306.46,1306.85,1282.8,1282.8,83537154
2023-11-17,1283.87,1297.21,1281.5,1296.28,87364337
2023-11-20,1296.43,1306.52,1296.41,1306.38,69479693
2023-11-21,1306.35,1306.93,1287.58,1288.74,76310827
2023-11-22,1288.95,1297.3,1282.95,1286.3,85410662
2023-11-23,1286.71,1306.35,1286.59,1306.34,53658370
2023-11-24,1306.32,1315.43,1304.36,1315.22,50744160
2023-11-27,1315.05,1315.88,1308.76,1311.21,55538820
2023-11-28,1311.16,1311.16,1299.16,1299.85,77672516
2023-11-29,1293.42,1300.84,1288.7,1293.15,66932335
2023-11-30,1292.37,1307.84,1290.63,1303.88,148106629
2023-12-01,1303.9,1307.11,1297.91,1304.37,68184697
2023-12-04,1304.34,1304.34,1287.73,1290.24,70789267
2023-12-05,1290.3,1298.69,1288.29,1292.16,66477834
2023-12-06,1292.15,1298.82,1288.91,1291.25,78896025
2023-12-07,1291.22,1292.34,1284.56,1287.64,69821047
2023-12-08,1287.64,1294.96,1283.5,1294.33,79130481
2023-12-11,1294.35,1299.18,1291.86,1299.18,63290059
2023-12-12,1299.2,1303.56,1286.51,1291.39,89232811
2023-12-13,1291.72,1293.3,1277.89,1289.59,108252723
2023-12-14,1289.84,1314.08,1289.84,1303.97,103238864
2023-12-15,1303.96,1314.35,1296.33,1296.42,162022293
2023-12-18,1296.5,1312.53,1296.5,1309.03,90382348
2023-12-19,1309.05,1309.47,1298.27,1299.63,68198417
2023-12-20,1299.62,1309.26,1296.51,1297.01,70241765
2023-12-21,1296.85,1296.9,1287.2,1292.59,75747035
2023-12-22,1292.56,1298.41,1291.95,1295.42,69655910
2023-12-27,1294.97,1310.42,1294.97,1307.1,64415426
2023-12-28,1307.1,1307.93,1300.48,1304.4,59373692
2023-12-29,1304.35,1308.78,1302.63,1306.61,50669936
2024-01-02,1306.68,1316.71,1303.28,1307.06,62937359
2024-01-03,1307.06,1307.35,1298.84,1307.12,66629438
2024-01-04,1307.18,1327.82,1307.18,1323.13,79848378
2024-01-05,1323.16,1323.16,1312.66,1317.77,67033847
2024-01-08,1317.8,1317.83,1300.88,1303.96,70104299
2024-01-09,1303.99,1314.54,1300.54,1302.91,98528554
2024-01-10,1302.93,1304.6,1294.23,1297.17,70264219
2024-01-11,1297.3,1302.27,1289.74,1289.74,88664820
2024-01-12,1289.59,1305.1,1289.38,1298.75,82101206
2024-01-15,1298.75,1301.48,1284.2,1286.13,72125182
2024-01-16,1286.13,1290.05,1274.33,1284.38,76610796
2024-01-17,1284.24,1284.24,1264.69,1271.16,72755146
2024-01-18,1271.19,1279.1,1270.98,1276.39,87658004
2024-01-19,1276.4,1289.53,1276.4,1278.01,112154312
2024-01-22,1278.04,1280.96,1271.98,1278.24,69151094
2024-01-23,1278.26,1285.99,1274.36,1284.39,82088178
2024-01-24,1284.63,1289.3,1282.51,1285.95,85354745
2024-01-25,1285.95,1293.57,1280.1,1285.16,81600479
2024-01-26,1285.11,1294.53,1283.28,1293.52,65265212
2024-01-29,1293.38,1300.77,1288.25,1289.58,70424664
2024-01-30,1289.58,1290.42,1282.27,1282.75,68063093
2024-01-31,1282.63,1285.25,1277.0,1278.32,71954558
2024-02-01,1278.32,1282.21,1273.38,1279.3,62327441
2024-02-02,1279.28,1280.44,1268.74,1271.69,91540534
2024-02-05,1271.75,1276.45,1263.74,1264.09,73511393
2024-02-06,1264.11,1274.35,1264.11,1273.21,86174745
2024-02-07,1273.4,1273.4,1247.17,1247.17,99555314
2024-02-08,1247.19,1248.58,1235.61,1236.59,94490551
2024-02-09,1236.71,1245.19,1235.55,1240.49,75451386
2024-02-12,1240.55,1252.91,1240.55,1250.87,69206665
2024-02-13,1252.43,1252.62,1239.17,1240.19,79874982
2024-02-14,1242.6,1253.44,1230.67,1250.4,82859188
2024-02-15,1250.58,1256.38,1242.91,1252.24,126573375
2024-02-16,1252.41,1267.15,1252.41,1264.02,112452740
2024-02-19,1264.34,1268.67,1262.06,1267.23,64698318
2024-02-20,1267.23,1267.29,1256.03,1262.81,87845110
2024-02-21,1264.05,1264.05,1254.37,1260.0,84716109
2024-02-22,1260.25,1269.88,1260.25,1263.58,71018316
2024-02-23,1264.33,1267.94,1254.97,1260.8,67582614
2024-02-26,1260.83,1263.63,1256.51,1262.31,69691374
2024-02-27,1262.25,1264.2,1255.64,1260.06,70084069
2024-02-28,1260.08,1266.21,1257.32,1263.82,101112076
2024-02-29,1263.82,1268.83,1258.89,1266.11,119866996
2024-03-01,1266.56,1281.08,1266.56,1275.14,74533035
2024-03-04,1275.32,1280.26,1268.27,1268.96,67940980
2024-03-05,1269.51,1278.23,1264.38,1275.27,68891486
2024-03-06,1275.26,1282.99,1272.76,1274.04,74972135
2024-03-07,1274.08,1276.85,1269.07,1274.52,96309794
2024-03-08,1274.51,1283.37,1274.51,1279.23,93772608
2024-03-11,1279.48,1280.27,1265.31,1267.61,64415539
2024-03-12,1267.79,1280.64,1267.62,1279.21,93424106
2024-03-13,1279.21,1291.47,1278.08,1291.47,92022558
2024-03-14,1291.69,1295.37,1289.14,1290.84,82515007
2024-03-15,1290.81,1300.27,1290.79,1293.09,425845066
2024-03-18,1293.09,1305.39,1293.09,1300.45,74612185
2024-03-19,1300.81,1310.62,1300.13,1302.94,77288281
2024-03-20,1302.94,1308.12,1298.25,1303.74,100197991
2024-03-21,1305.15,1317.07,1305.15,1310.55,72500316
2024-03-22,1310.49,1323.22,1308.71,1319.33,70083505
2024-03-25,1319.4,1324.47,1316.35,1323.06,70401494
2024-03-26,1323.07,1326.25,1318.6,1322.36,55883141
2024-03-27,1322.41,1329.14,1321.18,1328.15,42339928
2024-04-02,1328.19,1352.21,1328.19,1342.78,104655908
2024-04-03,1342.56,1349.35,1339.75,1349.28,87042674
2024-04-04,1349.28,1351.98,1347.5,1349.62,83551042
2024-04-05,1350.99,1355.16,1345.69,1351.5,68229089
2024-04-08,1351.8,1358.12,1350.79,1350.9,85114298
2024-04-09,1350.9,1359.4,1350.19,1352.65,103163005
2024-04-10,1352.68,1363.14,1346.46,1357.06,100178649
2024-04-11,1357.06,1366.89,1355.26,1355.28,94067320
2024-04-12,1356.03,1377.83,1356.03,1376.17,81930732
2024-04-15,1376.17,1378.72,1358.69,1361.91,69040203
2024-04-16,1361.89,1361.9,1342.75,1343.16,70416851
2024-04-17,1343.16,1354.29,1343.14,1347.78,75102959
2024-04-18,1348.04,1348.19,1335.08,1342.62,69803740
2024-04-19,1345.27,1346.13,1327.39,1341.22,74036081
2024-04-22,1341.21,1344.62,1337.67,1340.25,63264225
2024-04-23,1340.25,1342.4,1334.21,1339.8,69293082
2024-04-24,1340.08,1353.34,1340.08,1353.28,89455056
2024-04-25,1353.46,1364.54,1350.76,1358.86,113216630
2024-04-26,1359.49,1367.57,1357.2,1365.93,106387864
2024-04-29,1369.07,1370.24,1359.78,1367.92,82277669
2024-04-30,1379.18,1382.26,1369.88,1371.21,83468213
2024-05-02,1372.19,1372.19,1353.66,1364.5,72670134
2024-05-03,1364.55,1379.14,1363.59,1371.3,61931578
2024-05-06,1371.9,1390.47,1371.86,1390.11,66236175
2024-05-07,1390.24,1396.91,1388.33,1394.15,70266432
2024-05-08,1399.86,1400.34,1392.37,1398.27,94656766
2024-05-10,1398.27,1420.97,1398.27,1418.73,82736900
2024-05-13,1418.7,1418.7,1408.61,1416.45,65180605
2024-05-14,1416.32,1418.74,1412.27,1417.0,76088537
2024-05-15,1420.22,1425.52,1408.54,1409.06,67355659
2024-05-16,1410.03,1419.11,1407.69,1416.42,86601406
2024-05-21,1416.48,1428.25,1416.33,1424.56,79728949
2024-05-22,1426.11,1426.93,1416.43,1418.31,60602818
2024-05-23,1418.45,1428.62,1415.25,1424.98,82745127
2024-05-24,1425.14,1425.93,1415.25,1423.46,58767299
2024-05-27,1423.53,1434.6,1421.06,1434.2,53739465
2024-05-28,1434.47,1437.48,1431.53,1433.82,95372873
2024-05-29,1435.04,1439.82,1422.1,1423.64,97836271
2024-05-30,1423.65,1435.99,1415.39,1428.1,80372384
2024-05-31,1428.28,1442.59,1428.28,1440.53,150542151
2024-06-03,1440.55,1456.63,1440.55,1442.35,86440971
2024-06-04,1442.32,1442.32,1408.13,1415.1,87204708
2024-06-05,1415.1,1421.78,1412.65,1413.36,58064214
2024-06-06,1413.84,1420.48,1413.84,1416.83,84302289
2024-06-07,1419.39,1423.28,1413.29,1423.28,58943576
2024-06-10,1423.28,1423.74,1413.35,1419.29,51085580
2024-06-11,1419.55,1424.15,1402.85,1407.23,77507699
2024-06-12,1407.23,1417.82,1407.14,1414.25,59973561
2024-06-13,1414.81,1414.81,1399.32,1400.14,66205027
2024-06-14,1400.14,1406.61,1390.43,1391.56,68335000
2024-06-17,1391.57,1399.19,1386.43,1393.52,62012431
2024-06-18,1393.52,1405.62,1393.52,1403.06,53431323
2024-06-19,1403.15,1408.69,1401.68,1404.23,173984613
2024-06-20,1404.64,1409.94,1401.07,1409.34,80965074
2024-06-21,1409.34,1409.76,1401.75,1406.98,116828913
2024-06-24,1407.01,1418.09,1399.48,1417.06,56023383
2024-06-25,1417.04,1421.26,1407.03,1410.46,49689982
2024-06-26,1410.46,1422.41,1406.93,1409.24,53795827
2024-06-27,1409.29,1417.75,1409.19,1415.84,60028915
2024-06-28,1415.87,1425.55,1414.91,1422.35,62578740
2024-07-01,1422.37,1434.25,1420.96,1428.29,
2024-07-02,1428.33,1432.51,1424.39,1427.64,50392068
2024-07-03,1427.65,1434.87,1425.58,1428.23,55188988
2024-07-04,1428.24,1429.35,1425.56,1425.84,100042846
2024-07-05,1425.82,1433.73,1418.63,1418.89,59501213
2024-07-08,1418.96,1419.39,1406.58,1409.3,55912362
2024-07-09,1409.24,1411.43,1400.72,1401.33,52061461
2024-07-10,1401.29,1409.12,1400.79,1406.03,55177069
2024-07-11,1406.03,1415.33,1404.96,1415.32,63552332
2024-07-12,1415.87,1435.69,1415.87,1434.43,85193736
2024-07-15,1434.42,1436.43,1422.87,1427.41,50766638
2024-07-16,1427.39,1429.3,1420.75,1425.29,50776979
2024-07-17,1426.9,1431.83,1421.57,1431.74,49440361
2024-07-18,1431.7,1446.14,1430.99,1443.71,50087037
2024-07-19,1443.72,1446.53,1439.02,1443.02,50351003
2024-07-22,1442.98,1454.06,1440.26,1452.54,48014904
2024-07-23,1452.89,1454.94,1444.96,1446.85,51474282
2024-07-24,1446.84,1448.33,1439.36,1440.21,42172671
2024-07-25,1440.52,1440.52,1419.95,1429.04,51977035
2024-07-26,1429.18,1444.37,1429.11,1434.12,46559693
2024-07-29,1434.71,1450.14,1434.71,1445.27,41797943
2024-07-30,1445.27,1445.75,1440.32,1443.96,44222320
2024-07-31,1443.98,1463.91,1443.97,1459.29,54408619
2024-08-01,1459.3,1467.37,1449.91,1451.57,42502154
2024-08-02,1451.42,1451.42,1408.87,1408.88,67519556
2024-08-05,1408.8,1408.8,1347.42,1361.58,98082114
2024-08-06,1362.08,1392.48,1362.08,1374.22,68084217
2024-08-07,1374.23,1402.57,1374.23,1401.05,49542798
2024-08-08,1400.91,1404.81,1390.23,1402.52,70690458
2024-08-09,1402.52,1418.76,1402.52,1412.91,54101023
2024-08-12,1412.91,1430.22,1412.91,1427.52,43432735
2024-08-13,1427.52,1433.67,1425.25,1427.65,45283710
2024-08-14,1427.65,1437.29,1427.65,1437.29,49595561
2024-08-15,1437.29,1444.43,1432.46,1438.37,71584019
2024-08-16,1441.56,1448.49,1437.46,1442.82,57927842
2024-08-19,1443.31,1448.73,1435.79,1448.6,51168914
2024-08-20,1448.66,1448.66,1427.32,1428.69,51197544
2024-08-21,1428.86,1432.08,1424.87,1425.94,69265443
2024-08-22,1426.05,1429.29,1417.61,1424.87,52357270
2024-08-23,1424.87,1434.99,1424.04,1434.48,51196938
2024-08-26,1434.54,1446.74,1433.52,1443.61,50620317
2024-08-27,1443.62,1446.17,1437.49,1438.26,49504710
2024-08-28,1438.37,1439.49,1429.2,1431.22,62549077
2024-08-29,1431.42,1434.16,1423.05,1432.52,50555131
2024-08-30,1432.57,1445.29,1431.94,1439.44,90736381
2024-09-02,1440.33,1440.89,1427.99,1428.96,45380841
2024-09-03,1428.94,1431.72,1397.48,1397.48,63572882
2024-09-04,1397.37,1401.98,1381.31,1397.16,60795257
2024-09-05,1397.15,1397.31,1390.08,1393.79,294366040
2024-09-06,1393.62,1393.62,1380.82,1385.94,70623316
2024-09-09,1386.26,1394.34,1382.57,1392.67,55904659
2024-09-10,1392.89,1403.29,1379.27,1379.27,74355042
2024-09-11,1379.21,1392.43,1379.21,1381.37,65582329
2024-09-12,1381.84,1402.33,1381.84,1394.8,92379710
2024-09-13,1394.8,1407.41,1394.8,1407.41,72878487
2024-09-16,1407.35,1411.93,1399.89,1410.9,63104929
2024-09-17,1411.24,1416.28,1402.93,1404.8,83797790
2024-09-18,1404.75,1405.3,1398.42,1400.41,80601834
2024-09-19,1400.57,1423.32,1400.57,1411.02,99256354
2024-09-20,1411.03,1416.5,1403.63,1407.43,187490197
2024-09-23,1407.43,1414.4,1401.7,1412.29,60363160
2024-09-24,1412.37,1422.86,1411.45,1412.36,72448880
2024-09-25,1413.2,1413.66,1401.83,1404.42,59534385
2024-09-26,1404.67,1406.74,1392.47,1393.83,80370217
2024-09-27,1394.01,1408.33,1394.01,1406.93,77797821
2024-09-30,1407.09,1417.85,1405.87,1416.3,71478588
2024-10-01,1416.31,1430.43,1413.38,1424.67,70689092
2024-10-02,1424.71,1442.12,1424.05,1437.67,73474189
2024-10-03,1437.72,1439.28,1427.6,1436.15,50188357
2024-10-04,1436.17,1450.8,1435.45,1449.45,80386153
2024-10-07,1449.55,1451.94,1436.53,1442.48,63102031
2024-10-08,1442.42,1442.42,1424.05,1424.05,57995002
2024-10-09,1424.05,1431.66,1423.25,1431.66,47969159
2024-10-10,1431.59,1444.23,1431.59,1443.63,55017497
2024-10-11,1443.72,1450.75,1439.15,1449.34,58002777
2024-10-14,1449.38,1451.75,1445.22,1450.21,49239428
2024-10-15,1450.46,1451.28,1433.45,1438.27,67630334
2024-10-16,1438.27,1444.38,1435.76,1441.83,59367508
2024-10-17,1441.88,1448.75,1437.2,1443.94,53199116
2024-10-18,1444.03,1449.17,1432.86,1433.62,49362099
2024-10-21,1433.68,1445.86,1433.68,1438.55,44295757
2024-10-22,1438.55,1448.34,1438.55,1444.02,64491976
2024-10-23,1444.11,1447.82,1434.9,1439.93,55483850
2024-10-24,1439.86,1453.24,1439.09,1446.48,64224400
2024-10-25,1446.48,1461.28,1446.48,1461.21,82054356
2024-10-28,1462.13,1462.13,1440.17,1449.88,61985658
2024-10-29,1451.08,1460.88,1448.57,1449.39,58330946
2024-10-30,1449.88,1455.09,1447.01,1449.57,80832558
2024-10-31,1449.78,1449.78,1427.94,1431.41,88346846
2024-11-01,1431.56,1439.72,1429.28,1433.2,54730901
2024-11-04,1434.87,1438.17,1426.69,1426.69,42869722
2024-11-05,1425.51,1433.52,1419.19,1432.66,48643430
2024-11-06,1432.78,1438.68,1412.58,1414.43,76352110
2024-11-07,1414.48,1428.27,1414.48,1421.23,61198082
2024-11-08,1421.79,1427.24,1413.72,1416.42,92936739
2024-11-11,1416.51,1428.18,1416.51,1419.61,58125283
2024-11-12,1419.69,1419.74,1408.59,1411.19,55946386
2024-11-13,1411.15,1412.84,1402.42,1402.42,51545813
2024-11-14,1402.83,1428.31,1402.69,1426.26,61516506
2024-11-15,1426.85,1445.57,1419.32,1445.01,90262936
2024-11-18,1448.07,1448.09,1431.94,1441.81,50696078
2024-11-19,1441.83,1444.71,1433.08,1442.97,52597068
2024-11-20,1443.22,1458.56,1443.22,1452.15,68622151
2024-11-21,1452.43,1465.91,1450.59,1464.83,67277245
2024-11-22,1464.83,1471.16,1462.45,1468.66,51414468
2024-11-25,1468.66,1480.46,1468.55,1471.7,140721929
2024-11-26,1471.76,1471.86,1452.05,1452.05,62824544
2024-11-27,1452.05,1458.79,1448.58,1457.03,61683028
2024-11-28,1457.63,1461.14,1453.44,1456.97,43792353
2024-11-29,1456.93,1458.12,1452.39,1454.21,56040071
2024-12-02,1454.22,1458.0,1452.33,1454.77,63264003
2024-12-03,1454.83,1472.02,1454.43,1469.43,62880041
2024-12-04,1469.42,1481.23,1469.42,1472.91,60274073
2024-12-05,1473.8,1476.53,1467.62,1472.08,62366764
2024-12-06,1472.28,1473.37,1448.86,1449.58,55668409
2024-12-09,1449.74,1459.1,1449.69,1454.92,56745883
2024-12-10,1455.14,1455.14,1444.47,1447.17,49498153
2024-12-11,1447.38,1456.14,1441.23,1447.7,56128109
2024-12-12,1448.03,1457.42,1445.15,1448.52,55334235
2024-12-13,1448.6,1450.49,1442.11,1445.87,50972067
2024-12-16,1445.85,1446.06,1428.06,1429.9,54387019
2024-12-17,1429.93,1429.93,1416.51,1417.55,66874810
2024-12-18,1417.56,1425.71,1413.66,1414.24,60679850
2024-12-19,1412.72,1412.72,1400.99,1406.06,66635878
2024-12-20,1406.1,1407.17,1393.33,1400.54,102073643
2024-12-23,1400.54,1410.8,1400.3,1408.0,53323012
2024-12-27,1408.11,1426.53,1407.99,1425.1,54925567
2024-12-30,1425.13,1426.67,1420.12,1425.05,46136248
2025-01-02,1425.03,1460.62,1425.03,1458.15,62365343
2025-01-03,1458.21,1465.76,1451.08,1462.48,52880496
2025-01-06,1462.4,1467.4,1453.85,1461.23,73368518
2025-01-07,1461.21,1469.73,1454.92,1469.54,62122561
2025-01-08,1470.47,1476.87,1462.56,1466.56,60282602
2025-01-09,1465.97,1476.18,1465.32,1472.83,84364287
2025-01-10,1472.85,1484.92,1472.08,1479.81,69196195
2025-01-13,1479.7,1483.28,1467.22,1479.15,96551949
2025-01-14,1478.99,1487.44,1475.92,1477.47,78434298
2025-01-15,1477.45,1491.86,1476.88,1491.02,65759523
2025-01-16,1490.97,1501.03,1484.43,1486.03,55901244
2025-01-17,1486.03,1495.72,1486.03,1493.65,66015212
2025-01-20,1493.49,1495.79,1491.21,1491.21,42091235
2025-01-21,1491.15,1491.24,1479.02,1485.35,50530318
2025-01-22,1485.35,1498.09,1485.35,1489.35,51853507
2025-01-23,1489.35,1503.03,1488.05,1503.03,58055015
2025-01-24,1502.58,1509.86,1488.95,1489.14,67669617
2025-01-27,1488.96,1491.68,1480.85,1491.68,50500750
2025-01-28,1491.68,1505.56,1488.09,1498.11,57512486
2025-01-29,1498.58,1510.52,1498.58,1510.49,51258690
2025-01-30,1510.49,1522.22,1510.48,1522.22,52110524
2025-01-31,1522.32,1522.56,1512.02,1515.46,60917925
2025-02-03,1515.03,1515.03,1486.94,1498.83,78280648
2025-02-04,1498.93,1511.02,1493.54,1510.13,55639573
2025-02-05,1510.11,1518.39,1499.92,1502.11,65422103
2025-02-06,1501.85,1515.91,1498.65,1499.25,67249844
2025-02-07,1499.23,1499.23,1481.66,1485.1,49671686
2025-02-10,1485.01,1495.57,1485.01,1487.44,48250160
2025-02-11,1487.27,1505.24,1487.27,1505.01,68590445
2025-02-12,1505.33,1505.75,1479.0,1481.21,72726762
2025-02-13,1484.83,1485.64,1468.97,1482.34,70689618
2025-02-14,1482.39,1492.49,1477.14,1488.2,65739658
2025-02-17,1490.9,1496.27,1482.92,1491.36,50660967
2025-02-18,1491.39,1496.65,1485.18,1491.05,48564323
2025-02-19,1491.26,1503.43,1491.02,1497.79,52872327
2025-02-20,1497.82,1497.82,1489.64,1493.34,49074992
2025-02-21,1494.07,1506.61,1493.4,1500.24,57760033
2025-02-24,1500.75,1508.33,1495.54,1498.18,50122735
2025-02-25,1497.96,1505.09,1492.87,1493.55,54119568
2025-02-26,1493.59,1502.47,1493.59,1501.64,62612774
2025-02-27,1501.61,1501.61,1486.27,1492.91,61132557
2025-02-28,1492.66,1492.68,1482.1,1489.65,136953412
2025-03-03,1494.13,1514.19,1494.13,1507.41,59011621
2025-03-04,1507.48,1507.48,1462.3,1462.3,85391512
2025-03-05,1462.4,1487.5,1462.4,1472.75,69218800
2025-03-06,1473.13,1486.36,1468.35,1476.13,93108771
2025-03-07,1476.45,1490.96,1471.93,1490.91,67222047
2025-03-10,1490.92,1494.09,1481.28,1486.21,61576669
2025-03-11,1485.89,1490.79,1471.36,1475.69,62449762
2025-03-12,1475.69,1483.47,1471.12,1471.21,93643605
2025-03-13,1471.3,1493.91,1471.01,1493.27,87224221
2025-03-14,1493.49,1505.12,1491.16,1504.51,66201410
2025-03-17,1504.66,1523.81,1504.66,1523.81,60769516
2025-03-18,1523.91,1539.35,1523.91,1532.87,65473982
2025-03-19,1532.84,1544.68,1530.59,1544.01,56511129
2025-03-20,1544.31,1551.24,1528.29,1539.5,63166526
2025-03-21,1540.94,1543.47,1528.67,1534.35,132744501
2025-03-24,1534.72,1541.97,1526.71,1530.81,43004711
2025-03-25,1530.81,1544.48,1530.81,1534.72,49573098
2025-03-26,1536.47,1543.72,1533.19,1542.58,57901773
2025-03-27,1542.48,1542.48,1520.19,1534.3,62382066
2025-03-28,1534.26,1534.44,1511.04,1513.98,57961321
2025-03-31,1514.05,1518.8,1497.82,1516.52,60396621
2025-04-01,1516.73,1527.23,1516.73,1518.11,56598520
2025-04-02,1517.78,1523.93,1498.27,1500.3,48947590
2025-04-03,1496.86,1496.86,1463.3,1469.7,80645736
2025-04-04,1470.39,1470.39,1395.87,1396.13,124398961
2025-04-07,1394.39,1406.98,1314.6,1390.09,139277786
2025-04-08,1390.56,1406.95,1369.9,1401.52,86897735
2025-04-09,1401.27,1401.27,1343.3,1362.84,97247842
2025-04-10,1364.67,1437.58,1364.67,1401.51,95792631
2025-04-11,1401.83,1416.48,1388.58,1407.76,66986160
2025-04-14,1408.53,1437.86,1408.53,1434.74,56090873
2025-04-15,1434.8,1452.14,1434.8,1446.78,52490147
2025-04-16,1446.62,1447.47,1430.31,1447.47,37708661
2025-04-22,1447.62,1448.25,1429.85,1437.37,60201415
2025-04-23,1438.29,1461.77,1438.29,1453.91,73250558
2025-04-24,1454.0,1458.88,1447.96,1452.23,133549902
2025-04-25,1456.86,1466.47,1450.95,1456.43,80834045
2025-04-28,1456.67,1468.12,1456.67,1467.54,59178123
2025-04-29,1469.31,1472.35,1458.03,1472.35,72320266
2025-04-30,1484.64,1488.46,1475.58,1487.07,78018023
2025-05-02,1488.61,1510.15,1488.34,1510.15,79922018
2025-05-05,1510.86,1515.21,1500.64,1514.89,70936958
2025-05-06,1515.14,1518.01,1502.59,1508.97,61964206
2025-05-07,1509.4,1512.95,1502.27,1512.95,67927983
2025-05-08,1515.02,1527.25,1511.2,1514.12,75313270
2025-05-09,1514.38,1518.25,1505.11,1505.35,65241708
2025-05-12,1509.73,1525.39,1509.73,1520.32,101473733
2025-05-13,1520.47,1527.88,1516.38,1525.55,57014760
2025-05-14,1527.03,1538.17,1527.03,1535.09,59128149
2025-05-15,1538.43,1547.17,1525.18,1547.17,61045351
2025-05-16,1548.02,1566.51,1548.02,1565.56,62916579
2025-05-19,1565.59,1565.59,1547.2,1558.73,51045886
2025-05-20,1558.71,1565.86,1553.23,1561.46,62102983
2025-05-21,1562.15,1569.36,1561.37,1569.15,58824041
2025-05-22,1572.28,1572.34,1541.36,1546.79,83900345
2025-05-23,1547.88,1561.56,1530.44,1549.67,65294581
2025-05-26,1549.72,1567.72,1549.72,1564.87,52737254
2025-05-27,1565.08,1577.69,1563.39,1574.52,63567846
2025-05-28,1575.32,1582.19,1564.53,1564.95,52159925
2025-05-30,1565.54,1574.02,1560.65,1561.61,122128205
2025-06-02,1561.54,1573.5,1556.73,1569.64,83847483
2025-06-03,1570.36,1576.07,1565.39,1569.53,57379493
2025-06-04,1569.6,1582.12,1568.58,1579.39,137566106
2025-06-05,1579.47,1591.27,1576.57,1583.01,55954010
2025-06-06,1582.93,1590.84,1582.93,1584.61,54740834
2025-06-10,1584.61,1602.38,1584.4,1600.91,61036067
2025-06-11,1600.66,1613.27,1598.48,1610.88,65833657
2025-06-12,1610.93,1618.14,1604.49,1616.14,65171846
2025-06-13,1616.12,1631.9,1616.08,1627.37,90423463
2025-06-16,1627.37,1641.91,1627.36,1633.46,72340551
2025-06-17,1632.99,1640.21,1626.49,1636.76,60696659
2025-06-18,1636.72,1640.35,1633.89,1637.65,74570054
2025-06-19,1639.02,1645.14,1634.06,1645.14,55025257
2025-06-20,1645.45,1649.64,1635.08,1643.85,138171756
2025-06-23,1644.09,1650.73,1633.13,1633.13,81758539
2025-06-24,1633.15,1634.58,1598.72,1605.68,95116336
2025-06-25,1605.68,1608.27,1594.47,1600.55,65405581
2025-06-26,1600.65,1605.68,1593.58,1597.57,55563202
2025-06-27,1597.53,1612.16,1597.28,1607.73,58991794
2025-06-30,1607.84,1621.32,1607.79,1621.29,58975390
2025-07-01,1621.36,1621.53,1608.21,1608.3,51811486
2025-07-02,1608.3,1621.56,1604.14,1619.37,52985131
2025-07-03,1619.38,1632.99,1619.35,1629.27,52534167
2025-07-04,1629.26,1633.25,1622.39,1631.88,46517260
2025-07-07,1631.99,1635.05,1628.41,1633.51,58092568
2025-07-08,1633.48,1635.03,1625.94,1633.8,52849943
2025-07-09,1633.8,1636.93,1621.64,1621.64,56856881
2025-07-10,1621.9,1634.15,1621.9,1632.43,53482600
2025-07-11,1632.5,1633.82,1618.14,1627.14,92750948
2025-07-14,1627.13,1637.64,1618.28,1628.78,62910336
2025-07-15,1628.87,1631.54,1620.88,1624.67,62130138
2025-07-16,1624.65,1624.65,1609.63,1609.63,54484725
2025-07-17,1609.62,1613.5,1605.4,1610.4,46078391
2025-07-18,1612.33,1621.14,1612.12,1616.92,59089993
2025-07-21,1616.99,1617.53,1608.18,1608.18,42247915
2025-07-22,1610.67,1617.25,1609.53,1612.43,52053526
2025-07-23,1612.41,1620.89,1610.4,1614.08,49854732
2025-07-24,1614.35,1632.6,1614.35,1624.96,50941117
2025-07-25,1624.77,1627.31,1613.02,1614.53,38806940
2025-07-28,1614.89,1627.59,1614.88,1625.05,46243227
2025-07-29,1625.07,1634.15,1625.07,1633.47,61832448
2025-07-30,1633.48,1638.69,1616.29,1621.45,46731964
2025-07-31,1621.28,1627.15,1618.99,1625.25,50785307
2025-08-01,1625.41,1625.41,1602.03,1605.43,45844504
2025-08-04,1605.45,1620.46,1605.45,1616.5,39730269
2025-08-05,1616.5,1628.85,1616.5,1623.18,49165589
2025-08-06,1623.24,1630.81,1622.01,1624.55,48420384
2025-08-07,1624.49,1625.4,1612.85,1621.7,48516074
2025-08-08,1621.7,1633.19,1620.36,1622.72,43048179
2025-08-11,1622.65,1622.65,1610.19,1611.97,37429720
2025-08-12,1612.61,1623.68,1612.57,1623.67,48880959
2025-08-13,1623.66,1630.06,1620.69,1626.56,54343824
2025-08-14,1626.56,1635.29,1626.56,1630.9,82213712
2025-08-15,1630.91,1640.5,1629.58,1634.23,62070886
2025-08-18,1638.35,1638.43,1628.18,1632.69,43696490
2025-08-19,1632.68,1639.42,1630.33,1635.64,48960876
2025-08-20,1635.65,1645.56,1629.87,1644.9,38590275
2025-08-21,1645.42,1658.65,1645.2,1657.37,56306904
2025-08-22,1657.49,1665.73,1657.49,1664.42,51642222
2025-08-25,1664.2,1664.37,1655.71,1661.86,44748658
2025-08-26,1662.56,1662.6,1653.03,1659.54,73029358
2025-08-27,1659.73,1659.73,1645.25,1646.08,53641543
2025-08-28,1646.27,1649.93,1635.19,1636.18,48531812
2025-08-29,1636.73,1652.14,1636.73,1646.47,48772057
2025-09-01,1647.1,1649.7,1643.68,1647.12,33559113
2025-09-02,1647.13,1649.95,1626.49,1632.74,49896210
2025-09-03,1633.06,1635.16,1617.68,1619.0,50872168
2025-09-04,1619.16,1632.36,1615.55,1629.72,50272297
2025-09-05,1629.82,1635.27,1625.88,1625.88,51342846
2025-09-08,1625.91,1636.81,1625.55,1632.64,38779748
2025-09-09,1632.84,1641.09,1631.58,1641.09,40962247
2025-09-10,1640.93,1653.18,1639.7,1653.18,53681612
2025-09-11,1653.47,1660.63,1649.36,1652.98,75176409
2025-09-12,1652.87,1656.99,1646.63,1654.62,48199005
2025-09-15,1654.62,1666.24,1653.95,1664.18,46242453
2025-09-16,1664.2,1665.32,1653.27,1657.19,48137707
2025-09-17,1657.42,1658.24,1647.3,1650.53,43853184
2025-09-18,1650.59,1659.54,1646.68,1651.25,46050505
2025-09-19,1651.29,1658.31,1645.49,1645.65,163337882
2025-09-22,1645.74,1648.29,1639.74,1641.51,55979143
2025-09-23,1641.54,1658.84,1641.54,1655.91,51732636
2025-09-24,1656.85,1664.22,1651.15,1662.61,54076591
2025-09-25,1662.53,1669.02,1655.92,1655.92,47595770
2025-09-26,1656.77,1666.42,1650.74,1662.43,47490037
2025-09-29,1662.42,1669.3,1656.52,1657.67,42098239
2025-09-30,1657.63,1657.63,1643.28,1644.57,53224059
2025-10-01,1644.53,1658.87,1644.52,1657.71,45794053
2025-10-02,1658.42,1660.71,1650.48,1650.48,35546259
2025-10-03,1650.55,1663.94,1650.55,1659.31,37962879
2025-10-06,1659.31,1670.25,1658.35,1668.04,42793524
2025-10-07,1668.04,1668.39,1649.49,1649.49,43629007
2025-10-08,1649.34,1655.91,1646.06,1652.36,44886127
2025-10-09,1652.51,1665.57,1651.1,1653.12,48140383
2025-10-10,1653.09,1657.82,1647.29,1650.86,60115076
2025-10-13,1650.83,1650.83,1633.99,1638.62,50748923
2025-10-14,1638.47,1638.47,1627.33,1632.14,52433838
2025-10-15,1632.14,1643.74,1632.01,1643.17,42451758
2025-10-16,1645.64,1645.64,1636.67,1643.87,43983064
2025-10-17,1643.82,1643.82,1606.13,1623.18,62087486
2025-10-20,1623.36,1633.94,1623.16,1628.46,39004284
2025-10-21,1628.59,1635.94,1624.11,1632.15,47469919
2025-10-22,1632.16,1636.65,1623.45,1627.71,72386099
2025-10-23,1627.76,1653.09,1627.76,1652.59,64988687
2025-10-24,1652.59,1653.2,1635.44,1642.83,46981844
2025-10-27,1644.7,1647.37,1637.84,1646.78,39957712
2025-10-28,1646.82,1646.92,1633.99,1638.19,39065532
2025-10-29,1639.64,1645.9,1629.57,1639.8,53623136
2025-10-30,1640.06,1641.36,1607.38,1607.59,59242110
2025-10-31,1607.62,1612.5,1603.05,1611.8,53673391
2025-11-03,1611.82,1621.88,1611.82,1619.26,50151240
2025-11-04,1619.18,1619.18,1599.91,1606.91,41910487
2025-11-05,1606.84,1612.21,1604.33,1609.67,48190368
2025-11-06,1610.34,1613.16,1600.27,1603.62,58013926
2025-11-07,1603.62,1610.97,1592.32,1599.21,50426292
2025-11-10,1599.47,1613.41,1599.44,1607.11,44799990
2025-11-11,1607.11,1616.91,1607.05,1616.91,43663182
2025-11-12,1617.47,1628.03,1616.94,1622.41,55296751
2025-11-13,1625.61,1625.74,1617.22,1623.58,41876487
2025-11-14,1624.02,1624.02,1603.75,1614.79,45916636
2025-11-17,1615.61,1626.02,1615.5,1619.15,34913012
2025-11-18,1619.25,1619.25,1585.34,1585.79,43190420
2025-11-19,1586.72,1598.38,1579.59,1583.83,46352770
2025-11-20,1583.76,1604.08,1583.76,1601.78,41562349
2025-11-21,1601.57,1601.57,1569.21,1583.67,55250022
2025-11-24,1583.62,1590.2,1577.02,1581.82,85960985
2025-11-25,1581.96,1592.74,1581.96,1585.53,57916900
2025-11-26,1585.53,1598.55,1585.53,1596.82,51365657
2025-11-27,1596.5,1609.55,1596.35,1608.34,50329542
2025-11-28,1608.34,1613.45,1606.41,1609.67,63672146
2025-12-01,1609.67,1609.82,1599.53,1605.87,45984897
2025-12-02,1605.94,1610.35,1601.93,1605.3,59635376
2025-12-03,1605.32,1621.49,1605.32,1616.0,60121022
2025-12-04,1615.97,1626.97,1613.07,1625.29,50750223
2025-12-05,1625.29,1636.0,1625.29,1632.45,45380398
2025-12-08,1632.9,1640.84,1629.32,1640.22,51501631
2025-12-09,1640.24,1645.68,1638.15,1638.15,52529745
2025-12-10,1638.13,1641.47,1628.34,1628.34,50454084
2025-12-11,1629.06,1643.67,1629.02,1641.11,50312454
2025-12-12,1641.13,1647.0,1639.2,1642.81,46692800
2025-12-15,1642.69,1650.38,1640.59,1647.08,47673391
2025-12-16,1647.03,1647.03,1635.99,1635.99,72219208
2025-12-17,1636.52,1653.55,1636.52,1649.54,57645351
2025-12-18,1649.54,1653.1,1647.15,1649.68,47450589
2025-12-19,1649.83,1663.39,1648.17,1660.14,109017567
2025-12-22,1661.18,1668.18,1657.58,1662.43,47390505
2025-12-23,1662.43,1668.43,1659.35,1666.51,45786047
2025-12-29,1666.9,1678.9,1666.41,1676.17,51788763
2025-12-30,1676.24,1690.75,1676.24,1687.77,47088583
2026-01-02,1687.7,1701.46,1687.7,1696.95,48421006
2026-01-05,1696.95,1710.94,1686.46,1686.98,60444201
2026-01-06,1686.93,1701.41,1686.93,1697.89,56187058
2026-01-07,1697.86,1698.4,1675.35,1681.32,91182733
2026-01-08,1681.53,1688.71,1681.26,1683.91,54958528
2026-01-09,1684.0,1701.9,1684.0,1697.17,58733005
2026-01-12,1697.1,1707.59,1697.04,1703.65,54953411
2026-01-13,1703.66,1722.61,1703.66,1717.28,70569401
2026-01-14,1715.54,1729.23,1709.02,1729.23,74717907
2026-01-15,1728.95,1731.49,1717.32,1731.49,62556500
2026-01-16,1731.5,1751.73,1730.24,1750.9,70143925
2026-01-19,1750.85,1750.85,1720.8,1721.71,59193279
2026-01-20,1720.05,1726.35,1710.21,1724.87,49467005
2026-01-21,1724.96,1732.13,1712.12,1731.94,58635819
2026-01-22,1732.48,1754.09,1723.46,1725.2,67750822
2026-01-23,1725.59,1734.66,1724.06,1733.38,57289390
2026-01-26,1733.41,1742.9,1733.41,1736.76,48359130
2026-01-27,1736.75,1749.38,1733.12,1742.8,60196965
2026-01-28,1742.9,1756.25,1742.65,1749.57,58082825
2026-01-29,1749.56,1767.57,1749.56,1756.57,72957855
2026-01-30,1755.74,1761.74,1747.63,1760.38,61925795
2026-02-02,1760.37,1760.37,1732.02,1757.17,61360048
2026-02-03,1758.13,1766.87,1751.53,1759.71,72135223
2026-02-04,1759.71,1774.31,1756.2,1765.77,67528780
2026-02-05,1765.41,1772.2,1753.04,1767.03,68505499
2026-02-06,1767.21,1816.11,1767.21,1816.11,70805210
2026-02-09,1816.11,1827.31,1814.03,1823.3,53087874
2026-02-10,1823.33,1830.08,1820.76,1825.59,72164596
2026-02-11,1825.55,1832.42,1821.87,1828.17,76758680
2026-02-12,1828.17,1840.95,1828.17,1838.06,99035847
2026-02-13,1838.34,1838.34,1812.21,1822.94,92025835
2026-02-16,1827.49,1829.32,1818.08,1827.51,63022128
2026-02-17,1827.36,1835.79,1816.77,1820.66,75551187
2026-02-18,1820.66,1858.8,1820.66,1858.76,70937029
2026-02-19,1858.85,1873.58,1855.9,1870.56,82707151
2026-02-20,1871.15,1884.15,1866.63,1884.15,80401301
2026-02-23,1884.1,1886.14,1864.44,1875.29,56530272
2026-02-24,1875.52,1881.55,1870.1,1877.2,69787117
2026-02-25,1877.66,1887.22,1875.33,1882.58,69061518
2026-02-26,1882.6,1889.57,1866.17,1875.3,66034722
2026-02-27,1875.32,1896.4,1875.04,1892.04,104921117
2026-03-02,1892.66,1931.78,1884.95,1914.86,148283003
2026-03-03,1914.66,1925.74,1878.61,1887.45,129076208
2026-03-04,1887.68,1910.55,1878.52,1908.06,86232273
2026-03-05,1908.55,1915.73,1900.11,1905.71,85309996
2026-03-06,1905.95,1910.06,1889.25,1904.18,98233731
2026-03-09,1903.95,1917.34,1892.59,1910.1,116744560
2026-03-10,1911.71,1912.71,1893.54,1905.68,86997192
2026-03-11,1906.54,1915.18,1894.28,1914.28,75701067
2026-03-12,1914.74,1939.03,1914.74,1937.55,95167651
2026-03-13,1937.55,1954.39,1934.35,1945.95,117994867
2026-03-16,1946.01,1967.93,1946.01,1966.63,90233428
2026-03-17,1966.51,1973.02,1960.6,1972.42,87956484
2026-03-18,1972.4,1993.33,1971.08,1986.11,93382286
2026-03-19,1986.11,2005.25,1985.52,1998.47,131669555
2026-03-20,1998.75,2001.92,1966.5,1966.5,194411542
2026-03-23,1966.44,1966.44,1922.24,1948.83,123568912
2026-03-24,1948.83,1958.7,1931.56,1956.18,67231093
2026-03-25,1956.12,1980.05,1955.42,1980.05,71837102
2026-03-26,1979.86,1988.05,1972.56,1988.05,86512160
2026-03-27,1990.01,1991.95,1965.8,1981.56,81582182
2026-03-30,1981.56,2038.35,1979.5,2037.84,90389465
2026-03-31,2039.02,2072.66,2028.18,2067.97,80249261
2026-04-01,2067.95,2073.56,2041.07,2053.05,65565414
2026-04-07,2053.12,2093.68,2053.12,2080.56,101302322
2026-04-08,2080.73,2084.78,2006.8,2022.97,134033960
2026-04-09,2023.86,2066.6,2023.86,2060.64,86923175
2026-04-10,2063.01,2063.15,2033.52,2043.61,83591210
2026-04-13,2045.61,2070.83,2045.19,2048.99,69967604
2026-04-14,2049.84,2052.41,2029.68,2032.97,92933311
2026-04-15,2032.94,2036.29,2019.49,2019.49,67346101
2026-04-16,2019.62,2020.81,2003.84,2017.43,73446202
2026-04-17,2018.74,2019.12,1963.81,1968.36,111951327
2026-04-20,1968.6,1991.94,1967.76,1980.01,65282929
2026-04-21,1980.27,1994.28,1980.25,1993.14,55447363
2026-04-22,2005.93,2010.1,1995.58,1997.57,64879377
2026-04-23,1998.06,2015.03,1995.09,2003.83,87957350
2026-04-24,2009.46,2017.67,1994.2,1994.27,77762509
2026-04-27,1994.4,2007.48,1984.6,1986.63,61890846
2026-04-28,1987.0,2009.93,1987.0,1993.31,86134810
2026-04-29,1993.64,2007.77,1992.41,1997.11,76665258
2026-04-30,1997.59,2019.38,1995.71,2018.63,82598776
2026-05-04,2019.71,2035.07,2019.71,2030.03,74434974
2026-05-05,2030.24,2041.23,2028.67,2033.72,71227560
2026-05-06,2033.48,2045.71,1989.39,2001.32,111831337
2026-05-07,2002.93,2002.93,1975.66,1979.14,80108476
2026-05-08,1982.83,1986.17,1969.84,1970.28,60462936
2026-05-11,1970.27,1986.43,1970.14,1977.32,57725811
2026-05-12,1978.85,1994.91,1977.91,1984.51,67605296
2026-05-13,1990.65,1995.15,1981.65,1985.91,65873069
2026-05-15,1986.74,2018.52,1986.74,2017.85,110391241
2026-05-18,2018.27,2040.59,2017.65,2039.95,63917963
2026-05-19,2039.95,2066.35,2039.86,2057.35,61418271
2026-05-20,2062.57,2069.67,2045.76,2057.39,71031725
2026-05-21,2057.58,2067.93,2054.07,2057.56,64137193
2026-05-22,2059.23,2060.04,2040.49,2043.5,62708223
2026-05-26,2043.93,2054.63,2028.45,2045.9,72370961
2026-05-27,2045.88,2045.88,2010.07,2010.12,81043335
2026-05-28,2011.5,2028.69,2009.92,2015.73,63061357
2026-05-29,2015.76,2020.97,1999.35,2000.29,217132815
2026-06-01,2000.58,2013.24,1999.14,2009.3,70025966
2026-06-02,2009.42,2011.12,1996.78,2007.62,84106735
2026-06-03,2009.16,2017.39,2005.82,2010.98,76909174
2026-06-04,2011.13,2011.13,1997.06,2001.72,63490177
2026-06-05,2001.32,2019.6,2000.7,2003.92,57728390
2026-06-08,2004.01,2014.04,1993.13,1993.13,73474867
2026-06-09,1993.16,2006.62,1988.26,1990.11,62630138
2026-06-10,1990.12,1996.77,1963.92,1981.96,66431036
2026-06-11,1983.8,2003.74,1982.19,2001.86,63372594
2026-06-12,2001.87,2003.49,1971.05,1995.22,78421698
2026-06-15,1995.25,1995.5,1956.91,1960.56,82484649
2026-06-16,1960.62,1969.76,1950.25,1951.27,76385771
2026-06-17,1951.28,1954.07,1936.48,1951.81,63471459
2026-06-18,1951.81,1953.14,1923.93,1927.39,70687966
2026-06-19,1927.56,1953.22,1927.53,1950.43,102565211
2026-06-22,1950.43,1956.57,1944.43,1946.67,55700663
2026-06-23,1946.94,1946.94,1925.74,1944.97,59208359
2026-06-24,1944.98,1947.56,1921.72,1926.78,69931838
2026-06-25,1926.82,1927.13,1909.79,1916.16,63572613
2026-06-26,1916.15,1916.15,1895.44,1900.57,53501595
2026-06-29,1900.92,1915.51,1900.92,1906.43,69733357
2026-06-30,1906.43,1914.42,1903.25,1906.79,63936585
2026-07-01,1906.95,1911.41,1896.25,1901.77,55940746
2026-07-02,1901.73,1938.45,1895.31,1930.16,47699948
2026-07-03,1930.17,1948.03,1929.74,1943.93,42892399
2026-07-06,1944.07,1950.53,1931.67,1938.16,40030997
2026-07-07,1938.2,1956.23,1938.2,1945.97,46365023
2026-07-08,1945.94,1966.55,1943.45,1956.76,67992840
2026-07-09,1956.95,1958.89,1940.4,1940.6,46659984
2026-07-10,1940.65,1940.65,1928.78,1932.39,43910919
2026-07-13,1932.4,1954.33,1931.41,1950.59,52419561
2026-07-14,1950.72,1967.65,1943.53,1964.13,59042808
2026-07-15,1964.06,1970.38,1958.91,1962.59,51648566
2026-07-16,1962.31,1962.31,1932.54,1941.31,59893250
2026-07-17,1941.31,1958.94,1931.34,1957.31,61474013
2026-07-20,1959.33,1970.64,1953.49,1953.49,46580127
2026-07-21,1953.27,1971.95,1952.82,1971.02,49712693
2026-07-22,1973.67,2006.64,1973.67,2002.1,52385049
2026-07-23,2002.08,2019.62,2002.06,2018.19,54895368
2026-07-24,2018.1,2018.1,1999.28,2007.53,47348192
